TEST_NAME,BAND,CH,PKT_TYPE,PAGAIN,PWR_MODE,HPA,P/F,VSWR,PHASE,SWP,VALUE
tx_pwr_avg,0,L,DH5,15,0,1500,Pass,1,0,,16.45
tx_pwr_avg,0,M,DH5,15,0,1500,Pass,1,0,,16.346
tx_pwr_avg,0,H,DH5,15,0,1500,Pass,1,0,,16.23
tx_pwr_avg,1,L,DH5,15,1,1500,Pass,1,0,,15.493
tx_pwr_avg,1,M,DH5,15,1,1500,Pass,1,0,,15.441
tx_pwr_avg,1,H,DH5,15,1,1500,Pass,1,0,,15.447
tx_pwr_avg,2,L,DH5,15,0,1500,Pass,1,0,,15.29
tx_pwr_avg,2,M,DH5,15,0,1500,Pass,1,0,,15.149
tx_pwr_avg,2,H,DH5,15,0,1500,Pass,1,0,,15.162
tx_pwr_avg,4,L,DH5,15,0,1500,Pass,1,0,,15.101
tx_pwr_avg,4,M,DH5,15,0,1500,Pass,1,0,,15.015
tx_pwr_avg,4,H,DH5,15,0,1500,Pass,1,0,,14.898
tx_pwr_avg,5,L,DH5,15,0,1500,Pass,1,0,,14.941
tx_pwr_avg,5,M,DH5,15,0,1500,Pass,1,0,,14.811
tx_pwr_avg,5,H,DH5,15,0,1500,Pass,1,0,,14.767
tx_pwr_avg,6,L,DH5,15,0,1500,Pass,1,0,,14.695
tx_pwr_avg,6,M,DH5,15,0,1500,Pass,1,0,,14.602
tx_pwr_avg,6,H,DH5,15,0,1500,Pass,1,0,,14.391
tx_pwr_avg,7,L,DH5,15,0,1500,Pass,1,0,,14.412
tx_pwr_avg,7,M,DH5,15,0,1500,Pass,1,0,,14.301
tx_pwr_avg,7,H,DH5,15,0,1500,Pass,1,0,,14.179
tx_pwr_DPSKPWR,0,L,8-DH5,15,0,1500,Pass,1,0,,13.574
tx_pwr_DPSKPWR,0,M,8-DH5,15,0,1500,Pass,1,0,,13.462
tx_pwr_DPSKPWR,0,H,8-DH5,15,0,1500,Pass,1,0,,13.341
tx_pwr_DPSKPWR,1,L,8-DH5,15,1,1500,Pass,1,0,,12.577
tx_pwr_DPSKPWR,1,M,8-DH5,15,1,1500,Pass,1,0,,12.509
tx_pwr_DPSKPWR,1,H,8-DH5,15,1,1500,Pass,1,0,,12.517
tx_pwr_DPSKPWR,2,L,8-DH5,15,0,1500,Pass,1,0,,12.373
tx_pwr_DPSKPWR,2,M,8-DH5,15,0,1500,Pass,1,0,,12.228
tx_pwr_DPSKPWR,2,H,8-DH5,15,0,1500,Pass,1,0,,12.239
tx_pwr_DPSKPWR,4,L,8-DH5,15,0,1500,Pass,1,0,,12.189
tx_pwr_DPSKPWR,4,M,8-DH5,15,0,1500,Pass,1,0,,12.082
tx_pwr_DPSKPWR,4,H,8-DH5,15,0,1500,Pass,1,0,,11.962
tx_pwr_DPSKPWR,5,L,8-DH5,15,0,1500,Pass,1,0,,11.987
tx_pwr_DPSKPWR,5,M,8-DH5,15,0,1500,Pass,1,0,,11.866
tx_pwr_DPSKPWR,5,H,8-DH5,15,0,1500,Pass,1,0,,11.817
tx_pwr_DPSKPWR,6,L,8-DH5,15,0,1500,Pass,1,0,,11.785
tx_pwr_DPSKPWR,6,M,8-DH5,15,0,1500,Pass,1,0,,11.65
tx_pwr_DPSKPWR,6,H,8-DH5,15,0,1500,Pass,1,0,,11.434
tx_pwr_DPSKPWR,7,L,8-DH5,15,0,1500,Pass,1,0,,11.516
tx_pwr_DPSKPWR,7,M,8-DH5,15,0,1500,Pass,1,0,,11.335
tx_pwr_DPSKPWR,7,H,8-DH5,15,0,1500,Pass,1,0,,11.211
tx_pwr_DPSKPWR,0,L,8-HDRP,15,0,1500,Pass,1,0,,13.25
tx_pwr_DPSKPWR,0,M,8-HDRP,15,0,1500,Pass,1,0,,13.136
tx_pwr_DPSKPWR,0,H,8-HDRP,15,0,1500,Pass,1,0,,13.017
tx_pwr_DPSKPWR,1,L,8-HDRP,15,1,1500,Pass,1,0,,12.249
tx_pwr_DPSKPWR,1,M,8-HDRP,15,1,1500,Pass,1,0,,12.186
tx_pwr_DPSKPWR,1,H,8-HDRP,15,1,1500,Pass,1,0,,12.194
tx_pwr_DPSKPWR,2,L,8-HDRP,15,0,1500,Pass,1,0,,12.052
tx_pwr_DPSKPWR,2,M,8-HDRP,15,0,1500,Pass,1,0,,11.908
tx_pwr_DPSKPWR,2,H,8-HDRP,15,0,1500,Pass,1,0,,11.919
tx_pwr_DPSKPWR,4,L,8-HDRP,15,0,1500,Pass,1,0,,11.87
tx_pwr_DPSKPWR,4,M,8-HDRP,15,0,1500,Pass,1,0,,11.759
tx_pwr_DPSKPWR,4,H,8-HDRP,15,0,1500,Pass,1,0,,11.639
tx_pwr_DPSKPWR,5,L,8-HDRP,15,0,1500,Pass,1,0,,11.666
tx_pwr_DPSKPWR,5,M,8-HDRP,15,0,1500,Pass,1,0,,11.54
tx_pwr_DPSKPWR,5,H,8-HDRP,15,0,1500,Pass,1,0,,11.492
tx_pwr_DPSKPWR,6,L,8-HDRP,15,0,1500,Pass,1,0,,11.455
tx_pwr_DPSKPWR,6,M,8-HDRP,15,0,1500,Pass,1,0,,11.323
tx_pwr_DPSKPWR,6,H,8-HDRP,15,0,1500,Pass,1,0,,11.11
tx_pwr_DPSKPWR,7,L,8-HDRP,15,0,1500,Pass,1,0,,11.193
tx_pwr_DPSKPWR,7,M,8-HDRP,15,0,1500,Pass,1,0,,11.049
tx_pwr_DPSKPWR,7,H,8-HDRP,15,0,1500,Pass,1,0,,10.927
tx_pwr_avg,0,M,DH5,15,0,1200,Pass,1,0,,14.378
tx_pwr_avg,1,M,DH5,15,1,1200,Pass,1,0,,13.555
tx_pwr_avg,2,M,DH5,15,0,1200,Pass,1,0,,13.23
tx_pwr_avg,4,M,DH5,15,0,1200,Pass,1,0,,13.081
tx_pwr_avg,5,M,DH5,15,0,1200,Pass,1,0,,12.867
tx_pwr_avg,6,M,DH5,15,0,1200,Pass,1,0,,12.655
tx_pwr_avg,7,M,DH5,15,0,1200,Pass,1,0,,12.35
tx_pwr_DPSKPWR,0,M,8-DH5,15,0,1200,Pass,1,0,,11.459
tx_pwr_DPSKPWR,1,M,8-DH5,15,1,1200,Pass,1,0,,10.633
tx_pwr_DPSKPWR,2,M,8-DH5,15,0,1200,Pass,1,0,,10.306
tx_pwr_DPSKPWR,4,M,8-DH5,15,0,1200,Pass,1,0,,10.155
tx_pwr_DPSKPWR,5,M,8-DH5,15,0,1200,Pass,1,0,,9.937
tx_pwr_DPSKPWR,6,M,8-DH5,15,0,1200,Pass,1,0,,9.729
tx_pwr_DPSKPWR,7,M,8-DH5,15,0,1200,Pass,1,0,,9.42
tx_pwr_DPSKPWR,0,M,8-HDRP,15,0,1200,Pass,1,0,,11.128
tx_pwr_DPSKPWR,1,M,8-HDRP,15,1,1200,Pass,1,0,,10.297
tx_pwr_DPSKPWR,2,M,8-HDRP,15,0,1200,Pass,1,0,,9.978
tx_pwr_DPSKPWR,4,M,8-HDRP,15,0,1200,Pass,1,0,,9.822
tx_pwr_DPSKPWR,5,M,8-HDRP,15,0,1200,Pass,1,0,,9.607
tx_pwr_DPSKPWR,6,M,8-HDRP,15,0,1200,Pass,1,0,,9.398
tx_pwr_DPSKPWR,7,M,8-HDRP,15,0,1200,Pass,1,0,,9.087
tx_pwr_avg,0,M,DH5,15,0,730,Pass,1,0,,9.574
tx_pwr_avg,1,M,DH5,15,1,730,Pass,1,0,,8.8
tx_pwr_avg,2,M,DH5,15,0,730,Pass,1,0,,8.508
tx_pwr_avg,4,M,DH5,15,0,730,Pass,1,0,,8.358
tx_pwr_avg,5,M,DH5,15,0,730,Pass,1,0,,8.147
tx_pwr_avg,6,M,DH5,15,0,730,Pass,1,0,,7.94
tx_pwr_avg,7,M,DH5,15,0,730,Pass,1,0,,7.631
tx_pwr_DPSKPWR,0,M,8-DH5,15,0,730,Pass,1,0,,6.607
tx_pwr_DPSKPWR,1,M,8-DH5,15,1,730,Pass,1,0,,5.941
tx_pwr_DPSKPWR,2,M,8-DH5,15,0,730,Pass,1,0,,5.635
tx_pwr_DPSKPWR,4,M,8-DH5,15,0,730,Pass,1,0,,5.48
tx_pwr_DPSKPWR,5,M,8-DH5,15,0,730,Pass,1,0,,5.261
tx_pwr_DPSKPWR,6,M,8-DH5,15,0,730,Pass,1,0,,5.045
tx_pwr_DPSKPWR,7,M,8-DH5,15,0,730,Pass,1,0,,4.731
tx_pwr_DPSKPWR,0,M,8-HDRP,15,0,730,Pass,1,0,,6.275
tx_pwr_DPSKPWR,1,M,8-HDRP,15,1,730,Pass,1,0,,5.606
tx_pwr_DPSKPWR,2,M,8-HDRP,15,0,730,Pass,1,0,,5.299
tx_pwr_DPSKPWR,4,M,8-HDRP,15,0,730,Pass,1,0,,5.141
tx_pwr_DPSKPWR,5,M,8-HDRP,15,0,730,Pass,1,0,,4.927
tx_pwr_DPSKPWR,6,M,8-HDRP,15,0,730,Pass,1,0,,4.711
tx_pwr_DPSKPWR,7,M,8-HDRP,15,0,730,Pass,1,0,,4.395
tx_pwr_avg,0,L,DH5,15,0,1500,Pass,2,0,,15.607
tx_pwr_avg,0,M,DH5,15,0,1500,Pass,2,0,,15.589
tx_pwr_avg,0,H,DH5,15,0,1500,Pass,2,0,,15.575
tx_pwr_avg,1,L,DH5,15,1,1500,Pass,2,0,,14.482
tx_pwr_avg,1,M,DH5,15,1,1500,Pass,2,0,,14.506
tx_pwr_avg,1,H,DH5,15,1,1500,Pass,2,0,,14.578
tx_pwr_avg,2,L,DH5,15,0,1500,Pass,2,0,,14.937
tx_pwr_avg,2,M,DH5,15,0,1500,Pass,2,0,,14.772
tx_pwr_avg,2,H,DH5,15,0,1500,Pass,2,0,,14.769
tx_pwr_avg,4,L,DH5,15,0,1500,Pass,2,0,,14.749
tx_pwr_avg,4,M,DH5,15,0,1500,Pass,2,0,,14.651
tx_pwr_avg,4,H,DH5,15,0,1500,Pass,2,0,,14.551
tx_pwr_avg,5,L,DH5,15,0,1500,Pass,2,0,,14.652
tx_pwr_avg,5,M,DH5,15,0,1500,Pass,2,0,,14.59
tx_pwr_avg,5,H,DH5,15,0,1500,Pass,2,0,,14.598
tx_pwr_avg,6,L,DH5,15,0,1500,Pass,2,0,,14.567
tx_pwr_avg,6,M,DH5,15,0,1500,Pass,2,0,,14.558
tx_pwr_avg,6,H,DH5,15,0,1500,Pass,2,0,,14.465
tx_pwr_avg,7,L,DH5,15,0,1500,Pass,2,0,,14.506
tx_pwr_avg,7,M,DH5,15,0,1500,Pass,2,0,,14.481
tx_pwr_avg,7,H,DH5,15,0,1500,Pass,2,0,,14.454
tx_pwr_DPSKPWR,0,L,8-DH5,15,0,1500,Pass,2,0,,12.705
tx_pwr_DPSKPWR,0,M,8-DH5,15,0,1500,Pass,2,0,,12.681
tx_pwr_DPSKPWR,0,H,8-DH5,15,0,1500,Pass,2,0,,12.667
tx_pwr_DPSKPWR,1,L,8-DH5,15,1,1500,Pass,2,0,,11.559
tx_pwr_DPSKPWR,1,M,8-DH5,15,1,1500,Pass,2,0,,11.576
tx_pwr_DPSKPWR,1,H,8-DH5,15,1,1500,Pass,2,0,,11.656
tx_pwr_DPSKPWR,2,L,8-DH5,15,0,1500,Pass,2,0,,12.039
tx_pwr_DPSKPWR,2,M,8-DH5,15,0,1500,Pass,2,0,,11.877
tx_pwr_DPSKPWR,2,H,8-DH5,15,0,1500,Pass,2,0,,11.876
tx_pwr_DPSKPWR,4,L,8-DH5,15,0,1500,Pass,2,0,,11.878
tx_pwr_DPSKPWR,4,M,8-DH5,15,0,1500,Pass,2,0,,11.775
tx_pwr_DPSKPWR,4,H,8-DH5,15,0,1500,Pass,2,0,,11.682
tx_pwr_DPSKPWR,5,L,8-DH5,15,0,1500,Pass,2,0,,11.735
tx_pwr_DPSKPWR,5,M,8-DH5,15,0,1500,Pass,2,0,,11.701
tx_pwr_DPSKPWR,5,H,8-DH5,15,0,1500,Pass,2,0,,11.71
tx_pwr_DPSKPWR,6,L,8-DH5,15,0,1500,Pass,2,0,,11.706
tx_pwr_DPSKPWR,6,M,8-DH5,15,0,1500,Pass,2,0,,11.671
tx_pwr_DPSKPWR,6,H,8-DH5,15,0,1500,Pass,2,0,,11.581
tx_pwr_DPSKPWR,7,L,8-DH5,15,0,1500,Pass,2,0,,11.683
tx_pwr_DPSKPWR,7,M,8-DH5,15,0,1500,Pass,2,0,,11.598
tx_pwr_DPSKPWR,7,H,8-DH5,15,0,1500,Pass,2,0,,11.579
tx_pwr_DPSKPWR,0,L,8-HDRP,15,0,1500,Pass,2,0,,12.373
tx_pwr_DPSKPWR,0,M,8-HDRP,15,0,1500,Pass,2,0,,12.351
tx_pwr_DPSKPWR,0,H,8-HDRP,15,0,1500,Pass,2,0,,12.335
tx_pwr_DPSKPWR,1,L,8-HDRP,15,1,1500,Pass,2,0,,11.228
tx_pwr_DPSKPWR,1,M,8-HDRP,15,1,1500,Pass,2,0,,11.247
tx_pwr_DPSKPWR,1,H,8-HDRP,15,1,1500,Pass,2,0,,11.329
tx_pwr_DPSKPWR,2,L,8-HDRP,15,0,1500,Pass,2,0,,11.719
tx_pwr_DPSKPWR,2,M,8-HDRP,15,0,1500,Pass,2,0,,11.56
tx_pwr_DPSKPWR,2,H,8-HDRP,15,0,1500,Pass,2,0,,11.56
tx_pwr_DPSKPWR,4,L,8-HDRP,15,0,1500,Pass,2,0,,11.57
tx_pwr_DPSKPWR,4,M,8-HDRP,15,0,1500,Pass,2,0,,11.461
tx_pwr_DPSKPWR,4,H,8-HDRP,15,0,1500,Pass,2,0,,11.372
tx_pwr_DPSKPWR,5,L,8-HDRP,15,0,1500,Pass,2,0,,11.423
tx_pwr_DPSKPWR,5,M,8-HDRP,15,0,1500,Pass,2,0,,11.391
tx_pwr_DPSKPWR,5,H,8-HDRP,15,0,1500,Pass,2,0,,11.395
tx_pwr_DPSKPWR,6,L,8-HDRP,15,0,1500,Pass,2,0,,11.395
tx_pwr_DPSKPWR,6,M,8-HDRP,15,0,1500,Pass,2,0,,11.356
tx_pwr_DPSKPWR,6,H,8-HDRP,15,0,1500,Pass,2,0,,11.258
tx_pwr_DPSKPWR,7,L,8-HDRP,15,0,1500,Pass,2,0,,11.358
tx_pwr_DPSKPWR,7,M,8-HDRP,15,0,1500,Pass,2,0,,11.273
tx_pwr_DPSKPWR,7,H,8-HDRP,15,0,1500,Pass,2,0,,11.255
tx_pwr_avg,0,M,DH5,15,0,1200,Pass,2,0,,13.611
tx_pwr_avg,1,M,DH5,15,1,1200,Pass,2,0,,12.613
tx_pwr_avg,2,M,DH5,15,0,1200,Pass,2,0,,12.862
tx_pwr_avg,4,M,DH5,15,0,1200,Pass,2,0,,12.701
tx_pwr_avg,5,M,DH5,15,0,1200,Pass,2,0,,12.683
tx_pwr_avg,6,M,DH5,15,0,1200,Pass,2,0,,12.648
tx_pwr_avg,7,M,DH5,15,0,1200,Pass,2,0,,12.574
tx_pwr_DPSKPWR,0,M,8-DH5,15,0,1200,Pass,2,0,,10.667
tx_pwr_DPSKPWR,1,M,8-DH5,15,1,1200,Pass,2,0,,9.65
tx_pwr_DPSKPWR,2,M,8-DH5,15,0,1200,Pass,2,0,,9.918
tx_pwr_DPSKPWR,4,M,8-DH5,15,0,1200,Pass,2,0,,9.76
tx_pwr_DPSKPWR,5,M,8-DH5,15,0,1200,Pass,2,0,,9.744
tx_pwr_DPSKPWR,6,M,8-DH5,15,0,1200,Pass,2,0,,9.705
tx_pwr_DPSKPWR,7,M,8-DH5,15,0,1200,Pass,2,0,,9.617
tx_pwr_DPSKPWR,0,M,8-HDRP,15,0,1200,Pass,2,0,,10.332
tx_pwr_DPSKPWR,1,M,8-HDRP,15,1,1200,Pass,2,0,,9.299
tx_pwr_DPSKPWR,2,M,8-HDRP,15,0,1200,Pass,2,0,,9.576
tx_pwr_DPSKPWR,4,M,8-HDRP,15,0,1200,Pass,2,0,,9.416
tx_pwr_DPSKPWR,5,M,8-HDRP,15,0,1200,Pass,2,0,,9.396
tx_pwr_DPSKPWR,6,M,8-HDRP,15,0,1200,Pass,2,0,,9.362
tx_pwr_DPSKPWR,7,M,8-HDRP,15,0,1200,Pass,2,0,,9.281
tx_pwr_avg,0,M,DH5,15,0,730,Pass,2,0,,8.823
tx_pwr_avg,1,M,DH5,15,1,730,Pass,2,0,,7.816
tx_pwr_avg,2,M,DH5,15,0,730,Pass,2,0,,8.098
tx_pwr_avg,4,M,DH5,15,0,730,Pass,2,0,,7.939
tx_pwr_avg,5,M,DH5,15,0,730,Pass,2,0,,7.918
tx_pwr_avg,6,M,DH5,15,0,730,Pass,2,0,,7.883
tx_pwr_avg,7,M,DH5,15,0,730,Pass,2,0,,7.809
tx_pwr_DPSKPWR,0,M,8-DH5,15,0,730,Pass,2,0,,5.866
tx_pwr_DPSKPWR,1,M,8-DH5,15,1,730,Pass,2,0,,4.935
tx_pwr_DPSKPWR,2,M,8-DH5,15,0,730,Pass,2,0,,5.201
tx_pwr_DPSKPWR,4,M,8-DH5,15,0,730,Pass,2,0,,5.04
tx_pwr_DPSKPWR,5,M,8-DH5,15,0,730,Pass,2,0,,5.014
tx_pwr_DPSKPWR,6,M,8-DH5,15,0,730,Pass,2,0,,4.98
tx_pwr_DPSKPWR,7,M,8-DH5,15,0,730,Pass,2,0,,4.896
tx_pwr_DPSKPWR,0,M,8-HDRP,15,0,730,Pass,2,0,,5.527
tx_pwr_DPSKPWR,1,M,8-HDRP,15,1,730,Pass,2,0,,4.592
tx_pwr_DPSKPWR,2,M,8-HDRP,15,0,730,Pass,2,0,,4.859
tx_pwr_DPSKPWR,4,M,8-HDRP,15,0,730,Pass,2,0,,4.695
tx_pwr_DPSKPWR,5,M,8-HDRP,15,0,730,Pass,2,0,,4.667
tx_pwr_DPSKPWR,6,M,8-HDRP,15,0,730,Pass,2,0,,4.635
tx_pwr_DPSKPWR,7,M,8-HDRP,15,0,730,Pass,2,0,,4.551
tx_pwr_avg,0,L,DH5,15,0,1500,Pass,2,30,,15.699
tx_pwr_avg,0,M,DH5,15,0,1500,Pass,2,30,,15.61
tx_pwr_avg,0,H,DH5,15,0,1500,Pass,2,30,,15.532
tx_pwr_avg,1,L,DH5,15,1,1500,Pass,2,30,,14.362
tx_pwr_avg,1,M,DH5,15,1,1500,Pass,2,30,,14.376
tx_pwr_avg,1,H,DH5,15,1,1500,Pass,2,30,,14.458
tx_pwr_avg,2,L,DH5,15,0,1500,Pass,2,30,,14.53
tx_pwr_avg,2,M,DH5,15,0,1500,Pass,2,30,,14.353
tx_pwr_avg,2,H,DH5,15,0,1500,Pass,2,30,,14.379
tx_pwr_avg,4,L,DH5,15,0,1500,Pass,2,30,,14.294
tx_pwr_avg,4,M,DH5,15,0,1500,Pass,2,30,,14.244
tx_pwr_avg,4,H,DH5,15,0,1500,Pass,2,30,,14.176
tx_pwr_avg,5,L,DH5,15,0,1500,Pass,2,30,,14.248
tx_pwr_avg,5,M,DH5,15,0,1500,Pass,2,30,,14.181
tx_pwr_avg,5,H,DH5,15,0,1500,Pass,2,30,,14.195
tx_pwr_avg,6,L,DH5,15,0,1500,Pass,2,30,,14.161
tx_pwr_avg,6,M,DH5,15,0,1500,Pass,2,30,,14.165
tx_pwr_avg,6,H,DH5,15,0,1500,Pass,2,30,,13.997
tx_pwr_avg,7,L,DH5,15,0,1500,Pass,2,30,,14.039
tx_pwr_avg,7,M,DH5,15,0,1500,Pass,2,30,,13.994
tx_pwr_avg,7,H,DH5,15,0,1500,Pass,2,30,,13.915
tx_pwr_DPSKPWR,0,L,8-DH5,15,0,1500,Pass,2,30,,12.796
tx_pwr_DPSKPWR,0,M,8-DH5,15,0,1500,Pass,2,30,,12.701
tx_pwr_DPSKPWR,0,H,8-DH5,15,0,1500,Pass,2,30,,12.617
tx_pwr_DPSKPWR,1,L,8-DH5,15,1,1500,Pass,2,30,,11.422
tx_pwr_DPSKPWR,1,M,8-DH5,15,1,1500,Pass,2,30,,11.428
tx_pwr_DPSKPWR,1,H,8-DH5,15,1,1500,Pass,2,30,,11.515
tx_pwr_DPSKPWR,2,L,8-DH5,15,0,1500,Pass,2,30,,11.613
tx_pwr_DPSKPWR,2,M,8-DH5,15,0,1500,Pass,2,30,,11.47
tx_pwr_DPSKPWR,2,H,8-DH5,15,0,1500,Pass,2,30,,11.505
tx_pwr_DPSKPWR,4,L,8-DH5,15,0,1500,Pass,2,30,,11.438
tx_pwr_DPSKPWR,4,M,8-DH5,15,0,1500,Pass,2,30,,11.369
tx_pwr_DPSKPWR,4,H,8-DH5,15,0,1500,Pass,2,30,,11.305
tx_pwr_DPSKPWR,5,L,8-DH5,15,0,1500,Pass,2,30,,11.331
tx_pwr_DPSKPWR,5,M,8-DH5,15,0,1500,Pass,2,30,,11.306
tx_pwr_DPSKPWR,5,H,8-DH5,15,0,1500,Pass,2,30,,11.321
tx_pwr_DPSKPWR,6,L,8-DH5,15,0,1500,Pass,2,30,,11.312
tx_pwr_DPSKPWR,6,M,8-DH5,15,0,1500,Pass,2,30,,11.269
tx_pwr_DPSKPWR,6,H,8-DH5,15,0,1500,Pass,2,30,,11.134
tx_pwr_DPSKPWR,7,L,8-DH5,15,0,1500,Pass,2,30,,11.236
tx_pwr_DPSKPWR,7,M,8-DH5,15,0,1500,Pass,2,30,,11.125
tx_pwr_DPSKPWR,7,H,8-DH5,15,0,1500,Pass,2,30,,11.035
tx_pwr_DPSKPWR,0,L,8-HDRP,15,0,1500,Pass,2,30,,12.465
tx_pwr_DPSKPWR,0,M,8-HDRP,15,0,1500,Pass,2,30,,12.369
tx_pwr_DPSKPWR,0,H,8-HDRP,15,0,1500,Pass,2,30,,12.283
tx_pwr_DPSKPWR,1,L,8-HDRP,15,1,1500,Pass,2,30,,11.098
tx_pwr_DPSKPWR,1,M,8-HDRP,15,1,1500,Pass,2,30,,11.107
tx_pwr_DPSKPWR,1,H,8-HDRP,15,1,1500,Pass,2,30,,11.189
tx_pwr_DPSKPWR,2,L,8-HDRP,15,0,1500,Pass,2,30,,11.293
tx_pwr_DPSKPWR,2,M,8-HDRP,15,0,1500,Pass,2,30,,11.118
tx_pwr_DPSKPWR,2,H,8-HDRP,15,0,1500,Pass,2,30,,11.144
tx_pwr_DPSKPWR,4,L,8-HDRP,15,0,1500,Pass,2,30,,11.077
tx_pwr_DPSKPWR,4,M,8-HDRP,15,0,1500,Pass,2,30,,11.012
tx_pwr_DPSKPWR,4,H,8-HDRP,15,0,1500,Pass,2,30,,10.946
tx_pwr_DPSKPWR,5,L,8-HDRP,15,0,1500,Pass,2,30,,10.978
tx_pwr_DPSKPWR,5,M,8-HDRP,15,0,1500,Pass,2,30,,10.949
tx_pwr_DPSKPWR,5,H,8-HDRP,15,0,1500,Pass,2,30,,10.96
tx_pwr_DPSKPWR,6,L,8-HDRP,15,0,1500,Pass,2,30,,10.955
tx_pwr_DPSKPWR,6,M,8-HDRP,15,0,1500,Pass,2,30,,10.91
tx_pwr_DPSKPWR,6,H,8-HDRP,15,0,1500,Pass,2,30,,10.779
tx_pwr_DPSKPWR,7,L,8-HDRP,15,0,1500,Pass,2,30,,10.877
tx_pwr_DPSKPWR,7,M,8-HDRP,15,0,1500,Pass,2,30,,10.771
tx_pwr_DPSKPWR,7,H,8-HDRP,15,0,1500,Pass,2,30,,10.686
tx_pwr_avg,0,M,DH5,15,0,1200,Pass,2,30,,13.628
tx_pwr_avg,1,M,DH5,15,1,1200,Pass,2,30,,12.472
tx_pwr_avg,2,M,DH5,15,0,1200,Pass,2,30,,12.429
tx_pwr_avg,4,M,DH5,15,0,1200,Pass,2,30,,12.327
tx_pwr_avg,5,M,DH5,15,0,1200,Pass,2,30,,12.266
tx_pwr_avg,6,M,DH5,15,0,1200,Pass,2,30,,12.231
tx_pwr_avg,7,M,DH5,15,0,1200,Pass,2,30,,12.094
tx_pwr_DPSKPWR,0,M,8-DH5,15,0,1200,Pass,2,30,,10.693
tx_pwr_DPSKPWR,1,M,8-DH5,15,1,1200,Pass,2,30,,9.559
tx_pwr_DPSKPWR,2,M,8-DH5,15,0,1200,Pass,2,30,,9.52
tx_pwr_DPSKPWR,4,M,8-DH5,15,0,1200,Pass,2,30,,9.426
tx_pwr_DPSKPWR,5,M,8-DH5,15,0,1200,Pass,2,30,,9.364
tx_pwr_DPSKPWR,6,M,8-DH5,15,0,1200,Pass,2,30,,9.336
tx_pwr_DPSKPWR,7,M,8-DH5,15,0,1200,Pass,2,30,,9.196
tx_pwr_DPSKPWR,0,M,8-HDRP,15,0,1200,Pass,2,30,,10.363
tx_pwr_DPSKPWR,1,M,8-HDRP,15,1,1200,Pass,2,30,,9.239
tx_pwr_DPSKPWR,2,M,8-HDRP,15,0,1200,Pass,2,30,,9.212
tx_pwr_DPSKPWR,4,M,8-HDRP,15,0,1200,Pass,2,30,,9.075
tx_pwr_DPSKPWR,5,M,8-HDRP,15,0,1200,Pass,2,30,,9.017
tx_pwr_DPSKPWR,6,M,8-HDRP,15,0,1200,Pass,2,30,,8.987
tx_pwr_DPSKPWR,7,M,8-HDRP,15,0,1200,Pass,2,30,,8.849
tx_pwr_avg,0,M,DH5,15,0,730,Pass,2,30,,8.853
tx_pwr_avg,1,M,DH5,15,1,730,Pass,2,30,,7.754
tx_pwr_avg,2,M,DH5,15,0,730,Pass,2,30,,7.735
tx_pwr_avg,4,M,DH5,15,0,730,Pass,2,30,,7.63
tx_pwr_avg,5,M,DH5,15,0,730,Pass,2,30,,7.578
tx_pwr_avg,6,M,DH5,15,0,730,Pass,2,30,,7.55
tx_pwr_avg,7,M,DH5,15,0,730,Pass,2,30,,7.409
tx_pwr_DPSKPWR,0,M,8-DH5,15,0,730,Pass,2,30,,5.912
tx_pwr_DPSKPWR,1,M,8-DH5,15,1,730,Pass,2,30,,4.915
tx_pwr_DPSKPWR,2,M,8-DH5,15,0,730,Pass,2,30,,4.832
tx_pwr_DPSKPWR,4,M,8-DH5,15,0,730,Pass,2,30,,4.717
tx_pwr_DPSKPWR,5,M,8-DH5,15,0,730,Pass,2,30,,4.656
tx_pwr_DPSKPWR,6,M,8-DH5,15,0,730,Pass,2,30,,4.625
tx_pwr_DPSKPWR,7,M,8-DH5,15,0,730,Pass,2,30,,4.479
tx_pwr_DPSKPWR,0,M,8-HDRP,15,0,730,Pass,2,30,,5.582
tx_pwr_DPSKPWR,1,M,8-HDRP,15,1,730,Pass,2,30,,4.561
tx_pwr_DPSKPWR,2,M,8-HDRP,15,0,730,Pass,2,30,,4.517
tx_pwr_DPSKPWR,4,M,8-HDRP,15,0,730,Pass,2,30,,4.403
tx_pwr_DPSKPWR,5,M,8-HDRP,15,0,730,Pass,2,30,,4.347
tx_pwr_DPSKPWR,6,M,8-HDRP,15,0,730,Pass,2,30,,4.311
tx_pwr_DPSKPWR,7,M,8-HDRP,15,0,730,Pass,2,30,,4.161
tx_pwr_avg,0,L,DH5,15,0,1500,Pass,2,60,,15.965
tx_pwr_avg,0,M,DH5,15,0,1500,Pass,2,60,,15.812
tx_pwr_avg,0,H,DH5,15,0,1500,Pass,2,60,,15.663
tx_pwr_avg,1,L,DH5,15,1,1500,Pass,2,60,,14.618
tx_pwr_avg,1,M,DH5,15,1,1500,Pass,2,60,,14.604
tx_pwr_avg,1,H,DH5,15,1,1500,Pass,2,60,,14.678
tx_pwr_avg,2,L,DH5,15,0,1500,Pass,2,60,,14.434
tx_pwr_avg,2,M,DH5,15,0,1500,Pass,2,60,,14.19
tx_pwr_avg,2,H,DH5,15,0,1500,Pass,2,60,,14.21
tx_pwr_avg,4,L,DH5,15,0,1500,Pass,2,60,,14.146
tx_pwr_avg,4,M,DH5,15,0,1500,Pass,2,60,,14.098
tx_pwr_avg,4,H,DH5,15,0,1500,Pass,2,60,,14.033
tx_pwr_avg,5,L,DH5,15,0,1500,Pass,2,60,,14.098
tx_pwr_avg,5,M,DH5,15,0,1500,Pass,2,60,,14.029
tx_pwr_avg,5,H,DH5,15,0,1500,Pass,2,60,,14.036
tx_pwr_avg,6,L,DH5,15,0,1500,Pass,2,60,,14
tx_pwr_avg,6,M,DH5,15,0,1500,Pass,2,60,,13.947
tx_pwr_avg,6,H,DH5,15,0,1500,Pass,2,60,,13.756
tx_pwr_avg,7,L,DH5,15,0,1500,Pass,2,60,,13.791
tx_pwr_avg,7,M,DH5,15,0,1500,Pass,2,60,,13.702
tx_pwr_avg,7,H,DH5,15,0,1500,Pass,2,60,,13.568
tx_pwr_DPSKPWR,0,L,8-DH5,15,0,1500,Pass,2,60,,13.091
tx_pwr_DPSKPWR,0,M,8-DH5,15,0,1500,Pass,2,60,,12.918
tx_pwr_DPSKPWR,0,H,8-DH5,15,0,1500,Pass,2,60,,12.762
tx_pwr_DPSKPWR,1,L,8-DH5,15,1,1500,Pass,2,60,,11.679
tx_pwr_DPSKPWR,1,M,8-DH5,15,1,1500,Pass,2,60,,11.66
tx_pwr_DPSKPWR,1,H,8-DH5,15,1,1500,Pass,2,60,,11.73
tx_pwr_DPSKPWR,2,L,8-DH5,15,0,1500,Pass,2,60,,11.494
tx_pwr_DPSKPWR,2,M,8-DH5,15,0,1500,Pass,2,60,,11.323
tx_pwr_DPSKPWR,2,H,8-DH5,15,0,1500,Pass,2,60,,11.338
tx_pwr_DPSKPWR,4,L,8-DH5,15,0,1500,Pass,2,60,,11.303
tx_pwr_DPSKPWR,4,M,8-DH5,15,0,1500,Pass,2,60,,11.194
tx_pwr_DPSKPWR,4,H,8-DH5,15,0,1500,Pass,2,60,,11.129
tx_pwr_DPSKPWR,5,L,8-DH5,15,0,1500,Pass,2,60,,11.171
tx_pwr_DPSKPWR,5,M,8-DH5,15,0,1500,Pass,2,60,,11.127
tx_pwr_DPSKPWR,5,H,8-DH5,15,0,1500,Pass,2,60,,11.14
tx_pwr_DPSKPWR,6,L,8-DH5,15,0,1500,Pass,2,60,,11.13
tx_pwr_DPSKPWR,6,M,8-DH5,15,0,1500,Pass,2,60,,11.045
tx_pwr_DPSKPWR,6,H,8-DH5,15,0,1500,Pass,2,60,,10.851
tx_pwr_DPSKPWR,7,L,8-DH5,15,0,1500,Pass,2,60,,10.966
tx_pwr_DPSKPWR,7,M,8-DH5,15,0,1500,Pass,2,60,,10.804
tx_pwr_DPSKPWR,7,H,8-DH5,15,0,1500,Pass,2,60,,10.666
tx_pwr_DPSKPWR,0,L,8-HDRP,15,0,1500,Pass,2,60,,12.769
tx_pwr_DPSKPWR,0,M,8-HDRP,15,0,1500,Pass,2,60,,12.596
tx_pwr_DPSKPWR,0,H,8-HDRP,15,0,1500,Pass,2,60,,12.439
tx_pwr_DPSKPWR,1,L,8-HDRP,15,1,1500,Pass,2,60,,11.354
tx_pwr_DPSKPWR,1,M,8-HDRP,15,1,1500,Pass,2,60,,11.337
tx_pwr_DPSKPWR,1,H,8-HDRP,15,1,1500,Pass,2,60,,11.401
tx_pwr_DPSKPWR,2,L,8-HDRP,15,0,1500,Pass,2,60,,11.166
tx_pwr_DPSKPWR,2,M,8-HDRP,15,0,1500,Pass,2,60,,10.997
tx_pwr_DPSKPWR,2,H,8-HDRP,15,0,1500,Pass,2,60,,10.978
tx_pwr_DPSKPWR,4,L,8-HDRP,15,0,1500,Pass,2,60,,10.94
tx_pwr_DPSKPWR,4,M,8-HDRP,15,0,1500,Pass,2,60,,10.865
tx_pwr_DPSKPWR,4,H,8-HDRP,15,0,1500,Pass,2,60,,10.795
tx_pwr_DPSKPWR,5,L,8-HDRP,15,0,1500,Pass,2,60,,10.834
tx_pwr_DPSKPWR,5,M,8-HDRP,15,0,1500,Pass,2,60,,10.787
tx_pwr_DPSKPWR,5,H,8-HDRP,15,0,1500,Pass,2,60,,10.795
tx_pwr_DPSKPWR,6,L,8-HDRP,15,0,1500,Pass,2,60,,10.783
tx_pwr_DPSKPWR,6,M,8-HDRP,15,0,1500,Pass,2,60,,10.694
tx_pwr_DPSKPWR,6,H,8-HDRP,15,0,1500,Pass,2,60,,10.499
tx_pwr_DPSKPWR,7,L,8-HDRP,15,0,1500,Pass,2,60,,10.604
tx_pwr_DPSKPWR,7,M,8-HDRP,15,0,1500,Pass,2,60,,10.436
tx_pwr_DPSKPWR,7,H,8-HDRP,15,0,1500,Pass,2,60,,10.296
tx_pwr_avg,0,M,DH5,15,0,1200,Pass,2,60,,13.855
tx_pwr_avg,1,M,DH5,15,1,1200,Pass,2,60,,12.678
tx_pwr_avg,2,M,DH5,15,0,1200,Pass,2,60,,12.266
tx_pwr_avg,4,M,DH5,15,0,1200,Pass,2,60,,12.158
tx_pwr_avg,5,M,DH5,15,0,1200,Pass,2,60,,12.086
tx_pwr_avg,6,M,DH5,15,0,1200,Pass,2,60,,11.984
tx_pwr_avg,7,M,DH5,15,0,1200,Pass,2,60,,11.736
tx_pwr_DPSKPWR,0,M,8-DH5,15,0,1200,Pass,2,60,,10.914
tx_pwr_DPSKPWR,1,M,8-DH5,15,1,1200,Pass,2,60,,9.708
tx_pwr_DPSKPWR,2,M,8-DH5,15,0,1200,Pass,2,60,,9.297
tx_pwr_DPSKPWR,4,M,8-DH5,15,0,1200,Pass,2,60,,9.193
tx_pwr_DPSKPWR,5,M,8-DH5,15,0,1200,Pass,2,60,,9.111
tx_pwr_DPSKPWR,6,M,8-DH5,15,0,1200,Pass,2,60,,9.009
tx_pwr_DPSKPWR,7,M,8-DH5,15,0,1200,Pass,2,60,,8.761
tx_pwr_DPSKPWR,0,M,8-HDRP,15,0,1200,Pass,2,60,,10.576
tx_pwr_DPSKPWR,1,M,8-HDRP,15,1,1200,Pass,2,60,,9.352
tx_pwr_DPSKPWR,2,M,8-HDRP,15,0,1200,Pass,2,60,,8.943
tx_pwr_DPSKPWR,4,M,8-HDRP,15,0,1200,Pass,2,60,,8.839
tx_pwr_DPSKPWR,5,M,8-HDRP,15,0,1200,Pass,2,60,,8.754
tx_pwr_DPSKPWR,6,M,8-HDRP,15,0,1200,Pass,2,60,,8.691
tx_pwr_DPSKPWR,7,M,8-HDRP,15,0,1200,Pass,2,60,,8.45
tx_pwr_avg,0,M,DH5,15,0,730,Pass,2,60,,9.056
tx_pwr_avg,1,M,DH5,15,1,730,Pass,2,60,,7.898
tx_pwr_avg,2,M,DH5,15,0,730,Pass,2,60,,7.51
tx_pwr_avg,4,M,DH5,15,0,730,Pass,2,60,,7.406
tx_pwr_avg,5,M,DH5,15,0,730,Pass,2,60,,7.325
tx_pwr_avg,6,M,DH5,15,0,730,Pass,2,60,,7.224
tx_pwr_avg,7,M,DH5,15,0,730,Pass,2,60,,6.979
tx_pwr_DPSKPWR,0,M,8-DH5,15,0,730,Pass,2,60,,6.114
tx_pwr_DPSKPWR,1,M,8-DH5,15,1,730,Pass,2,60,,5.007
tx_pwr_DPSKPWR,2,M,8-DH5,15,0,730,Pass,2,60,,4.583
tx_pwr_DPSKPWR,4,M,8-DH5,15,0,730,Pass,2,60,,4.471
tx_pwr_DPSKPWR,5,M,8-DH5,15,0,730,Pass,2,60,,4.384
tx_pwr_DPSKPWR,6,M,8-DH5,15,0,730,Pass,2,60,,4.311
tx_pwr_DPSKPWR,7,M,8-DH5,15,0,730,Pass,2,60,,4.063
tx_pwr_DPSKPWR,0,M,8-HDRP,15,0,730,Pass,2,60,,5.783
tx_pwr_DPSKPWR,1,M,8-HDRP,15,1,730,Pass,2,60,,4.693
tx_pwr_DPSKPWR,2,M,8-HDRP,15,0,730,Pass,2,60,,4.274
tx_pwr_DPSKPWR,4,M,8-HDRP,15,0,730,Pass,2,60,,4.152
tx_pwr_DPSKPWR,5,M,8-HDRP,15,0,730,Pass,2,60,,4.072
tx_pwr_DPSKPWR,6,M,8-HDRP,15,0,730,Pass,2,60,,3.961
tx_pwr_DPSKPWR,7,M,8-HDRP,15,0,730,Pass,2,60,,3.71
tx_pwr_avg,0,L,DH5,15,0,1500,Pass,2,90,,16.331
tx_pwr_avg,0,M,DH5,15,0,1500,Pass,2,90,,16.117
tx_pwr_avg,0,H,DH5,15,0,1500,Pass,2,90,,15.897
tx_pwr_avg,1,L,DH5,15,1,1500,Pass,2,90,,14.925
tx_pwr_avg,1,M,DH5,15,1,1500,Pass,2,90,,14.873
tx_pwr_avg,1,H,DH5,15,1,1500,Pass,2,90,,14.899
tx_pwr_avg,2,L,DH5,15,0,1500,Pass,2,90,,14.358
tx_pwr_avg,2,M,DH5,15,0,1500,Pass,2,90,,14.187
tx_pwr_avg,2,H,DH5,15,0,1500,Pass,2,90,,14.189
tx_pwr_avg,4,L,DH5,15,0,1500,Pass,2,90,,14.139
tx_pwr_avg,4,M,DH5,15,0,1500,Pass,2,90,,14.111
tx_pwr_avg,4,H,DH5,15,0,1500,Pass,2,90,,14.032
tx_pwr_avg,5,L,DH5,15,0,1500,Pass,2,90,,14.085
tx_pwr_avg,5,M,DH5,15,0,1500,Pass,2,90,,13.989
tx_pwr_avg,5,H,DH5,15,0,1500,Pass,2,90,,13.965
tx_pwr_avg,6,L,DH5,15,0,1500,Pass,2,90,,13.897
tx_pwr_avg,6,M,DH5,15,0,1500,Pass,2,90,,13.811
tx_pwr_avg,6,H,DH5,15,0,1500,Pass,2,90,,13.587
tx_pwr_avg,7,L,DH5,15,0,1500,Pass,2,90,,13.589
tx_pwr_avg,7,M,DH5,15,0,1500,Pass,2,90,,13.445
tx_pwr_avg,7,H,DH5,15,0,1500,Pass,2,90,,13.256
tx_pwr_DPSKPWR,0,L,8-DH5,15,0,1500,Pass,2,90,,13.462
tx_pwr_DPSKPWR,0,M,8-DH5,15,0,1500,Pass,2,90,,13.224
tx_pwr_DPSKPWR,0,H,8-DH5,15,0,1500,Pass,2,90,,13.003
tx_pwr_DPSKPWR,1,L,8-DH5,15,1,1500,Pass,2,90,,12.024
tx_pwr_DPSKPWR,1,M,8-DH5,15,1,1500,Pass,2,90,,11.957
tx_pwr_DPSKPWR,1,H,8-DH5,15,1,1500,Pass,2,90,,11.989
tx_pwr_DPSKPWR,2,L,8-DH5,15,0,1500,Pass,2,90,,11.453
tx_pwr_DPSKPWR,2,M,8-DH5,15,0,1500,Pass,2,90,,11.28
tx_pwr_DPSKPWR,2,H,8-DH5,15,0,1500,Pass,2,90,,11.285
tx_pwr_DPSKPWR,4,L,8-DH5,15,0,1500,Pass,2,90,,11.256
tx_pwr_DPSKPWR,4,M,8-DH5,15,0,1500,Pass,2,90,,11.17
tx_pwr_DPSKPWR,4,H,8-DH5,15,0,1500,Pass,2,90,,11.09
tx_pwr_DPSKPWR,5,L,8-DH5,15,0,1500,Pass,2,90,,11.123
tx_pwr_DPSKPWR,5,M,8-DH5,15,0,1500,Pass,2,90,,11.039
tx_pwr_DPSKPWR,5,H,8-DH5,15,0,1500,Pass,2,90,,11.017
tx_pwr_DPSKPWR,6,L,8-DH5,15,0,1500,Pass,2,90,,10.987
tx_pwr_DPSKPWR,6,M,8-DH5,15,0,1500,Pass,2,90,,10.858
tx_pwr_DPSKPWR,6,H,8-DH5,15,0,1500,Pass,2,90,,10.638
tx_pwr_DPSKPWR,7,L,8-DH5,15,0,1500,Pass,2,90,,10.712
tx_pwr_DPSKPWR,7,M,8-DH5,15,0,1500,Pass,2,90,,10.492
tx_pwr_DPSKPWR,7,H,8-DH5,15,0,1500,Pass,2,90,,10.306
tx_pwr_DPSKPWR,0,L,8-HDRP,15,0,1500,Pass,2,90,,13.135
tx_pwr_DPSKPWR,0,M,8-HDRP,15,0,1500,Pass,2,90,,12.895
tx_pwr_DPSKPWR,0,H,8-HDRP,15,0,1500,Pass,2,90,,12.67
tx_pwr_DPSKPWR,1,L,8-HDRP,15,1,1500,Pass,2,90,,11.66
tx_pwr_DPSKPWR,1,M,8-HDRP,15,1,1500,Pass,2,90,,11.594
tx_pwr_DPSKPWR,1,H,8-HDRP,15,1,1500,Pass,2,90,,11.62
tx_pwr_DPSKPWR,2,L,8-HDRP,15,0,1500,Pass,2,90,,11.086
tx_pwr_DPSKPWR,2,M,8-HDRP,15,0,1500,Pass,2,90,,10.91
tx_pwr_DPSKPWR,2,H,8-HDRP,15,0,1500,Pass,2,90,,10.913
tx_pwr_DPSKPWR,4,L,8-HDRP,15,0,1500,Pass,2,90,,10.882
tx_pwr_DPSKPWR,4,M,8-HDRP,15,0,1500,Pass,2,90,,10.801
tx_pwr_DPSKPWR,4,H,8-HDRP,15,0,1500,Pass,2,90,,10.751
tx_pwr_DPSKPWR,5,L,8-HDRP,15,0,1500,Pass,2,90,,10.784
tx_pwr_DPSKPWR,5,M,8-HDRP,15,0,1500,Pass,2,90,,10.703
tx_pwr_DPSKPWR,5,H,8-HDRP,15,0,1500,Pass,2,90,,10.675
tx_pwr_DPSKPWR,6,L,8-HDRP,15,0,1500,Pass,2,90,,10.648
tx_pwr_DPSKPWR,6,M,8-HDRP,15,0,1500,Pass,2,90,,10.522
tx_pwr_DPSKPWR,6,H,8-HDRP,15,0,1500,Pass,2,90,,10.299
tx_pwr_DPSKPWR,7,L,8-HDRP,15,0,1500,Pass,2,90,,10.376
tx_pwr_DPSKPWR,7,M,8-HDRP,15,0,1500,Pass,2,90,,10.158
tx_pwr_DPSKPWR,7,H,8-HDRP,15,0,1500,Pass,2,90,,9.971
tx_pwr_avg,0,M,DH5,15,0,1200,Pass,2,90,,14.145
tx_pwr_avg,1,M,DH5,15,1,1200,Pass,2,90,,12.976
tx_pwr_avg,2,M,DH5,15,0,1200,Pass,2,90,,12.239
tx_pwr_avg,4,M,DH5,15,0,1200,Pass,2,90,,12.131
tx_pwr_avg,5,M,DH5,15,0,1200,Pass,2,90,,12.002
tx_pwr_avg,6,M,DH5,15,0,1200,Pass,2,90,,11.822
tx_pwr_avg,7,M,DH5,15,0,1200,Pass,2,90,,11.463
tx_pwr_DPSKPWR,0,M,8-DH5,15,0,1200,Pass,2,90,,11.212
tx_pwr_DPSKPWR,1,M,8-DH5,15,1,1200,Pass,2,90,,10.061
tx_pwr_DPSKPWR,2,M,8-DH5,15,0,1200,Pass,2,90,,9.316
tx_pwr_DPSKPWR,4,M,8-DH5,15,0,1200,Pass,2,90,,9.206
tx_pwr_DPSKPWR,5,M,8-DH5,15,0,1200,Pass,2,90,,9.07
tx_pwr_DPSKPWR,6,M,8-DH5,15,0,1200,Pass,2,90,,8.896
tx_pwr_DPSKPWR,7,M,8-DH5,15,0,1200,Pass,2,90,,8.536
tx_pwr_DPSKPWR,0,M,8-HDRP,15,0,1200,Pass,2,90,,10.879
tx_pwr_DPSKPWR,1,M,8-HDRP,15,1,1200,Pass,2,90,,9.717
tx_pwr_DPSKPWR,2,M,8-HDRP,15,0,1200,Pass,2,90,,8.971
tx_pwr_DPSKPWR,4,M,8-HDRP,15,0,1200,Pass,2,90,,8.863
tx_pwr_DPSKPWR,5,M,8-HDRP,15,0,1200,Pass,2,90,,8.735
tx_pwr_DPSKPWR,6,M,8-HDRP,15,0,1200,Pass,2,90,,8.561
tx_pwr_DPSKPWR,7,M,8-HDRP,15,0,1200,Pass,2,90,,8.203
tx_pwr_avg,0,M,DH5,15,0,730,Pass,2,90,,9.34
tx_pwr_avg,1,M,DH5,15,1,730,Pass,2,90,,8.248
tx_pwr_avg,2,M,DH5,15,0,730,Pass,2,90,,7.531
tx_pwr_avg,4,M,DH5,15,0,730,Pass,2,90,,7.428
tx_pwr_avg,5,M,DH5,15,0,730,Pass,2,90,,7.301
tx_pwr_avg,6,M,DH5,15,0,730,Pass,2,90,,7.128
tx_pwr_avg,7,M,DH5,15,0,730,Pass,2,90,,6.766
tx_pwr_DPSKPWR,0,M,8-DH5,15,0,730,Pass,2,90,,6.409
tx_pwr_DPSKPWR,1,M,8-DH5,15,1,730,Pass,2,90,,5.441
tx_pwr_DPSKPWR,2,M,8-DH5,15,0,730,Pass,2,90,,4.685
tx_pwr_DPSKPWR,4,M,8-DH5,15,0,730,Pass,2,90,,4.572
tx_pwr_DPSKPWR,5,M,8-DH5,15,0,730,Pass,2,90,,4.433
tx_pwr_DPSKPWR,6,M,8-DH5,15,0,730,Pass,2,90,,4.258
tx_pwr_DPSKPWR,7,M,8-DH5,15,0,730,Pass,2,90,,3.896
tx_pwr_DPSKPWR,0,M,8-HDRP,15,0,730,Pass,2,90,,6.084
tx_pwr_DPSKPWR,1,M,8-HDRP,15,1,730,Pass,2,90,,5.098
tx_pwr_DPSKPWR,2,M,8-HDRP,15,0,730,Pass,2,90,,4.337
tx_pwr_DPSKPWR,4,M,8-HDRP,15,0,730,Pass,2,90,,4.221
tx_pwr_DPSKPWR,5,M,8-HDRP,15,0,730,Pass,2,90,,4.084
tx_pwr_DPSKPWR,6,M,8-HDRP,15,0,730,Pass,2,90,,3.904
tx_pwr_DPSKPWR,7,M,8-HDRP,15,0,730,Pass,2,90,,3.533
tx_pwr_avg,0,L,DH5,15,0,1500,Pass,2,120,,16.744
tx_pwr_avg,0,M,DH5,15,0,1500,Pass,2,120,,16.5
tx_pwr_avg,0,H,DH5,15,0,1500,Pass,2,120,,16.23
tx_pwr_avg,1,L,DH5,15,1,1500,Pass,2,120,,15.49
tx_pwr_avg,1,M,DH5,15,1,1500,Pass,2,120,,15.41
tx_pwr_avg,1,H,DH5,15,1,1500,Pass,2,120,,15.403
tx_pwr_avg,2,L,DH5,15,0,1500,Pass,2,120,,14.675
tx_pwr_avg,2,M,DH5,15,0,1500,Pass,2,120,,14.519
tx_pwr_avg,2,H,DH5,15,0,1500,Pass,2,120,,14.526
tx_pwr_avg,4,L,DH5,15,0,1500,Pass,2,120,,14.474
tx_pwr_avg,4,M,DH5,15,0,1500,Pass,2,120,,14.396
tx_pwr_avg,4,H,DH5,15,0,1500,Pass,2,120,,14.302
tx_pwr_avg,5,L,DH5,15,0,1500,Pass,2,120,,14.346
tx_pwr_avg,5,M,DH5,15,0,1500,Pass,2,120,,14.174
tx_pwr_avg,5,H,DH5,15,0,1500,Pass,2,120,,14.141
tx_pwr_avg,6,L,DH5,15,0,1500,Pass,2,120,,14.056
tx_pwr_avg,6,M,DH5,15,0,1500,Pass,2,120,,13.926
tx_pwr_avg,6,H,DH5,15,0,1500,Pass,2,120,,13.654
tx_pwr_avg,7,L,DH5,15,0,1500,Pass,2,120,,13.633
tx_pwr_avg,7,M,DH5,15,0,1500,Pass,2,120,,13.459
tx_pwr_avg,7,H,DH5,15,0,1500,Pass,2,120,,13.247
tx_pwr_DPSKPWR,0,L,8-DH5,15,0,1500,Pass,2,120,,13.918
tx_pwr_DPSKPWR,0,M,8-DH5,15,0,1500,Pass,2,120,,13.648
tx_pwr_DPSKPWR,0,H,8-DH5,15,0,1500,Pass,2,120,,13.361
tx_pwr_DPSKPWR,1,L,8-DH5,15,1,1500,Pass,2,120,,12.62
tx_pwr_DPSKPWR,1,M,8-DH5,15,1,1500,Pass,2,120,,12.489
tx_pwr_DPSKPWR,1,H,8-DH5,15,1,1500,Pass,2,120,,12.485
tx_pwr_DPSKPWR,2,L,8-DH5,15,0,1500,Pass,2,120,,11.738
tx_pwr_DPSKPWR,2,M,8-DH5,15,0,1500,Pass,2,120,,11.568
tx_pwr_DPSKPWR,2,H,8-DH5,15,0,1500,Pass,2,120,,11.571
tx_pwr_DPSKPWR,4,L,8-DH5,15,0,1500,Pass,2,120,,11.54
tx_pwr_DPSKPWR,4,M,8-DH5,15,0,1500,Pass,2,120,,11.439
tx_pwr_DPSKPWR,4,H,8-DH5,15,0,1500,Pass,2,120,,11.34
tx_pwr_DPSKPWR,5,L,8-DH5,15,0,1500,Pass,2,120,,11.365
tx_pwr_DPSKPWR,5,M,8-DH5,15,0,1500,Pass,2,120,,11.24
tx_pwr_DPSKPWR,5,H,8-DH5,15,0,1500,Pass,2,120,,11.193
tx_pwr_DPSKPWR,6,L,8-DH5,15,0,1500,Pass,2,120,,11.154
tx_pwr_DPSKPWR,6,M,8-DH5,15,0,1500,Pass,2,120,,10.963
tx_pwr_DPSKPWR,6,H,8-DH5,15,0,1500,Pass,2,120,,10.708
tx_pwr_DPSKPWR,7,L,8-DH5,15,0,1500,Pass,2,120,,10.771
tx_pwr_DPSKPWR,7,M,8-DH5,15,0,1500,Pass,2,120,,10.513
tx_pwr_DPSKPWR,7,H,8-DH5,15,0,1500,Pass,2,120,,10.295
tx_pwr_DPSKPWR,0,L,8-HDRP,15,0,1500,Pass,2,120,,13.599
tx_pwr_DPSKPWR,0,M,8-HDRP,15,0,1500,Pass,2,120,,13.32
tx_pwr_DPSKPWR,0,H,8-HDRP,15,0,1500,Pass,2,120,,13.034
tx_pwr_DPSKPWR,1,L,8-HDRP,15,1,1500,Pass,2,120,,12.281
tx_pwr_DPSKPWR,1,M,8-HDRP,15,1,1500,Pass,2,120,,12.157
tx_pwr_DPSKPWR,1,H,8-HDRP,15,1,1500,Pass,2,120,,12.146
tx_pwr_DPSKPWR,2,L,8-HDRP,15,0,1500,Pass,2,120,,11.398
tx_pwr_DPSKPWR,2,M,8-HDRP,15,0,1500,Pass,2,120,,11.23
tx_pwr_DPSKPWR,2,H,8-HDRP,15,0,1500,Pass,2,120,,11.233
tx_pwr_DPSKPWR,4,L,8-HDRP,15,0,1500,Pass,2,120,,11.198
tx_pwr_DPSKPWR,4,M,8-HDRP,15,0,1500,Pass,2,120,,11.096
tx_pwr_DPSKPWR,4,H,8-HDRP,15,0,1500,Pass,2,120,,10.998
tx_pwr_DPSKPWR,5,L,8-HDRP,15,0,1500,Pass,2,120,,11.024
tx_pwr_DPSKPWR,5,M,8-HDRP,15,0,1500,Pass,2,120,,10.9
tx_pwr_DPSKPWR,5,H,8-HDRP,15,0,1500,Pass,2,120,,10.855
tx_pwr_DPSKPWR,6,L,8-HDRP,15,0,1500,Pass,2,120,,10.804
tx_pwr_DPSKPWR,6,M,8-HDRP,15,0,1500,Pass,2,120,,10.618
tx_pwr_DPSKPWR,6,H,8-HDRP,15,0,1500,Pass,2,120,,10.364
tx_pwr_DPSKPWR,7,L,8-HDRP,15,0,1500,Pass,2,120,,10.423
tx_pwr_DPSKPWR,7,M,8-HDRP,15,0,1500,Pass,2,120,,10.161
tx_pwr_DPSKPWR,7,H,8-HDRP,15,0,1500,Pass,2,120,,9.952
tx_pwr_avg,0,M,DH5,15,0,1200,Pass,2,120,,14.556
tx_pwr_avg,1,M,DH5,15,1,1200,Pass,2,120,,13.519
tx_pwr_avg,2,M,DH5,15,0,1200,Pass,2,120,,12.524
tx_pwr_avg,4,M,DH5,15,0,1200,Pass,2,120,,12.4
tx_pwr_avg,5,M,DH5,15,0,1200,Pass,2,120,,12.203
tx_pwr_avg,6,M,DH5,15,0,1200,Pass,2,120,,11.927
tx_pwr_avg,7,M,DH5,15,0,1200,Pass,2,120,,11.477
tx_pwr_DPSKPWR,0,M,8-DH5,15,0,1200,Pass,2,120,,11.643
tx_pwr_DPSKPWR,1,M,8-DH5,15,1,1200,Pass,2,120,,10.593
tx_pwr_DPSKPWR,2,M,8-DH5,15,0,1200,Pass,2,120,,9.581
tx_pwr_DPSKPWR,4,M,8-DH5,15,0,1200,Pass,2,120,,9.451
tx_pwr_DPSKPWR,5,M,8-DH5,15,0,1200,Pass,2,120,,9.255
tx_pwr_DPSKPWR,6,M,8-DH5,15,0,1200,Pass,2,120,,8.972
tx_pwr_DPSKPWR,7,M,8-DH5,15,0,1200,Pass,2,120,,8.52
tx_pwr_DPSKPWR,0,M,8-HDRP,15,0,1200,Pass,2,120,,11.314
tx_pwr_DPSKPWR,1,M,8-HDRP,15,1,1200,Pass,2,120,,10.251
tx_pwr_DPSKPWR,2,M,8-HDRP,15,0,1200,Pass,2,120,,9.243
tx_pwr_DPSKPWR,4,M,8-HDRP,15,0,1200,Pass,2,120,,9.115
tx_pwr_DPSKPWR,5,M,8-HDRP,15,0,1200,Pass,2,120,,8.917
tx_pwr_DPSKPWR,6,M,8-HDRP,15,0,1200,Pass,2,120,,8.635
tx_pwr_DPSKPWR,7,M,8-HDRP,15,0,1200,Pass,2,120,,8.181
tx_pwr_avg,0,M,DH5,15,0,730,Pass,2,120,,9.744
tx_pwr_avg,1,M,DH5,15,1,730,Pass,2,120,,8.763
tx_pwr_avg,2,M,DH5,15,0,730,Pass,2,120,,7.787
tx_pwr_avg,4,M,DH5,15,0,730,Pass,2,120,,7.698
tx_pwr_avg,5,M,DH5,15,0,730,Pass,2,120,,7.511
tx_pwr_avg,6,M,DH5,15,0,730,Pass,2,120,,7.228
tx_pwr_avg,7,M,DH5,15,0,730,Pass,2,120,,6.77
tx_pwr_DPSKPWR,0,M,8-DH5,15,0,730,Pass,2,120,,6.795
tx_pwr_DPSKPWR,1,M,8-DH5,15,1,730,Pass,2,120,,5.96
tx_pwr_DPSKPWR,2,M,8-DH5,15,0,730,Pass,2,120,,4.948
tx_pwr_DPSKPWR,4,M,8-DH5,15,0,730,Pass,2,120,,4.81
tx_pwr_DPSKPWR,5,M,8-DH5,15,0,730,Pass,2,120,,4.604
tx_pwr_DPSKPWR,6,M,8-DH5,15,0,730,Pass,2,120,,4.318
tx_pwr_DPSKPWR,7,M,8-DH5,15,0,730,Pass,2,120,,3.851
tx_pwr_DPSKPWR,0,M,8-HDRP,15,0,730,Pass,2,120,,6.466
tx_pwr_DPSKPWR,1,M,8-HDRP,15,1,730,Pass,2,120,,5.624
tx_pwr_DPSKPWR,2,M,8-HDRP,15,0,730,Pass,2,120,,4.617
tx_pwr_DPSKPWR,4,M,8-HDRP,15,0,730,Pass,2,120,,4.439
tx_pwr_DPSKPWR,5,M,8-HDRP,15,0,730,Pass,2,120,,4.238
tx_pwr_DPSKPWR,6,M,8-HDRP,15,0,730,Pass,2,120,,3.942
tx_pwr_DPSKPWR,7,M,8-HDRP,15,0,730,Pass,2,120,,3.48
tx_pwr_avg,0,L,DH5,15,0,1500,Pass,2,150,,17.104
tx_pwr_avg,0,M,DH5,15,0,1500,Pass,2,150,,16.855
tx_pwr_avg,0,H,DH5,15,0,1500,Pass,2,150,,16.577
tx_pwr_avg,1,L,DH5,15,1,1500,Pass,2,150,,15.997
tx_pwr_avg,1,M,DH5,15,1,1500,Pass,2,150,,15.888
tx_pwr_avg,1,H,DH5,15,1,1500,Pass,2,150,,15.855
tx_pwr_avg,2,L,DH5,15,0,1500,Pass,2,150,,15.047
tx_pwr_avg,2,M,DH5,15,0,1500,Pass,2,150,,14.884
tx_pwr_avg,2,H,DH5,15,0,1500,Pass,2,150,,14.92
tx_pwr_avg,4,L,DH5,15,0,1500,Pass,2,150,,14.863
tx_pwr_avg,4,M,DH5,15,0,1500,Pass,2,150,,14.774
tx_pwr_avg,4,H,DH5,15,0,1500,Pass,2,150,,14.66
tx_pwr_avg,5,L,DH5,15,0,1500,Pass,2,150,,14.671
tx_pwr_avg,5,M,DH5,15,0,1500,Pass,2,150,,14.536
tx_pwr_avg,5,H,DH5,15,0,1500,Pass,2,150,,14.459
tx_pwr_avg,6,L,DH5,15,0,1500,Pass,2,150,,14.374
tx_pwr_avg,6,M,DH5,15,0,1500,Pass,2,150,,14.175
tx_pwr_avg,6,H,DH5,15,0,1500,Pass,2,150,,13.899
tx_pwr_avg,7,L,DH5,15,0,1500,Pass,2,150,,13.868
tx_pwr_avg,7,M,DH5,15,0,1500,Pass,2,150,,13.681
tx_pwr_avg,7,H,DH5,15,0,1500,Pass,2,150,,13.473
tx_pwr_DPSKPWR,0,L,8-DH5,15,0,1500,Pass,2,150,,14.311
tx_pwr_DPSKPWR,0,M,8-DH5,15,0,1500,Pass,2,150,,14.048
tx_pwr_DPSKPWR,0,H,8-DH5,15,0,1500,Pass,2,150,,13.752
tx_pwr_DPSKPWR,1,L,8-DH5,15,1,1500,Pass,2,150,,13.187
tx_pwr_DPSKPWR,1,M,8-DH5,15,1,1500,Pass,2,150,,13.057
tx_pwr_DPSKPWR,1,H,8-DH5,15,1,1500,Pass,2,150,,13.016
tx_pwr_DPSKPWR,2,L,8-DH5,15,0,1500,Pass,2,150,,12.172
tx_pwr_DPSKPWR,2,M,8-DH5,15,0,1500,Pass,2,150,,12.002
tx_pwr_DPSKPWR,2,H,8-DH5,15,0,1500,Pass,2,150,,12.037
tx_pwr_DPSKPWR,4,L,8-DH5,15,0,1500,Pass,2,150,,11.987
tx_pwr_DPSKPWR,4,M,8-DH5,15,0,1500,Pass,2,150,,11.876
tx_pwr_DPSKPWR,4,H,8-DH5,15,0,1500,Pass,2,150,,11.754
tx_pwr_DPSKPWR,5,L,8-DH5,15,0,1500,Pass,2,150,,11.745
tx_pwr_DPSKPWR,5,M,8-DH5,15,0,1500,Pass,2,150,,11.609
tx_pwr_DPSKPWR,5,H,8-DH5,15,0,1500,Pass,2,150,,11.53
tx_pwr_DPSKPWR,6,L,8-DH5,15,0,1500,Pass,2,150,,11.486
tx_pwr_DPSKPWR,6,M,8-DH5,15,0,1500,Pass,2,150,,11.227
tx_pwr_DPSKPWR,6,H,8-DH5,15,0,1500,Pass,2,150,,10.947
tx_pwr_DPSKPWR,7,L,8-DH5,15,0,1500,Pass,2,150,,10.994
tx_pwr_DPSKPWR,7,M,8-DH5,15,0,1500,Pass,2,150,,10.719
tx_pwr_DPSKPWR,7,H,8-DH5,15,0,1500,Pass,2,150,,10.506
tx_pwr_DPSKPWR,0,L,8-HDRP,15,0,1500,Pass,2,150,,13.996
tx_pwr_DPSKPWR,0,M,8-HDRP,15,0,1500,Pass,2,150,,13.729
tx_pwr_DPSKPWR,0,H,8-HDRP,15,0,1500,Pass,2,150,,13.43
tx_pwr_DPSKPWR,1,L,8-HDRP,15,1,1500,Pass,2,150,,12.857
tx_pwr_DPSKPWR,1,M,8-HDRP,15,1,1500,Pass,2,150,,12.728
tx_pwr_DPSKPWR,1,H,8-HDRP,15,1,1500,Pass,2,150,,12.682
tx_pwr_DPSKPWR,2,L,8-HDRP,15,0,1500,Pass,2,150,,11.833
tx_pwr_DPSKPWR,2,M,8-HDRP,15,0,1500,Pass,2,150,,11.664
tx_pwr_DPSKPWR,2,H,8-HDRP,15,0,1500,Pass,2,150,,11.696
tx_pwr_DPSKPWR,4,L,8-HDRP,15,0,1500,Pass,2,150,,11.638
tx_pwr_DPSKPWR,4,M,8-HDRP,15,0,1500,Pass,2,150,,11.527
tx_pwr_DPSKPWR,4,H,8-HDRP,15,0,1500,Pass,2,150,,11.4
tx_pwr_DPSKPWR,5,L,8-HDRP,15,0,1500,Pass,2,150,,11.389
tx_pwr_DPSKPWR,5,M,8-HDRP,15,0,1500,Pass,2,150,,11.243
tx_pwr_DPSKPWR,5,H,8-HDRP,15,0,1500,Pass,2,150,,11.171
tx_pwr_DPSKPWR,6,L,8-HDRP,15,0,1500,Pass,2,150,,11.12
tx_pwr_DPSKPWR,6,M,8-HDRP,15,0,1500,Pass,2,150,,10.867
tx_pwr_DPSKPWR,6,H,8-HDRP,15,0,1500,Pass,2,150,,10.582
tx_pwr_DPSKPWR,7,L,8-HDRP,15,0,1500,Pass,2,150,,10.628
tx_pwr_DPSKPWR,7,M,8-HDRP,15,0,1500,Pass,2,150,,10.349
tx_pwr_DPSKPWR,7,H,8-HDRP,15,0,1500,Pass,2,150,,10.131
tx_pwr_avg,0,M,DH5,15,0,1200,Pass,2,150,,14.95
tx_pwr_avg,1,M,DH5,15,1,1200,Pass,2,150,,14.06
tx_pwr_avg,2,M,DH5,15,0,1200,Pass,2,150,,12.951
tx_pwr_avg,4,M,DH5,15,0,1200,Pass,2,150,,12.815
tx_pwr_avg,5,M,DH5,15,0,1200,Pass,2,150,,12.532
tx_pwr_avg,6,M,DH5,15,0,1200,Pass,2,150,,12.159
tx_pwr_avg,7,M,DH5,15,0,1200,Pass,2,150,,11.654
tx_pwr_DPSKPWR,0,M,8-DH5,15,0,1200,Pass,2,150,,12.054
tx_pwr_DPSKPWR,1,M,8-DH5,15,1,1200,Pass,2,150,,11.18
tx_pwr_DPSKPWR,2,M,8-DH5,15,0,1200,Pass,2,150,,10.036
tx_pwr_DPSKPWR,4,M,8-DH5,15,0,1200,Pass,2,150,,9.892
tx_pwr_DPSKPWR,5,M,8-DH5,15,0,1200,Pass,2,150,,9.621
tx_pwr_DPSKPWR,6,M,8-DH5,15,0,1200,Pass,2,150,,9.23
tx_pwr_DPSKPWR,7,M,8-DH5,15,0,1200,Pass,2,150,,8.722
tx_pwr_DPSKPWR,0,M,8-HDRP,15,0,1200,Pass,2,150,,11.722
tx_pwr_DPSKPWR,1,M,8-HDRP,15,1,1200,Pass,2,150,,10.837
tx_pwr_DPSKPWR,2,M,8-HDRP,15,0,1200,Pass,2,150,,9.69
tx_pwr_DPSKPWR,4,M,8-HDRP,15,0,1200,Pass,2,150,,9.546
tx_pwr_DPSKPWR,5,M,8-HDRP,15,0,1200,Pass,2,150,,9.27
tx_pwr_DPSKPWR,6,M,8-HDRP,15,0,1200,Pass,2,150,,8.881
tx_pwr_DPSKPWR,7,M,8-HDRP,15,0,1200,Pass,2,150,,8.369
tx_pwr_avg,0,M,DH5,15,0,730,Pass,2,150,,10.12
tx_pwr_avg,1,M,DH5,15,1,730,Pass,2,150,,9.319
tx_pwr_avg,2,M,DH5,15,0,730,Pass,2,150,,8.217
tx_pwr_avg,4,M,DH5,15,0,730,Pass,2,150,,8.083
tx_pwr_avg,5,M,DH5,15,0,730,Pass,2,150,,7.809
tx_pwr_avg,6,M,DH5,15,0,730,Pass,2,150,,7.425
tx_pwr_avg,7,M,DH5,15,0,730,Pass,2,150,,6.91
tx_pwr_DPSKPWR,0,M,8-DH5,15,0,730,Pass,2,150,,7.15
tx_pwr_DPSKPWR,1,M,8-DH5,15,1,730,Pass,2,150,,6.475
tx_pwr_DPSKPWR,2,M,8-DH5,15,0,730,Pass,2,150,,5.348
tx_pwr_DPSKPWR,4,M,8-DH5,15,0,730,Pass,2,150,,5.205
tx_pwr_DPSKPWR,5,M,8-DH5,15,0,730,Pass,2,150,,4.913
tx_pwr_DPSKPWR,6,M,8-DH5,15,0,730,Pass,2,150,,4.518
tx_pwr_DPSKPWR,7,M,8-DH5,15,0,730,Pass,2,150,,4
tx_pwr_DPSKPWR,0,M,8-HDRP,15,0,730,Pass,2,150,,6.832
tx_pwr_DPSKPWR,1,M,8-HDRP,15,1,730,Pass,2,150,,6.142
tx_pwr_DPSKPWR,2,M,8-HDRP,15,0,730,Pass,2,150,,5.014
tx_pwr_DPSKPWR,4,M,8-HDRP,15,0,730,Pass,2,150,,4.861
tx_pwr_DPSKPWR,5,M,8-HDRP,15,0,730,Pass,2,150,,4.573
tx_pwr_DPSKPWR,6,M,8-HDRP,15,0,730,Pass,2,150,,4.218
tx_pwr_DPSKPWR,7,M,8-HDRP,15,0,730,Pass,2,150,,3.693
tx_pwr_avg,0,L,DH5,15,0,1500,Pass,2,180,,17.373
tx_pwr_avg,0,M,DH5,15,0,1500,Pass,2,180,,17.185
tx_pwr_avg,0,H,DH5,15,0,1500,Pass,2,180,,16.966
tx_pwr_avg,1,L,DH5,15,1,1500,Pass,2,180,,16.59
tx_pwr_avg,1,M,DH5,15,1,1500,Pass,2,180,,16.491
tx_pwr_avg,1,H,DH5,15,1,1500,Pass,2,180,,16.438
tx_pwr_avg,2,L,DH5,15,0,1500,Pass,2,180,,15.773
tx_pwr_avg,2,M,DH5,15,0,1500,Pass,2,180,,15.626
tx_pwr_avg,2,H,DH5,15,0,1500,Pass,2,180,,15.645
tx_pwr_avg,4,L,DH5,15,0,1500,Pass,2,180,,15.533
tx_pwr_avg,4,M,DH5,15,0,1500,Pass,2,180,,15.399
tx_pwr_avg,4,H,DH5,15,0,1500,Pass,2,180,,15.229
tx_pwr_avg,5,L,DH5,15,0,1500,Pass,2,180,,15.241
tx_pwr_avg,5,M,DH5,15,0,1500,Pass,2,180,,15.07
tx_pwr_avg,5,H,DH5,15,0,1500,Pass,2,180,,14.96
tx_pwr_avg,6,L,DH5,15,0,1500,Pass,2,180,,14.855
tx_pwr_avg,6,M,DH5,15,0,1500,Pass,2,180,,14.678
tx_pwr_avg,6,H,DH5,15,0,1500,Pass,2,180,,14.392
tx_pwr_avg,7,L,DH5,15,0,1500,Pass,2,180,,14.371
tx_pwr_avg,7,M,DH5,15,0,1500,Pass,2,180,,14.182
tx_pwr_avg,7,H,DH5,15,0,1500,Pass,2,180,,13.995
tx_pwr_DPSKPWR,0,L,8-HDRP,15,0,1500,Pass,2,180,,14.274
tx_pwr_DPSKPWR,0,M,8-HDRP,15,0,1500,Pass,2,180,,14.065
tx_pwr_DPSKPWR,0,H,8-HDRP,15,0,1500,Pass,2,180,,13.826
tx_pwr_DPSKPWR,1,L,8-HDRP,15,1,1500,Pass,2,180,,13.476
tx_pwr_DPSKPWR,1,M,8-HDRP,15,1,1500,Pass,2,180,,13.36
tx_pwr_DPSKPWR,1,H,8-HDRP,15,1,1500,Pass,2,180,,13.304
tx_pwr_DPSKPWR,2,L,8-HDRP,15,0,1500,Pass,2,180,,12.605
tx_pwr_DPSKPWR,2,M,8-HDRP,15,0,1500,Pass,2,180,,12.452
tx_pwr_DPSKPWR,2,H,8-HDRP,15,0,1500,Pass,2,180,,12.47
tx_pwr_DPSKPWR,4,L,8-HDRP,15,0,1500,Pass,2,180,,12.358
tx_pwr_DPSKPWR,4,M,8-HDRP,15,0,1500,Pass,2,180,,12.197
tx_pwr_DPSKPWR,4,H,8-HDRP,15,0,1500,Pass,2,180,,12.014
tx_pwr_DPSKPWR,5,L,8-HDRP,15,0,1500,Pass,2,180,,12.044
tx_pwr_DPSKPWR,5,M,8-HDRP,15,0,1500,Pass,2,180,,11.844
tx_pwr_DPSKPWR,5,H,8-HDRP,15,0,1500,Pass,2,180,,11.733
tx_pwr_DPSKPWR,6,L,8-HDRP,15,0,1500,Pass,2,180,,11.666
tx_pwr_DPSKPWR,6,M,8-HDRP,15,0,1500,Pass,2,180,,11.442
tx_pwr_DPSKPWR,6,H,8-HDRP,15,0,1500,Pass,2,180,,11.151
tx_pwr_DPSKPWR,7,L,8-HDRP,15,0,1500,Pass,2,180,,11.202
tx_pwr_DPSKPWR,7,M,8-HDRP,15,0,1500,Pass,2,180,,10.937
tx_pwr_DPSKPWR,7,H,8-HDRP,15,0,1500,Pass,2,180,,10.75
tx_pwr_DPSKPWR,0,L,8-DH5,15,0,1500,Pass,2,180,,14.573
tx_pwr_DPSKPWR,0,M,8-DH5,15,0,1500,Pass,2,180,,14.361
tx_pwr_DPSKPWR,0,H,8-DH5,15,0,1500,Pass,2,180,,14.126
tx_pwr_DPSKPWR,1,L,8-DH5,15,1,1500,Pass,2,180,,13.799
tx_pwr_DPSKPWR,1,M,8-DH5,15,1,1500,Pass,2,180,,13.686
tx_pwr_DPSKPWR,1,H,8-DH5,15,1,1500,Pass,2,180,,13.638
tx_pwr_DPSKPWR,2,L,8-DH5,15,0,1500,Pass,2,180,,12.938
tx_pwr_DPSKPWR,2,M,8-DH5,15,0,1500,Pass,2,180,,12.784
tx_pwr_DPSKPWR,2,H,8-DH5,15,0,1500,Pass,2,180,,12.808
tx_pwr_DPSKPWR,4,L,8-DH5,15,0,1500,Pass,2,180,,12.664
tx_pwr_DPSKPWR,4,M,8-DH5,15,0,1500,Pass,2,180,,12.504
tx_pwr_DPSKPWR,4,H,8-DH5,15,0,1500,Pass,2,180,,12.324
tx_pwr_DPSKPWR,5,L,8-DH5,15,0,1500,Pass,2,180,,12.356
tx_pwr_DPSKPWR,5,M,8-DH5,15,0,1500,Pass,2,180,,12.157
tx_pwr_DPSKPWR,5,H,8-DH5,15,0,1500,Pass,2,180,,12.043
tx_pwr_DPSKPWR,6,L,8-DH5,15,0,1500,Pass,2,180,,11.975
tx_pwr_DPSKPWR,6,M,8-DH5,15,0,1500,Pass,2,180,,11.755
tx_pwr_DPSKPWR,6,H,8-DH5,15,0,1500,Pass,2,180,,11.468
tx_pwr_DPSKPWR,7,L,8-DH5,15,0,1500,Pass,2,180,,11.516
tx_pwr_DPSKPWR,7,M,8-DH5,15,0,1500,Pass,2,180,,11.248
tx_pwr_DPSKPWR,7,H,8-DH5,15,0,1500,Pass,2,180,,11.061
tx_pwr_avg,0,M,DH5,15,0,1200,Pass,2,180,,15.278
tx_pwr_avg,1,M,DH5,15,1,1200,Pass,2,180,,14.638
tx_pwr_avg,2,M,DH5,15,0,1200,Pass,2,180,,13.734
tx_pwr_avg,4,M,DH5,15,0,1200,Pass,2,180,,13.481
tx_pwr_avg,5,M,DH5,15,0,1200,Pass,2,180,,13.133
tx_pwr_avg,6,M,DH5,15,0,1200,Pass,2,180,,12.72
tx_pwr_avg,7,M,DH5,15,0,1200,Pass,2,180,,12.209
tx_pwr_DPSKPWR,0,M,8-HDRP,15,0,730,Pass,2,180,,7.117
tx_pwr_DPSKPWR,1,M,8-HDRP,15,1,730,Pass,2,180,,6.663
tx_pwr_DPSKPWR,2,M,8-HDRP,15,0,730,Pass,2,180,,5.807
tx_pwr_DPSKPWR,4,M,8-HDRP,15,0,730,Pass,2,180,,5.523
tx_pwr_DPSKPWR,5,M,8-HDRP,15,0,730,Pass,2,180,,5.14
tx_pwr_DPSKPWR,6,M,8-HDRP,15,0,730,Pass,2,180,,4.705
tx_pwr_DPSKPWR,7,M,8-HDRP,15,0,730,Pass,2,180,,4.181
tx_pwr_DPSKPWR,0,M,8-DH5,15,0,730,Pass,2,180,,7.431
tx_pwr_DPSKPWR,1,M,8-DH5,15,1,730,Pass,2,180,,6.982
tx_pwr_DPSKPWR,2,M,8-DH5,15,0,730,Pass,2,180,,6.094
tx_pwr_DPSKPWR,4,M,8-DH5,15,0,730,Pass,2,180,,5.829
tx_pwr_DPSKPWR,5,M,8-DH5,15,0,730,Pass,2,180,,5.449
tx_pwr_DPSKPWR,6,M,8-DH5,15,0,730,Pass,2,180,,5.026
tx_pwr_DPSKPWR,7,M,8-DH5,15,0,730,Pass,2,180,,4.504
tx_pwr_avg,0,M,DH5,15,0,730,Pass,2,180,,10.421
tx_pwr_avg,1,M,DH5,15,1,730,Pass,2,180,,9.807
tx_pwr_avg,2,M,DH5,15,0,730,Pass,2,180,,8.923
tx_pwr_avg,4,M,DH5,15,0,730,Pass,2,180,,8.67
tx_pwr_avg,5,M,DH5,15,0,730,Pass,2,180,,8.3
tx_pwr_avg,6,M,DH5,15,0,730,Pass,2,180,,7.888
tx_pwr_avg,7,M,DH5,15,0,730,Pass,2,180,,7.38
tx_pwr_DPSKPWR,0,M,8-HDRP,15,0,1200,Pass,2,180,,12.036
tx_pwr_DPSKPWR,1,M,8-HDRP,15,1,1200,Pass,2,180,,11.31
tx_pwr_DPSKPWR,2,M,8-HDRP,15,0,1200,Pass,2,180,,10.385
tx_pwr_DPSKPWR,4,M,8-HDRP,15,0,1200,Pass,2,180,,10.12
tx_pwr_DPSKPWR,5,M,8-HDRP,15,0,1200,Pass,2,180,,9.744
tx_pwr_DPSKPWR,6,M,8-HDRP,15,0,1200,Pass,2,180,,9.319
tx_pwr_DPSKPWR,7,M,8-HDRP,15,0,1200,Pass,2,180,,8.845
tx_pwr_DPSKPWR,0,M,8-DH5,15,0,1200,Pass,2,180,,12.351
tx_pwr_DPSKPWR,1,M,8-DH5,15,1,1200,Pass,2,180,,11.625
tx_pwr_DPSKPWR,2,M,8-DH5,15,0,1200,Pass,2,180,,10.713
tx_pwr_DPSKPWR,4,M,8-DH5,15,0,1200,Pass,2,180,,10.451
tx_pwr_DPSKPWR,5,M,8-DH5,15,0,1200,Pass,2,180,,10.082
tx_pwr_DPSKPWR,6,M,8-DH5,15,0,1200,Pass,2,180,,9.67
tx_pwr_DPSKPWR,7,M,8-DH5,15,0,1200,Pass,2,180,,9.207
tx_pwr_avg,0,L,DH5,15,0,1500,Pass,2,210,,17.192
tx_pwr_avg,0,M,DH5,15,0,1500,Pass,2,210,,17.076
tx_pwr_avg,0,H,DH5,15,0,1500,Pass,2,210,,16.935
tx_pwr_avg,1,L,DH5,15,1,1500,Pass,2,210,,16.628
tx_pwr_avg,1,M,DH5,15,1,1500,Pass,2,210,,16.495
tx_pwr_avg,1,H,DH5,15,1,1500,Pass,2,210,,16.412
tx_pwr_avg,2,L,DH5,15,0,1500,Pass,2,210,,15.964
tx_pwr_avg,2,M,DH5,15,0,1500,Pass,2,210,,15.851
tx_pwr_avg,2,H,DH5,15,0,1500,Pass,2,210,,15.877
tx_pwr_avg,4,L,DH5,15,0,1500,Pass,2,210,,15.805
tx_pwr_avg,4,M,DH5,15,0,1500,Pass,2,210,,15.69
tx_pwr_avg,4,H,DH5,15,0,1500,Pass,2,210,,15.499
tx_pwr_avg,5,L,DH5,15,0,1500,Pass,2,210,,15.537
tx_pwr_avg,5,M,DH5,15,0,1500,Pass,2,210,,15.341
tx_pwr_avg,5,H,DH5,15,0,1500,Pass,2,210,,15.235
tx_pwr_avg,6,L,DH5,15,0,1500,Pass,2,210,,15.124
tx_pwr_avg,6,M,DH5,15,0,1500,Pass,2,210,,14.943
tx_pwr_avg,6,H,DH5,15,0,1500,Pass,2,210,,14.677
tx_pwr_avg,7,L,DH5,15,0,1500,Pass,2,210,,14.659
tx_pwr_avg,7,M,DH5,15,0,1500,Pass,2,210,,14.496
tx_pwr_avg,7,H,DH5,15,0,1500,Pass,2,210,,14.304
tx_pwr_DPSKPWR,0,L,8-DH5,15,0,1500,Pass,2,210,,14.426
tx_pwr_DPSKPWR,0,M,8-DH5,15,0,1500,Pass,2,210,,14.302
tx_pwr_DPSKPWR,0,H,8-DH5,15,0,1500,Pass,2,210,,14.155
tx_pwr_DPSKPWR,1,L,8-DH5,15,1,1500,Pass,2,210,,13.862
tx_pwr_DPSKPWR,1,M,8-DH5,15,1,1500,Pass,2,210,,13.728
tx_pwr_DPSKPWR,1,H,8-DH5,15,1,1500,Pass,2,210,,13.649
tx_pwr_DPSKPWR,2,L,8-DH5,15,0,1500,Pass,2,210,,13.203
tx_pwr_DPSKPWR,2,M,8-DH5,15,0,1500,Pass,2,210,,13.081
tx_pwr_DPSKPWR,2,H,8-DH5,15,0,1500,Pass,2,210,,13.094
tx_pwr_DPSKPWR,4,L,8-DH5,15,0,1500,Pass,2,210,,13.03
tx_pwr_DPSKPWR,4,M,8-DH5,15,0,1500,Pass,2,210,,12.891
tx_pwr_DPSKPWR,4,H,8-DH5,15,0,1500,Pass,2,210,,12.696
tx_pwr_DPSKPWR,5,L,8-DH5,15,0,1500,Pass,2,210,,12.723
tx_pwr_DPSKPWR,5,M,8-DH5,15,0,1500,Pass,2,210,,12.535
tx_pwr_DPSKPWR,5,H,8-DH5,15,0,1500,Pass,2,210,,12.416
tx_pwr_DPSKPWR,6,L,8-DH5,15,0,1500,Pass,2,210,,12.34
tx_pwr_DPSKPWR,6,M,8-DH5,15,0,1500,Pass,2,210,,12.108
tx_pwr_DPSKPWR,6,H,8-DH5,15,0,1500,Pass,2,210,,11.837
tx_pwr_DPSKPWR,7,L,8-DH5,15,0,1500,Pass,2,210,,11.89
tx_pwr_DPSKPWR,7,M,8-DH5,15,0,1500,Pass,2,210,,11.642
tx_pwr_DPSKPWR,7,H,8-DH5,15,0,1500,Pass,2,210,,11.457
tx_pwr_DPSKPWR,0,L,8-HDRP,15,0,1500,Pass,2,210,,14.124
tx_pwr_DPSKPWR,0,M,8-HDRP,15,0,1500,Pass,2,210,,14
tx_pwr_DPSKPWR,0,H,8-HDRP,15,0,1500,Pass,2,210,,13.852
tx_pwr_DPSKPWR,1,L,8-HDRP,15,1,1500,Pass,2,210,,13.54
tx_pwr_DPSKPWR,1,M,8-HDRP,15,1,1500,Pass,2,210,,13.401
tx_pwr_DPSKPWR,1,H,8-HDRP,15,1,1500,Pass,2,210,,13.319
tx_pwr_DPSKPWR,2,L,8-HDRP,15,0,1500,Pass,2,210,,12.867
tx_pwr_DPSKPWR,2,M,8-HDRP,15,0,1500,Pass,2,210,,12.74
tx_pwr_DPSKPWR,2,H,8-HDRP,15,0,1500,Pass,2,210,,12.758
tx_pwr_DPSKPWR,4,L,8-HDRP,15,0,1500,Pass,2,210,,12.687
tx_pwr_DPSKPWR,4,M,8-HDRP,15,0,1500,Pass,2,210,,12.54
tx_pwr_DPSKPWR,4,H,8-HDRP,15,0,1500,Pass,2,210,,12.348
tx_pwr_DPSKPWR,5,L,8-HDRP,15,0,1500,Pass,2,210,,12.372
tx_pwr_DPSKPWR,5,M,8-HDRP,15,0,1500,Pass,2,210,,12.179
tx_pwr_DPSKPWR,5,H,8-HDRP,15,0,1500,Pass,2,210,,12.055
tx_pwr_DPSKPWR,6,L,8-HDRP,15,0,1500,Pass,2,210,,11.985
tx_pwr_DPSKPWR,6,M,8-HDRP,15,0,1500,Pass,2,210,,11.757
tx_pwr_DPSKPWR,6,H,8-HDRP,15,0,1500,Pass,2,210,,11.482
tx_pwr_DPSKPWR,7,L,8-HDRP,15,0,1500,Pass,2,210,,11.537
tx_pwr_DPSKPWR,7,M,8-HDRP,15,0,1500,Pass,2,210,,11.293
tx_pwr_DPSKPWR,7,H,8-HDRP,15,0,1500,Pass,2,210,,11.099
tx_pwr_avg,0,M,DH5,15,0,1200,Pass,2,210,,15.225
tx_pwr_avg,1,M,DH5,15,1,1200,Pass,2,210,,14.762
tx_pwr_avg,2,M,DH5,15,0,1200,Pass,2,210,,14.079
tx_pwr_avg,4,M,DH5,15,0,1200,Pass,2,210,,13.86
tx_pwr_avg,5,M,DH5,15,0,1200,Pass,2,210,,13.504
tx_pwr_avg,6,M,DH5,15,0,1200,Pass,2,210,,13.087
tx_pwr_avg,7,M,DH5,15,0,1200,Pass,2,210,,12.621
tx_pwr_DPSKPWR,0,M,8-DH5,15,0,1200,Pass,2,210,,12.355
tx_pwr_DPSKPWR,1,M,8-DH5,15,1,1200,Pass,2,210,,11.915
tx_pwr_DPSKPWR,2,M,8-DH5,15,0,1200,Pass,2,210,,11.22
tx_pwr_DPSKPWR,4,M,8-DH5,15,0,1200,Pass,2,210,,10.985
tx_pwr_DPSKPWR,5,M,8-DH5,15,0,1200,Pass,2,210,,10.619
tx_pwr_DPSKPWR,6,M,8-DH5,15,0,1200,Pass,2,210,,10.152
tx_pwr_DPSKPWR,7,M,8-DH5,15,0,1200,Pass,2,210,,9.674
tx_pwr_DPSKPWR,0,M,8-HDRP,15,0,1200,Pass,2,210,,12.037
tx_pwr_DPSKPWR,1,M,8-HDRP,15,1,1200,Pass,2,210,,11.562
tx_pwr_DPSKPWR,2,M,8-HDRP,15,0,1200,Pass,2,210,,10.861
tx_pwr_DPSKPWR,4,M,8-HDRP,15,0,1200,Pass,2,210,,10.625
tx_pwr_DPSKPWR,5,M,8-HDRP,15,0,1200,Pass,2,210,,10.25
tx_pwr_DPSKPWR,6,M,8-HDRP,15,0,1200,Pass,2,210,,9.813
tx_pwr_DPSKPWR,7,M,8-HDRP,15,0,1200,Pass,2,210,,9.338
tx_pwr_avg,0,M,DH5,15,0,730,Pass,2,210,,10.409
tx_pwr_avg,1,M,DH5,15,1,730,Pass,2,210,,10.025
tx_pwr_avg,2,M,DH5,15,0,730,Pass,2,210,,9.365
tx_pwr_avg,4,M,DH5,15,0,730,Pass,2,210,,9.143
tx_pwr_avg,5,M,DH5,15,0,730,Pass,2,210,,8.774
tx_pwr_avg,6,M,DH5,15,0,730,Pass,2,210,,8.352
tx_pwr_avg,7,M,DH5,15,0,730,Pass,2,210,,7.877
tx_pwr_DPSKPWR,0,M,8-DH5,15,0,730,Pass,2,210,,7.405
tx_pwr_DPSKPWR,1,M,8-DH5,15,1,730,Pass,2,210,,7.156
tx_pwr_DPSKPWR,2,M,8-DH5,15,0,730,Pass,2,210,,6.498
tx_pwr_DPSKPWR,4,M,8-DH5,15,0,730,Pass,2,210,,6.271
tx_pwr_DPSKPWR,5,M,8-DH5,15,0,730,Pass,2,210,,5.891
tx_pwr_DPSKPWR,6,M,8-DH5,15,0,730,Pass,2,210,,5.459
tx_pwr_DPSKPWR,7,M,8-DH5,15,0,730,Pass,2,210,,4.969
tx_pwr_DPSKPWR,0,M,8-HDRP,15,0,730,Pass,2,210,,7.075
tx_pwr_DPSKPWR,1,M,8-HDRP,15,1,730,Pass,2,210,,6.817
tx_pwr_DPSKPWR,2,M,8-HDRP,15,0,730,Pass,2,210,,6.161
tx_pwr_DPSKPWR,4,M,8-HDRP,15,0,730,Pass,2,210,,5.928
tx_pwr_DPSKPWR,5,M,8-HDRP,15,0,730,Pass,2,210,,5.546
tx_pwr_DPSKPWR,6,M,8-HDRP,15,0,730,Pass,2,210,,5.108
tx_pwr_DPSKPWR,7,M,8-HDRP,15,0,730,Pass,2,210,,4.617
tx_pwr_avg,0,L,DH5,15,0,1500,Pass,2,240,,16.88
tx_pwr_avg,0,M,DH5,15,0,1500,Pass,2,240,,16.847
tx_pwr_avg,0,H,DH5,15,0,1500,Pass,2,240,,16.807
tx_pwr_avg,1,L,DH5,15,1,1500,Pass,2,240,,16.474
tx_pwr_avg,1,M,DH5,15,1,1500,Pass,2,240,,16.344
tx_pwr_avg,1,H,DH5,15,1,1500,Pass,2,240,,16.285
tx_pwr_avg,2,L,DH5,15,0,1500,Pass,2,240,,16.193
tx_pwr_avg,2,M,DH5,15,0,1500,Pass,2,240,,16.103
tx_pwr_avg,2,H,DH5,15,0,1500,Pass,2,240,,16.129
tx_pwr_avg,4,L,DH5,15,0,1500,Pass,2,240,,16.04
tx_pwr_avg,4,M,DH5,15,0,1500,Pass,2,240,,15.92
tx_pwr_avg,4,H,DH5,15,0,1500,Pass,2,240,,15.757
tx_pwr_avg,5,L,DH5,15,0,1500,Pass,2,240,,15.78
tx_pwr_avg,5,M,DH5,15,0,1500,Pass,2,240,,15.588
tx_pwr_avg,5,H,DH5,15,0,1500,Pass,2,240,,15.497
tx_pwr_avg,6,L,DH5,15,0,1500,Pass,2,240,,15.398
tx_pwr_avg,6,M,DH5,15,0,1500,Pass,2,240,,15.249
tx_pwr_avg,6,H,DH5,15,0,1500,Pass,2,240,,15.007
tx_pwr_avg,7,L,DH5,15,0,1500,Pass,2,240,,15.014
tx_pwr_avg,7,M,DH5,15,0,1500,Pass,2,240,,14.898
tx_pwr_avg,7,H,DH5,15,0,1500,Pass,2,240,,14.755
tx_pwr_DPSKPWR,0,L,8-DH5,15,0,1500,Pass,2,240,,14.058
tx_pwr_DPSKPWR,0,M,8-DH5,15,0,1500,Pass,2,240,,14.028
tx_pwr_DPSKPWR,0,H,8-DH5,15,0,1500,Pass,2,240,,13.978
tx_pwr_DPSKPWR,1,L,8-DH5,15,1,1500,Pass,2,240,,13.633
tx_pwr_DPSKPWR,1,M,8-DH5,15,1,1500,Pass,2,240,,13.503
tx_pwr_DPSKPWR,1,H,8-DH5,15,1,1500,Pass,2,240,,13.448
tx_pwr_DPSKPWR,2,L,8-DH5,15,0,1500,Pass,2,240,,13.388
tx_pwr_DPSKPWR,2,M,8-DH5,15,0,1500,Pass,2,240,,13.293
tx_pwr_DPSKPWR,2,H,8-DH5,15,0,1500,Pass,2,240,,13.318
tx_pwr_DPSKPWR,4,L,8-DH5,15,0,1500,Pass,2,240,,13.236
tx_pwr_DPSKPWR,4,M,8-DH5,15,0,1500,Pass,2,240,,13.099
tx_pwr_DPSKPWR,4,H,8-DH5,15,0,1500,Pass,2,240,,12.931
tx_pwr_DPSKPWR,5,L,8-DH5,15,0,1500,Pass,2,240,,12.934
tx_pwr_DPSKPWR,5,M,8-DH5,15,0,1500,Pass,2,240,,12.741
tx_pwr_DPSKPWR,5,H,8-DH5,15,0,1500,Pass,2,240,,12.646
tx_pwr_DPSKPWR,6,L,8-DH5,15,0,1500,Pass,2,240,,12.579
tx_pwr_DPSKPWR,6,M,8-DH5,15,0,1500,Pass,2,240,,12.389
tx_pwr_DPSKPWR,6,H,8-DH5,15,0,1500,Pass,2,240,,12.149
tx_pwr_DPSKPWR,7,L,8-DH5,15,0,1500,Pass,2,240,,12.213
tx_pwr_DPSKPWR,7,M,8-DH5,15,0,1500,Pass,2,240,,12.023
tx_pwr_DPSKPWR,7,H,8-DH5,15,0,1500,Pass,2,240,,11.871
tx_pwr_DPSKPWR,0,L,8-HDRP,15,0,1500,Pass,2,240,,13.743
tx_pwr_DPSKPWR,0,M,8-HDRP,15,0,1500,Pass,2,240,,13.712
tx_pwr_DPSKPWR,0,H,8-HDRP,15,0,1500,Pass,2,240,,13.664
tx_pwr_DPSKPWR,1,L,8-HDRP,15,1,1500,Pass,2,240,,13.322
tx_pwr_DPSKPWR,1,M,8-HDRP,15,1,1500,Pass,2,240,,13.194
tx_pwr_DPSKPWR,1,H,8-HDRP,15,1,1500,Pass,2,240,,13.137
tx_pwr_DPSKPWR,2,L,8-HDRP,15,0,1500,Pass,2,240,,13.083
tx_pwr_DPSKPWR,2,M,8-HDRP,15,0,1500,Pass,2,240,,12.986
tx_pwr_DPSKPWR,2,H,8-HDRP,15,0,1500,Pass,2,240,,13.009
tx_pwr_DPSKPWR,4,L,8-HDRP,15,0,1500,Pass,2,240,,12.927
tx_pwr_DPSKPWR,4,M,8-HDRP,15,0,1500,Pass,2,240,,12.786
tx_pwr_DPSKPWR,4,H,8-HDRP,15,0,1500,Pass,2,240,,12.617
tx_pwr_DPSKPWR,5,L,8-HDRP,15,0,1500,Pass,2,240,,12.626
tx_pwr_DPSKPWR,5,M,8-HDRP,15,0,1500,Pass,2,240,,12.423
tx_pwr_DPSKPWR,5,H,8-HDRP,15,0,1500,Pass,2,240,,12.325
tx_pwr_DPSKPWR,6,L,8-HDRP,15,0,1500,Pass,2,240,,12.259
tx_pwr_DPSKPWR,6,M,8-HDRP,15,0,1500,Pass,2,240,,12.065
tx_pwr_DPSKPWR,6,H,8-HDRP,15,0,1500,Pass,2,240,,11.82
tx_pwr_DPSKPWR,7,L,8-HDRP,15,0,1500,Pass,2,240,,11.888
tx_pwr_DPSKPWR,7,M,8-HDRP,15,0,1500,Pass,2,240,,11.694
tx_pwr_DPSKPWR,7,H,8-HDRP,15,0,1500,Pass,2,240,,11.545
tx_pwr_avg,0,M,DH5,15,0,1200,Pass,2,240,,14.934
tx_pwr_avg,1,M,DH5,15,1,1200,Pass,2,240,,14.51
tx_pwr_avg,2,M,DH5,15,0,1200,Pass,2,240,,14.244
tx_pwr_avg,4,M,DH5,15,0,1200,Pass,2,240,,14.045
tx_pwr_avg,5,M,DH5,15,0,1200,Pass,2,240,,13.692
tx_pwr_avg,6,M,DH5,15,0,1200,Pass,2,240,,13.34
tx_pwr_avg,7,M,DH5,15,0,1200,Pass,2,240,,12.981
tx_pwr_DPSKPWR,0,M,8-DH5,15,0,1200,Pass,2,240,,12.047
tx_pwr_DPSKPWR,1,M,8-DH5,15,1,1200,Pass,2,240,,11.611
tx_pwr_DPSKPWR,2,M,8-DH5,15,0,1200,Pass,2,240,,11.363
tx_pwr_DPSKPWR,4,M,8-DH5,15,0,1200,Pass,2,240,,11.146
tx_pwr_DPSKPWR,5,M,8-DH5,15,0,1200,Pass,2,240,,10.791
tx_pwr_DPSKPWR,6,M,8-DH5,15,0,1200,Pass,2,240,,10.425
tx_pwr_DPSKPWR,7,M,8-DH5,15,0,1200,Pass,2,240,,10.058
tx_pwr_DPSKPWR,0,M,8-HDRP,15,0,1200,Pass,2,240,,11.723
tx_pwr_DPSKPWR,1,M,8-HDRP,15,1,1200,Pass,2,240,,11.319
tx_pwr_DPSKPWR,2,M,8-HDRP,15,0,1200,Pass,2,240,,11.077
tx_pwr_DPSKPWR,4,M,8-HDRP,15,0,1200,Pass,2,240,,10.872
tx_pwr_DPSKPWR,5,M,8-HDRP,15,0,1200,Pass,2,240,,10.507
tx_pwr_DPSKPWR,6,M,8-HDRP,15,0,1200,Pass,2,240,,10.147
tx_pwr_DPSKPWR,7,M,8-HDRP,15,0,1200,Pass,2,240,,9.787
tx_pwr_avg,0,M,DH5,15,0,730,Pass,2,240,,10.128
tx_pwr_avg,1,M,DH5,15,1,730,Pass,2,240,,9.798
tx_pwr_avg,2,M,DH5,15,0,730,Pass,2,240,,9.593
tx_pwr_avg,4,M,DH5,15,0,730,Pass,2,240,,9.39
tx_pwr_avg,5,M,DH5,15,0,730,Pass,2,240,,9.035
tx_pwr_avg,6,M,DH5,15,0,730,Pass,2,240,,8.683
tx_pwr_avg,7,M,DH5,15,0,730,Pass,2,240,,8.323
tx_pwr_DPSKPWR,0,M,8-DH5,15,0,730,Pass,2,240,,7.123
tx_pwr_DPSKPWR,1,M,8-DH5,15,1,730,Pass,2,240,,6.901
tx_pwr_DPSKPWR,2,M,8-DH5,15,0,730,Pass,2,240,,6.703
tx_pwr_DPSKPWR,4,M,8-DH5,15,0,730,Pass,2,240,,6.501
tx_pwr_DPSKPWR,5,M,8-DH5,15,0,730,Pass,2,240,,6.15
tx_pwr_DPSKPWR,6,M,8-DH5,15,0,730,Pass,2,240,,5.777
tx_pwr_DPSKPWR,7,M,8-DH5,15,0,730,Pass,2,240,,5.402
tx_pwr_DPSKPWR,0,M,8-HDRP,15,0,730,Pass,2,240,,6.796
tx_pwr_DPSKPWR,1,M,8-HDRP,15,1,730,Pass,2,240,,6.569
tx_pwr_DPSKPWR,2,M,8-HDRP,15,0,730,Pass,2,240,,6.383
tx_pwr_DPSKPWR,4,M,8-HDRP,15,0,730,Pass,2,240,,6.175
tx_pwr_DPSKPWR,5,M,8-HDRP,15,0,730,Pass,2,240,,5.821
tx_pwr_DPSKPWR,6,M,8-HDRP,15,0,730,Pass,2,240,,5.458
tx_pwr_DPSKPWR,7,M,8-HDRP,15,0,730,Pass,2,240,,5.074
tx_pwr_avg,0,L,DH5,15,0,1500,Pass,2,270,,16.421
tx_pwr_avg,0,M,DH5,15,0,1500,Pass,2,270,,16.445
tx_pwr_avg,0,H,DH5,15,0,1500,Pass,2,270,,16.475
tx_pwr_avg,1,L,DH5,15,1,1500,Pass,2,270,,15.995
tx_pwr_avg,1,M,DH5,15,1,1500,Pass,2,270,,15.909
tx_pwr_avg,1,H,DH5,15,1,1500,Pass,2,270,,15.914
tx_pwr_avg,2,L,DH5,15,0,1500,Pass,2,270,,16.175
tx_pwr_avg,2,M,DH5,15,0,1500,Pass,2,270,,16.091
tx_pwr_avg,2,H,DH5,15,0,1500,Pass,2,270,,16.109
tx_pwr_avg,4,L,DH5,15,0,1500,Pass,2,270,,16.027
tx_pwr_avg,4,M,DH5,15,0,1500,Pass,2,270,,15.906
tx_pwr_avg,4,H,DH5,15,0,1500,Pass,2,270,,15.766
tx_pwr_avg,5,L,DH5,15,0,1500,Pass,2,270,,15.8
tx_pwr_avg,5,M,DH5,15,0,1500,Pass,2,270,,15.661
tx_pwr_avg,5,H,DH5,15,0,1500,Pass,2,270,,15.601
tx_pwr_avg,6,L,DH5,15,0,1500,Pass,2,270,,15.527
tx_pwr_avg,6,M,DH5,15,0,1500,Pass,2,270,,15.437
tx_pwr_avg,6,H,DH5,15,0,1500,Pass,2,270,,15.252
tx_pwr_avg,7,L,DH5,15,0,1500,Pass,2,270,,15.293
tx_pwr_avg,7,M,DH5,15,0,1500,Pass,2,270,,15.214
tx_pwr_avg,7,H,DH5,15,0,1500,Pass,2,270,,15.146
tx_pwr_DPSKPWR,0,L,8-DH5,15,0,1500,Pass,2,270,,13.575
tx_pwr_DPSKPWR,0,M,8-DH5,15,0,1500,Pass,2,270,,13.606
tx_pwr_DPSKPWR,0,H,8-DH5,15,0,1500,Pass,2,270,,13.636
tx_pwr_DPSKPWR,1,L,8-DH5,15,1,1500,Pass,2,270,,13.191
tx_pwr_DPSKPWR,1,M,8-DH5,15,1,1500,Pass,2,270,,13.106
tx_pwr_DPSKPWR,1,H,8-DH5,15,1,1500,Pass,2,270,,13.109
tx_pwr_DPSKPWR,2,L,8-DH5,15,0,1500,Pass,2,270,,13.392
tx_pwr_DPSKPWR,2,M,8-DH5,15,0,1500,Pass,2,270,,13.316
tx_pwr_DPSKPWR,2,H,8-DH5,15,0,1500,Pass,2,270,,13.333
tx_pwr_DPSKPWR,4,L,8-DH5,15,0,1500,Pass,2,270,,13.252
tx_pwr_DPSKPWR,4,M,8-DH5,15,0,1500,Pass,2,270,,13.123
tx_pwr_DPSKPWR,4,H,8-DH5,15,0,1500,Pass,2,270,,12.982
tx_pwr_DPSKPWR,5,L,8-DH5,15,0,1500,Pass,2,270,,13.024
tx_pwr_DPSKPWR,5,M,8-DH5,15,0,1500,Pass,2,270,,12.867
tx_pwr_DPSKPWR,5,H,8-DH5,15,0,1500,Pass,2,270,,12.82
tx_pwr_DPSKPWR,6,L,8-DH5,15,0,1500,Pass,2,270,,12.77
tx_pwr_DPSKPWR,6,M,8-DH5,15,0,1500,Pass,2,270,,12.645
tx_pwr_DPSKPWR,6,H,8-DH5,15,0,1500,Pass,2,270,,12.446
tx_pwr_DPSKPWR,7,L,8-DH5,15,0,1500,Pass,2,270,,12.539
tx_pwr_DPSKPWR,7,M,8-DH5,15,0,1500,Pass,2,270,,12.398
tx_pwr_DPSKPWR,7,H,8-DH5,15,0,1500,Pass,2,270,,12.327
tx_pwr_DPSKPWR,0,L,8-HDRP,15,0,1500,Pass,2,270,,13.261
tx_pwr_DPSKPWR,0,M,8-HDRP,15,0,1500,Pass,2,270,,13.296
tx_pwr_DPSKPWR,0,H,8-HDRP,15,0,1500,Pass,2,270,,13.326
tx_pwr_DPSKPWR,1,L,8-HDRP,15,1,1500,Pass,2,270,,12.88
tx_pwr_DPSKPWR,1,M,8-HDRP,15,1,1500,Pass,2,270,,12.795
tx_pwr_DPSKPWR,1,H,8-HDRP,15,1,1500,Pass,2,270,,12.783
tx_pwr_DPSKPWR,2,L,8-HDRP,15,0,1500,Pass,2,270,,13.099
tx_pwr_DPSKPWR,2,M,8-HDRP,15,0,1500,Pass,2,270,,13.022
tx_pwr_DPSKPWR,2,H,8-HDRP,15,0,1500,Pass,2,270,,13.047
tx_pwr_DPSKPWR,4,L,8-HDRP,15,0,1500,Pass,2,270,,12.966
tx_pwr_DPSKPWR,4,M,8-HDRP,15,0,1500,Pass,2,270,,12.837
tx_pwr_DPSKPWR,4,H,8-HDRP,15,0,1500,Pass,2,270,,12.703
tx_pwr_DPSKPWR,5,L,8-HDRP,15,0,1500,Pass,2,270,,12.742
tx_pwr_DPSKPWR,5,M,8-HDRP,15,0,1500,Pass,2,270,,12.592
tx_pwr_DPSKPWR,5,H,8-HDRP,15,0,1500,Pass,2,270,,12.538
tx_pwr_DPSKPWR,6,L,8-HDRP,15,0,1500,Pass,2,270,,12.491
tx_pwr_DPSKPWR,6,M,8-HDRP,15,0,1500,Pass,2,270,,12.36
tx_pwr_DPSKPWR,6,H,8-HDRP,15,0,1500,Pass,2,270,,12.163
tx_pwr_DPSKPWR,7,L,8-HDRP,15,0,1500,Pass,2,270,,12.255
tx_pwr_DPSKPWR,7,M,8-HDRP,15,0,1500,Pass,2,270,,12.113
tx_pwr_DPSKPWR,7,H,8-HDRP,15,0,1500,Pass,2,270,,12.034
tx_pwr_avg,0,M,DH5,15,0,1200,Pass,2,270,,14.535
tx_pwr_avg,1,M,DH5,15,1,1200,Pass,2,270,,14.171
tx_pwr_avg,2,M,DH5,15,0,1200,Pass,2,270,,14.277
tx_pwr_avg,4,M,DH5,15,0,1200,Pass,2,270,,14.102
tx_pwr_avg,5,M,DH5,15,0,1200,Pass,2,270,,13.834
tx_pwr_avg,6,M,DH5,15,0,1200,Pass,2,270,,13.594
tx_pwr_avg,7,M,DH5,15,0,1200,Pass,2,270,,13.352
tx_pwr_DPSKPWR,0,M,8-DH5,15,0,1200,Pass,2,270,,11.632
tx_pwr_DPSKPWR,1,M,8-DH5,15,1,1200,Pass,2,270,,11.212
tx_pwr_DPSKPWR,2,M,8-DH5,15,0,1200,Pass,2,270,,11.414
tx_pwr_DPSKPWR,4,M,8-DH5,15,0,1200,Pass,2,270,,11.232
tx_pwr_DPSKPWR,5,M,8-DH5,15,0,1200,Pass,2,270,,10.96
tx_pwr_DPSKPWR,6,M,8-DH5,15,0,1200,Pass,2,270,,10.712
tx_pwr_DPSKPWR,7,M,8-DH5,15,0,1200,Pass,2,270,,10.456
tx_pwr_DPSKPWR,0,M,8-HDRP,15,0,1200,Pass,2,270,,11.302
tx_pwr_DPSKPWR,1,M,8-HDRP,15,1,1200,Pass,2,270,,10.893
tx_pwr_DPSKPWR,2,M,8-HDRP,15,0,1200,Pass,2,270,,11.066
tx_pwr_DPSKPWR,4,M,8-HDRP,15,0,1200,Pass,2,270,,10.887
tx_pwr_DPSKPWR,5,M,8-HDRP,15,0,1200,Pass,2,270,,10.611
tx_pwr_DPSKPWR,6,M,8-HDRP,15,0,1200,Pass,2,270,,10.36
tx_pwr_DPSKPWR,7,M,8-HDRP,15,0,1200,Pass,2,270,,10.109
tx_pwr_avg,0,M,DH5,15,0,730,Pass,2,270,,9.741
tx_pwr_avg,1,M,DH5,15,1,730,Pass,2,270,,9.358
tx_pwr_avg,2,M,DH5,15,0,730,Pass,2,270,,9.577
tx_pwr_avg,4,M,DH5,15,0,730,Pass,2,270,,9.403
tx_pwr_avg,5,M,DH5,15,0,730,Pass,2,270,,9.132
tx_pwr_avg,6,M,DH5,15,0,730,Pass,2,270,,8.881
tx_pwr_avg,7,M,DH5,15,0,730,Pass,2,270,,8.633
tx_pwr_DPSKPWR,0,M,8-DH5,15,0,730,Pass,2,270,,6.734
tx_pwr_DPSKPWR,1,M,8-DH5,15,1,730,Pass,2,270,,6.464
tx_pwr_DPSKPWR,2,M,8-DH5,15,0,730,Pass,2,270,,6.708
tx_pwr_DPSKPWR,4,M,8-DH5,15,0,730,Pass,2,270,,6.536
tx_pwr_DPSKPWR,5,M,8-DH5,15,0,730,Pass,2,270,,6.263
tx_pwr_DPSKPWR,6,M,8-DH5,15,0,730,Pass,2,270,,6.009
tx_pwr_DPSKPWR,7,M,8-DH5,15,0,730,Pass,2,270,,5.756
tx_pwr_DPSKPWR,0,M,8-HDRP,15,0,730,Pass,2,270,,6.399
tx_pwr_DPSKPWR,1,M,8-HDRP,15,1,730,Pass,2,270,,6.14
tx_pwr_DPSKPWR,2,M,8-HDRP,15,0,730,Pass,2,270,,6.393
tx_pwr_DPSKPWR,4,M,8-HDRP,15,0,730,Pass,2,270,,6.216
tx_pwr_DPSKPWR,5,M,8-HDRP,15,0,730,Pass,2,270,,5.943
tx_pwr_DPSKPWR,6,M,8-HDRP,15,0,730,Pass,2,270,,5.693
tx_pwr_DPSKPWR,7,M,8-HDRP,15,0,730,Pass,2,270,,5.441
tx_pwr_avg,0,L,DH5,15,0,1500,Pass,2,300,,16.008
tx_pwr_avg,0,M,DH5,15,0,1500,Pass,2,300,,16.064
tx_pwr_avg,0,H,DH5,15,0,1500,Pass,2,300,,16.114
tx_pwr_avg,1,L,DH5,15,1,1500,Pass,2,300,,15.48
tx_pwr_avg,1,M,DH5,15,1,1500,Pass,2,300,,15.462
tx_pwr_avg,1,H,DH5,15,1,1500,Pass,2,300,,15.447
tx_pwr_avg,2,L,DH5,15,0,1500,Pass,2,300,,15.908
tx_pwr_avg,2,M,DH5,15,0,1500,Pass,2,300,,15.799
tx_pwr_avg,2,H,DH5,15,0,1500,Pass,2,300,,15.806
tx_pwr_avg,4,L,DH5,15,0,1500,Pass,2,300,,15.738
tx_pwr_avg,4,M,DH5,15,0,1500,Pass,2,300,,15.654
tx_pwr_avg,4,H,DH5,15,0,1500,Pass,2,300,,15.541
tx_pwr_avg,5,L,DH5,15,0,1500,Pass,2,300,,15.583
tx_pwr_avg,5,M,DH5,15,0,1500,Pass,2,300,,15.487
tx_pwr_avg,5,H,DH5,15,0,1500,Pass,2,300,,15.471
tx_pwr_avg,6,L,DH5,15,0,1500,Pass,2,300,,15.402
tx_pwr_avg,6,M,DH5,15,0,1500,Pass,2,300,,15.361
tx_pwr_avg,6,H,DH5,15,0,1500,Pass,2,300,,15.197
tx_pwr_avg,7,L,DH5,15,0,1500,Pass,2,300,,15.272
tx_pwr_avg,7,M,DH5,15,0,1500,Pass,2,300,,15.218
tx_pwr_avg,7,H,DH5,15,0,1500,Pass,2,300,,15.186
tx_pwr_DPSKPWR,0,L,8-DH5,15,0,1500,Pass,2,300,,13.127
tx_pwr_DPSKPWR,0,M,8-DH5,15,0,1500,Pass,2,300,,13.177
tx_pwr_DPSKPWR,0,H,8-DH5,15,0,1500,Pass,2,300,,13.232
tx_pwr_DPSKPWR,1,L,8-DH5,15,1,1500,Pass,2,300,,12.55
tx_pwr_DPSKPWR,1,M,8-DH5,15,1,1500,Pass,2,300,,12.491
tx_pwr_DPSKPWR,1,H,8-DH5,15,1,1500,Pass,2,300,,12.506
tx_pwr_DPSKPWR,2,L,8-DH5,15,0,1500,Pass,2,300,,13.054
tx_pwr_DPSKPWR,2,M,8-DH5,15,0,1500,Pass,2,300,,12.946
tx_pwr_DPSKPWR,2,H,8-DH5,15,0,1500,Pass,2,300,,12.953
tx_pwr_DPSKPWR,4,L,8-DH5,15,0,1500,Pass,2,300,,12.899
tx_pwr_DPSKPWR,4,M,8-DH5,15,0,1500,Pass,2,300,,12.764
tx_pwr_DPSKPWR,4,H,8-DH5,15,0,1500,Pass,2,300,,12.688
tx_pwr_DPSKPWR,5,L,8-DH5,15,0,1500,Pass,2,300,,12.717
tx_pwr_DPSKPWR,5,M,8-DH5,15,0,1500,Pass,2,300,,12.619
tx_pwr_DPSKPWR,5,H,8-DH5,15,0,1500,Pass,2,300,,12.602
tx_pwr_DPSKPWR,6,L,8-DH5,15,0,1500,Pass,2,300,,12.558
tx_pwr_DPSKPWR,6,M,8-DH5,15,0,1500,Pass,2,300,,12.479
tx_pwr_DPSKPWR,6,H,8-DH5,15,0,1500,Pass,2,300,,12.312
tx_pwr_DPSKPWR,7,L,8-DH5,15,0,1500,Pass,2,300,,12.426
tx_pwr_DPSKPWR,7,M,8-DH5,15,0,1500,Pass,2,300,,12.327
tx_pwr_DPSKPWR,7,H,8-DH5,15,0,1500,Pass,2,300,,12.291
tx_pwr_DPSKPWR,0,L,8-HDRP,15,0,1500,Pass,2,300,,12.793
tx_pwr_DPSKPWR,0,M,8-HDRP,15,0,1500,Pass,2,300,,12.848
tx_pwr_DPSKPWR,0,H,8-HDRP,15,0,1500,Pass,2,300,,12.902
tx_pwr_DPSKPWR,1,L,8-HDRP,15,1,1500,Pass,2,300,,12.19
tx_pwr_DPSKPWR,1,M,8-HDRP,15,1,1500,Pass,2,300,,12.136
tx_pwr_DPSKPWR,1,H,8-HDRP,15,1,1500,Pass,2,300,,12.153
tx_pwr_DPSKPWR,2,L,8-HDRP,15,0,1500,Pass,2,300,,12.715
tx_pwr_DPSKPWR,2,M,8-HDRP,15,0,1500,Pass,2,300,,12.638
tx_pwr_DPSKPWR,2,H,8-HDRP,15,0,1500,Pass,2,300,,12.645
tx_pwr_DPSKPWR,4,L,8-HDRP,15,0,1500,Pass,2,300,,12.591
tx_pwr_DPSKPWR,4,M,8-HDRP,15,0,1500,Pass,2,300,,12.457
tx_pwr_DPSKPWR,4,H,8-HDRP,15,0,1500,Pass,2,300,,12.385
tx_pwr_DPSKPWR,5,L,8-HDRP,15,0,1500,Pass,2,300,,12.405
tx_pwr_DPSKPWR,5,M,8-HDRP,15,0,1500,Pass,2,300,,12.308
tx_pwr_DPSKPWR,5,H,8-HDRP,15,0,1500,Pass,2,300,,12.288
tx_pwr_DPSKPWR,6,L,8-HDRP,15,0,1500,Pass,2,300,,12.243
tx_pwr_DPSKPWR,6,M,8-HDRP,15,0,1500,Pass,2,300,,12.167
tx_pwr_DPSKPWR,6,H,8-HDRP,15,0,1500,Pass,2,300,,11.997
tx_pwr_DPSKPWR,7,L,8-HDRP,15,0,1500,Pass,2,300,,12.112
tx_pwr_DPSKPWR,7,M,8-HDRP,15,0,1500,Pass,2,300,,12.009
tx_pwr_DPSKPWR,7,H,8-HDRP,15,0,1500,Pass,2,300,,11.969
tx_pwr_avg,0,M,DH5,15,0,1200,Pass,2,300,,14.096
tx_pwr_avg,1,M,DH5,15,1,1200,Pass,2,300,,13.502
tx_pwr_avg,2,M,DH5,15,0,1200,Pass,2,300,,13.907
tx_pwr_avg,4,M,DH5,15,0,1200,Pass,2,300,,13.757
tx_pwr_avg,5,M,DH5,15,0,1200,Pass,2,300,,13.585
tx_pwr_avg,6,M,DH5,15,0,1200,Pass,2,300,,13.442
tx_pwr_avg,7,M,DH5,15,0,1200,Pass,2,300,,13.287
tx_pwr_DPSKPWR,0,M,8-DH5,15,0,1200,Pass,2,300,,11.165
tx_pwr_DPSKPWR,1,M,8-DH5,15,1,1200,Pass,2,300,,10.568
tx_pwr_DPSKPWR,2,M,8-DH5,15,0,1200,Pass,2,300,,10.994
tx_pwr_DPSKPWR,4,M,8-DH5,15,0,1200,Pass,2,300,,10.849
tx_pwr_DPSKPWR,5,M,8-DH5,15,0,1200,Pass,2,300,,10.669
tx_pwr_DPSKPWR,6,M,8-DH5,15,0,1200,Pass,2,300,,10.526
tx_pwr_DPSKPWR,7,M,8-DH5,15,0,1200,Pass,2,300,,10.359
tx_pwr_DPSKPWR,0,M,8-HDRP,15,0,1200,Pass,2,300,,10.836
tx_pwr_DPSKPWR,1,M,8-HDRP,15,1,1200,Pass,2,300,,10.232
tx_pwr_DPSKPWR,2,M,8-HDRP,15,0,1200,Pass,2,300,,10.659
tx_pwr_DPSKPWR,4,M,8-HDRP,15,0,1200,Pass,2,300,,10.509
tx_pwr_DPSKPWR,5,M,8-HDRP,15,0,1200,Pass,2,300,,10.367
tx_pwr_DPSKPWR,6,M,8-HDRP,15,0,1200,Pass,2,300,,10.224
tx_pwr_DPSKPWR,7,M,8-HDRP,15,0,1200,Pass,2,300,,10.057
tx_pwr_avg,0,M,DH5,15,0,730,Pass,2,300,,9.299
tx_pwr_avg,1,M,DH5,15,1,730,Pass,2,300,,8.743
tx_pwr_avg,2,M,DH5,15,0,730,Pass,2,300,,9.186
tx_pwr_avg,4,M,DH5,15,0,730,Pass,2,300,,9.039
tx_pwr_avg,5,M,DH5,15,0,730,Pass,2,300,,8.865
tx_pwr_avg,6,M,DH5,15,0,730,Pass,2,300,,8.723
tx_pwr_avg,7,M,DH5,15,0,730,Pass,2,300,,8.56
tx_pwr_DPSKPWR,0,M,8-DH5,15,0,730,Pass,2,300,,6.304
tx_pwr_DPSKPWR,1,M,8-DH5,15,1,730,Pass,2,300,,5.81
tx_pwr_DPSKPWR,2,M,8-DH5,15,0,730,Pass,2,300,,6.266
tx_pwr_DPSKPWR,4,M,8-DH5,15,0,730,Pass,2,300,,6.161
tx_pwr_DPSKPWR,5,M,8-DH5,15,0,730,Pass,2,300,,5.981
tx_pwr_DPSKPWR,6,M,8-DH5,15,0,730,Pass,2,300,,5.839
tx_pwr_DPSKPWR,7,M,8-DH5,15,0,730,Pass,2,300,,5.674
tx_pwr_DPSKPWR,0,M,8-HDRP,15,0,730,Pass,2,300,,5.97
tx_pwr_DPSKPWR,1,M,8-HDRP,15,1,730,Pass,2,300,,5.487
tx_pwr_DPSKPWR,2,M,8-HDRP,15,0,730,Pass,2,300,,5.962
tx_pwr_DPSKPWR,4,M,8-HDRP,15,0,730,Pass,2,300,,5.817
tx_pwr_DPSKPWR,5,M,8-HDRP,15,0,730,Pass,2,300,,5.638
tx_pwr_DPSKPWR,6,M,8-HDRP,15,0,730,Pass,2,300,,5.491
tx_pwr_DPSKPWR,7,M,8-HDRP,15,0,730,Pass,2,300,,5.33
tx_pwr_avg,0,L,DH5,15,0,1500,Pass,2,330,,15.714
tx_pwr_avg,0,M,DH5,15,0,1500,Pass,2,330,,15.743
tx_pwr_avg,0,H,DH5,15,0,1500,Pass,2,330,,15.77
tx_pwr_avg,1,L,DH5,15,1,1500,Pass,2,330,,14.866
tx_pwr_avg,1,M,DH5,15,1,1500,Pass,2,330,,14.879
tx_pwr_avg,1,H,DH5,15,1,1500,Pass,2,330,,14.942
tx_pwr_avg,2,L,DH5,15,0,1500,Pass,2,330,,15.418
tx_pwr_avg,2,M,DH5,15,0,1500,Pass,2,330,,15.28
tx_pwr_avg,2,H,DH5,15,0,1500,Pass,2,330,,15.291
tx_pwr_avg,4,L,DH5,15,0,1500,Pass,2,330,,15.218
tx_pwr_avg,4,M,DH5,15,0,1500,Pass,2,330,,15.141
tx_pwr_avg,4,H,DH5,15,0,1500,Pass,2,330,,15.047
tx_pwr_avg,5,L,DH5,15,0,1500,Pass,2,330,,15.137
tx_pwr_avg,5,M,DH5,15,0,1500,Pass,2,330,,15.048
tx_pwr_avg,5,H,DH5,15,0,1500,Pass,2,330,,15.05
tx_pwr_avg,6,L,DH5,15,0,1500,Pass,2,330,,14.987
tx_pwr_avg,6,M,DH5,15,0,1500,Pass,2,330,,14.983
tx_pwr_avg,6,H,DH5,15,0,1500,Pass,2,330,,14.844
tx_pwr_avg,7,L,DH5,15,0,1500,Pass,2,330,,14.917
tx_pwr_avg,7,M,DH5,15,0,1500,Pass,2,330,,14.887
tx_pwr_avg,7,H,DH5,15,0,1500,Pass,2,330,,14.86
tx_pwr_DPSKPWR,0,L,8-DH5,15,0,1500,Pass,2,330,,12.807
tx_pwr_DPSKPWR,0,M,8-DH5,15,0,1500,Pass,2,330,,12.839
tx_pwr_DPSKPWR,0,H,8-DH5,15,0,1500,Pass,2,330,,12.864
tx_pwr_DPSKPWR,1,L,8-DH5,15,1,1500,Pass,2,330,,11.932
tx_pwr_DPSKPWR,1,M,8-DH5,15,1,1500,Pass,2,330,,11.931
tx_pwr_DPSKPWR,1,H,8-DH5,15,1,1500,Pass,2,330,,12.004
tx_pwr_DPSKPWR,2,L,8-DH5,15,0,1500,Pass,2,330,,12.531
tx_pwr_DPSKPWR,2,M,8-DH5,15,0,1500,Pass,2,330,,12.395
tx_pwr_DPSKPWR,2,H,8-DH5,15,0,1500,Pass,2,330,,12.405
tx_pwr_DPSKPWR,4,L,8-DH5,15,0,1500,Pass,2,330,,12.372
tx_pwr_DPSKPWR,4,M,8-DH5,15,0,1500,Pass,2,330,,12.268
tx_pwr_DPSKPWR,4,H,8-DH5,15,0,1500,Pass,2,330,,12.215
tx_pwr_DPSKPWR,5,L,8-DH5,15,0,1500,Pass,2,330,,12.249
tx_pwr_DPSKPWR,5,M,8-DH5,15,0,1500,Pass,2,330,,12.209
tx_pwr_DPSKPWR,5,H,8-DH5,15,0,1500,Pass,2,330,,12.205
tx_pwr_DPSKPWR,6,L,8-DH5,15,0,1500,Pass,2,330,,12.182
tx_pwr_DPSKPWR,6,M,8-DH5,15,0,1500,Pass,2,330,,12.143
tx_pwr_DPSKPWR,6,H,8-DH5,15,0,1500,Pass,2,330,,12.011
tx_pwr_DPSKPWR,7,L,8-DH5,15,0,1500,Pass,2,330,,12.12
tx_pwr_DPSKPWR,7,M,8-DH5,15,0,1500,Pass,2,330,,12.038
tx_pwr_DPSKPWR,7,H,8-DH5,15,0,1500,Pass,2,330,,12.019
tx_pwr_DPSKPWR,0,L,8-HDRP,15,0,1500,Pass,2,330,,12.474
tx_pwr_DPSKPWR,0,M,8-HDRP,15,0,1500,Pass,2,330,,12.51
tx_pwr_DPSKPWR,0,H,8-HDRP,15,0,1500,Pass,2,330,,12.531
tx_pwr_DPSKPWR,1,L,8-HDRP,15,1,1500,Pass,2,330,,11.605
tx_pwr_DPSKPWR,1,M,8-HDRP,15,1,1500,Pass,2,330,,11.614
tx_pwr_DPSKPWR,1,H,8-HDRP,15,1,1500,Pass,2,330,,11.682
tx_pwr_DPSKPWR,2,L,8-HDRP,15,0,1500,Pass,2,330,,12.219
tx_pwr_DPSKPWR,2,M,8-HDRP,15,0,1500,Pass,2,330,,12.083
tx_pwr_DPSKPWR,2,H,8-HDRP,15,0,1500,Pass,2,330,,12.097
tx_pwr_DPSKPWR,4,L,8-HDRP,15,0,1500,Pass,2,330,,12.068
tx_pwr_DPSKPWR,4,M,8-HDRP,15,0,1500,Pass,2,330,,11.962
tx_pwr_DPSKPWR,4,H,8-HDRP,15,0,1500,Pass,2,330,,11.871
tx_pwr_DPSKPWR,5,L,8-HDRP,15,0,1500,Pass,2,330,,11.901
tx_pwr_DPSKPWR,5,M,8-HDRP,15,0,1500,Pass,2,330,,11.855
tx_pwr_DPSKPWR,5,H,8-HDRP,15,0,1500,Pass,2,330,,11.846
tx_pwr_DPSKPWR,6,L,8-HDRP,15,0,1500,Pass,2,330,,11.827
tx_pwr_DPSKPWR,6,M,8-HDRP,15,0,1500,Pass,2,330,,11.79
tx_pwr_DPSKPWR,6,H,8-HDRP,15,0,1500,Pass,2,330,,11.647
tx_pwr_DPSKPWR,7,L,8-HDRP,15,0,1500,Pass,2,330,,11.77
tx_pwr_DPSKPWR,7,M,8-HDRP,15,0,1500,Pass,2,330,,11.684
tx_pwr_DPSKPWR,7,H,8-HDRP,15,0,1500,Pass,2,330,,11.665
tx_pwr_avg,0,M,DH5,15,0,1200,Pass,2,330,,13.757
tx_pwr_avg,1,M,DH5,15,1,1200,Pass,2,330,,12.937
tx_pwr_avg,2,M,DH5,15,0,1200,Pass,2,330,,13.362
tx_pwr_avg,4,M,DH5,15,0,1200,Pass,2,330,,13.226
tx_pwr_avg,5,M,DH5,15,0,1200,Pass,2,330,,13.132
tx_pwr_avg,6,M,DH5,15,0,1200,Pass,2,330,,13.073
tx_pwr_avg,7,M,DH5,15,0,1200,Pass,2,330,,12.968
tx_pwr_DPSKPWR,0,M,8-DH5,15,0,1200,Pass,2,330,,10.823
tx_pwr_DPSKPWR,1,M,8-DH5,15,1,1200,Pass,2,330,,10.017
tx_pwr_DPSKPWR,2,M,8-DH5,15,0,1200,Pass,2,330,,10.475
tx_pwr_DPSKPWR,4,M,8-DH5,15,0,1200,Pass,2,330,,10.336
tx_pwr_DPSKPWR,5,M,8-DH5,15,0,1200,Pass,2,330,,10.244
tx_pwr_DPSKPWR,6,M,8-DH5,15,0,1200,Pass,2,330,,10.185
tx_pwr_DPSKPWR,7,M,8-DH5,15,0,1200,Pass,2,330,,10.087
tx_pwr_DPSKPWR,0,M,8-HDRP,15,0,1200,Pass,2,330,,10.485
tx_pwr_DPSKPWR,1,M,8-HDRP,15,1,1200,Pass,2,330,,9.673
tx_pwr_DPSKPWR,2,M,8-HDRP,15,0,1200,Pass,2,330,,10.136
tx_pwr_DPSKPWR,4,M,8-HDRP,15,0,1200,Pass,2,330,,9.997
tx_pwr_DPSKPWR,5,M,8-HDRP,15,0,1200,Pass,2,330,,9.912
tx_pwr_DPSKPWR,6,M,8-HDRP,15,0,1200,Pass,2,330,,9.85
tx_pwr_DPSKPWR,7,M,8-HDRP,15,0,1200,Pass,2,330,,9.754
tx_pwr_avg,0,M,DH5,15,0,730,Pass,2,330,,8.971
tx_pwr_avg,1,M,DH5,15,1,730,Pass,2,330,,8.18
tx_pwr_avg,2,M,DH5,15,0,730,Pass,2,330,,8.655
tx_pwr_avg,4,M,DH5,15,0,730,Pass,2,330,,8.527
tx_pwr_avg,5,M,DH5,15,0,730,Pass,2,330,,8.427
tx_pwr_avg,6,M,DH5,15,0,730,Pass,2,330,,8.368
tx_pwr_avg,7,M,DH5,15,0,730,Pass,2,330,,8.272
tx_pwr_DPSKPWR,0,M,8-DH5,15,0,730,Pass,2,330,,5.995
tx_pwr_DPSKPWR,1,M,8-DH5,15,1,730,Pass,2,330,,5.266
tx_pwr_DPSKPWR,2,M,8-DH5,15,0,730,Pass,2,330,,5.725
tx_pwr_DPSKPWR,4,M,8-DH5,15,0,730,Pass,2,330,,5.597
tx_pwr_DPSKPWR,5,M,8-DH5,15,0,730,Pass,2,330,,5.499
tx_pwr_DPSKPWR,6,M,8-DH5,15,0,730,Pass,2,330,,5.436
tx_pwr_DPSKPWR,7,M,8-DH5,15,0,730,Pass,2,330,,5.33
tx_pwr_DPSKPWR,0,M,8-HDRP,15,0,730,Pass,2,330,,5.664
tx_pwr_DPSKPWR,1,M,8-HDRP,15,1,730,Pass,2,330,,4.922
tx_pwr_DPSKPWR,2,M,8-HDRP,15,0,730,Pass,2,330,,5.388
tx_pwr_DPSKPWR,4,M,8-HDRP,15,0,730,Pass,2,330,,5.257
tx_pwr_DPSKPWR,5,M,8-HDRP,15,0,730,Pass,2,330,,5.162
tx_pwr_DPSKPWR,6,M,8-HDRP,15,0,730,Pass,2,330,,5.103
tx_pwr_DPSKPWR,7,M,8-HDRP,15,0,730,Pass,2,330,,5.001
tx_pwr_avg,0,L,DH5,15,0,1500,Pass,3,0,,15.212
tx_pwr_avg,0,M,DH5,15,0,1500,Pass,3,0,,15.228
tx_pwr_avg,0,H,DH5,15,0,1500,Pass,3,0,,15.252
tx_pwr_avg,1,L,DH5,15,1,1500,Pass,3,0,,13.982
tx_pwr_avg,1,M,DH5,15,1,1500,Pass,3,0,,14.042
tx_pwr_avg,1,H,DH5,15,1,1500,Pass,3,0,,14.167
tx_pwr_avg,2,L,DH5,15,0,1500,Pass,3,0,,14.749
tx_pwr_avg,2,M,DH5,15,0,1500,Pass,3,0,,14.59
tx_pwr_avg,2,H,DH5,15,0,1500,Pass,3,0,,14.564
tx_pwr_avg,4,L,DH5,15,0,1500,Pass,3,0,,14.541
tx_pwr_avg,4,M,DH5,15,0,1500,Pass,3,0,,14.494
tx_pwr_avg,4,H,DH5,15,0,1500,Pass,3,0,,14.434
tx_pwr_avg,5,L,DH5,15,0,1500,Pass,3,0,,14.512
tx_pwr_avg,5,M,DH5,15,0,1500,Pass,3,0,,14.476
tx_pwr_avg,5,H,DH5,15,0,1500,Pass,3,0,,14.521
tx_pwr_avg,6,L,DH5,15,0,1500,Pass,3,0,,14.489
tx_pwr_avg,6,M,DH5,15,0,1500,Pass,3,0,,14.527
tx_pwr_avg,6,H,DH5,15,0,1500,Pass,3,0,,14.415
tx_pwr_avg,7,L,DH5,15,0,1500,Pass,3,0,,14.536
tx_pwr_avg,7,M,DH5,15,0,1500,Pass,3,0,,14.514
tx_pwr_avg,7,H,DH5,15,0,1500,Pass,3,0,,14.562
tx_pwr_DPSKPWR,0,L,8-DH5,15,0,1500,Pass,3,0,,12.301
tx_pwr_DPSKPWR,0,M,8-DH5,15,0,1500,Pass,3,0,,12.313
tx_pwr_DPSKPWR,0,H,8-DH5,15,0,1500,Pass,3,0,,12.34
tx_pwr_DPSKPWR,1,L,8-DH5,15,1,1500,Pass,3,0,,11.043
tx_pwr_DPSKPWR,1,M,8-DH5,15,1,1500,Pass,3,0,,11.085
tx_pwr_DPSKPWR,1,H,8-DH5,15,1,1500,Pass,3,0,,11.217
tx_pwr_DPSKPWR,2,L,8-DH5,15,0,1500,Pass,3,0,,11.848
tx_pwr_DPSKPWR,2,M,8-DH5,15,0,1500,Pass,3,0,,11.691
tx_pwr_DPSKPWR,2,H,8-DH5,15,0,1500,Pass,3,0,,11.67
tx_pwr_DPSKPWR,4,L,8-DH5,15,0,1500,Pass,3,0,,11.67
tx_pwr_DPSKPWR,4,M,8-DH5,15,0,1500,Pass,3,0,,11.614
tx_pwr_DPSKPWR,4,H,8-DH5,15,0,1500,Pass,3,0,,11.544
tx_pwr_DPSKPWR,5,L,8-DH5,15,0,1500,Pass,3,0,,11.569
tx_pwr_DPSKPWR,5,M,8-DH5,15,0,1500,Pass,3,0,,11.586
tx_pwr_DPSKPWR,5,H,8-DH5,15,0,1500,Pass,3,0,,11.629
tx_pwr_DPSKPWR,6,L,8-DH5,15,0,1500,Pass,3,0,,11.627
tx_pwr_DPSKPWR,6,M,8-DH5,15,0,1500,Pass,3,0,,11.641
tx_pwr_DPSKPWR,6,H,8-DH5,15,0,1500,Pass,3,0,,11.521
tx_pwr_DPSKPWR,7,L,8-DH5,15,0,1500,Pass,3,0,,11.64
tx_pwr_DPSKPWR,7,M,8-DH5,15,0,1500,Pass,3,0,,11.618
tx_pwr_DPSKPWR,7,H,8-DH5,15,0,1500,Pass,3,0,,11.671
tx_pwr_DPSKPWR,0,L,8-HDRP,15,0,1500,Pass,3,0,,11.967
tx_pwr_DPSKPWR,0,M,8-HDRP,15,0,1500,Pass,3,0,,11.985
tx_pwr_DPSKPWR,0,H,8-HDRP,15,0,1500,Pass,3,0,,12.01
tx_pwr_DPSKPWR,1,L,8-HDRP,15,1,1500,Pass,3,0,,10.71
tx_pwr_DPSKPWR,1,M,8-HDRP,15,1,1500,Pass,3,0,,10.756
tx_pwr_DPSKPWR,1,H,8-HDRP,15,1,1500,Pass,3,0,,10.897
tx_pwr_DPSKPWR,2,L,8-HDRP,15,0,1500,Pass,3,0,,11.531
tx_pwr_DPSKPWR,2,M,8-HDRP,15,0,1500,Pass,3,0,,11.383
tx_pwr_DPSKPWR,2,H,8-HDRP,15,0,1500,Pass,3,0,,11.366
tx_pwr_DPSKPWR,4,L,8-HDRP,15,0,1500,Pass,3,0,,11.359
tx_pwr_DPSKPWR,4,M,8-HDRP,15,0,1500,Pass,3,0,,11.298
tx_pwr_DPSKPWR,4,H,8-HDRP,15,0,1500,Pass,3,0,,11.249
tx_pwr_DPSKPWR,5,L,8-HDRP,15,0,1500,Pass,3,0,,11.279
tx_pwr_DPSKPWR,5,M,8-HDRP,15,0,1500,Pass,3,0,,11.3
tx_pwr_DPSKPWR,5,H,8-HDRP,15,0,1500,Pass,3,0,,11.352
tx_pwr_DPSKPWR,6,L,8-HDRP,15,0,1500,Pass,3,0,,11.354
tx_pwr_DPSKPWR,6,M,8-HDRP,15,0,1500,Pass,3,0,,11.371
tx_pwr_DPSKPWR,6,H,8-HDRP,15,0,1500,Pass,3,0,,11.257
tx_pwr_DPSKPWR,7,L,8-HDRP,15,0,1500,Pass,3,0,,11.385
tx_pwr_DPSKPWR,7,M,8-HDRP,15,0,1500,Pass,3,0,,11.351
tx_pwr_DPSKPWR,7,H,8-HDRP,15,0,1500,Pass,3,0,,11.429
tx_pwr_avg,0,M,DH5,15,0,1200,Pass,3,0,,13.252
tx_pwr_avg,1,M,DH5,15,1,1200,Pass,3,0,,12.183
tx_pwr_avg,2,M,DH5,15,0,1200,Pass,3,0,,12.737
tx_pwr_avg,4,M,DH5,15,0,1200,Pass,3,0,,12.578
tx_pwr_avg,5,M,DH5,15,0,1200,Pass,3,0,,12.646
tx_pwr_avg,6,M,DH5,15,0,1200,Pass,3,0,,12.708
tx_pwr_avg,7,M,DH5,15,0,1200,Pass,3,0,,12.708
tx_pwr_DPSKPWR,0,M,8-DH5,15,0,1200,Pass,3,0,,10.313
tx_pwr_DPSKPWR,1,M,8-DH5,15,1,1200,Pass,3,0,,9.23
tx_pwr_DPSKPWR,2,M,8-DH5,15,0,1200,Pass,3,0,,9.803
tx_pwr_DPSKPWR,4,M,8-DH5,15,0,1200,Pass,3,0,,9.663
tx_pwr_DPSKPWR,5,M,8-DH5,15,0,1200,Pass,3,0,,9.723
tx_pwr_DPSKPWR,6,M,8-DH5,15,0,1200,Pass,3,0,,9.79
tx_pwr_DPSKPWR,7,M,8-DH5,15,0,1200,Pass,3,0,,9.782
tx_pwr_DPSKPWR,0,M,8-HDRP,15,0,1200,Pass,3,0,,9.972
tx_pwr_DPSKPWR,1,M,8-HDRP,15,1,1200,Pass,3,0,,8.913
tx_pwr_DPSKPWR,2,M,8-HDRP,15,0,1200,Pass,3,0,,9.491
tx_pwr_DPSKPWR,4,M,8-HDRP,15,0,1200,Pass,3,0,,9.353
tx_pwr_DPSKPWR,5,M,8-HDRP,15,0,1200,Pass,3,0,,9.411
tx_pwr_DPSKPWR,6,M,8-HDRP,15,0,1200,Pass,3,0,,9.484
tx_pwr_DPSKPWR,7,M,8-HDRP,15,0,1200,Pass,3,0,,9.473
tx_pwr_avg,0,M,DH5,15,0,730,Pass,3,0,,8.487
tx_pwr_avg,1,M,DH5,15,1,730,Pass,3,0,,7.397
tx_pwr_avg,2,M,DH5,15,0,730,Pass,3,0,,7.975
tx_pwr_avg,4,M,DH5,15,0,730,Pass,3,0,,7.83
tx_pwr_avg,5,M,DH5,15,0,730,Pass,3,0,,7.888
tx_pwr_avg,6,M,DH5,15,0,730,Pass,3,0,,7.951
tx_pwr_avg,7,M,DH5,15,0,730,Pass,3,0,,7.938
tx_pwr_DPSKPWR,0,M,8-DH5,15,0,730,Pass,3,0,,5.537
tx_pwr_DPSKPWR,1,M,8-DH5,15,1,730,Pass,3,0,,4.511
tx_pwr_DPSKPWR,2,M,8-DH5,15,0,730,Pass,3,0,,5.071
tx_pwr_DPSKPWR,4,M,8-DH5,15,0,730,Pass,3,0,,4.903
tx_pwr_DPSKPWR,5,M,8-DH5,15,0,730,Pass,3,0,,4.974
tx_pwr_DPSKPWR,6,M,8-DH5,15,0,730,Pass,3,0,,5.034
tx_pwr_DPSKPWR,7,M,8-DH5,15,0,730,Pass,3,0,,5.019
tx_pwr_DPSKPWR,0,M,8-HDRP,15,0,730,Pass,3,0,,5.203
tx_pwr_DPSKPWR,1,M,8-HDRP,15,1,730,Pass,3,0,,4.158
tx_pwr_DPSKPWR,2,M,8-HDRP,15,0,730,Pass,3,0,,4.705
tx_pwr_DPSKPWR,4,M,8-HDRP,15,0,730,Pass,3,0,,4.553
tx_pwr_DPSKPWR,5,M,8-HDRP,15,0,730,Pass,3,0,,4.616
tx_pwr_DPSKPWR,6,M,8-HDRP,15,0,730,Pass,3,0,,4.68
tx_pwr_DPSKPWR,7,M,8-HDRP,15,0,730,Pass,3,0,,4.662
tx_pwr_avg,0,L,DH5,15,0,1500,Pass,3,30,,15.377
tx_pwr_avg,0,M,DH5,15,0,1500,Pass,3,30,,15.307
tx_pwr_avg,0,H,DH5,15,0,1500,Pass,3,30,,15.235
tx_pwr_avg,1,L,DH5,15,1,1500,Pass,3,30,,13.927
tx_pwr_avg,1,M,DH5,15,1,1500,Pass,3,30,,13.986
tx_pwr_avg,1,H,DH5,15,1,1500,Pass,3,30,,14.095
tx_pwr_avg,2,L,DH5,15,0,1500,Pass,3,30,,14.268
tx_pwr_avg,2,M,DH5,15,0,1500,Pass,3,30,,14.064
tx_pwr_avg,2,H,DH5,15,0,1500,Pass,3,30,,14.093
tx_pwr_avg,4,L,DH5,15,0,1500,Pass,3,30,,14.009
tx_pwr_avg,4,M,DH5,15,0,1500,Pass,3,30,,14.003
tx_pwr_avg,4,H,DH5,15,0,1500,Pass,3,30,,13.966
tx_pwr_avg,5,L,DH5,15,0,1500,Pass,3,30,,14.037
tx_pwr_avg,5,M,DH5,15,0,1500,Pass,3,30,,13.983
tx_pwr_avg,5,H,DH5,15,0,1500,Pass,3,30,,14.028
tx_pwr_avg,6,L,DH5,15,0,1500,Pass,3,30,,13.989
tx_pwr_avg,6,M,DH5,15,0,1500,Pass,3,30,,14.035
tx_pwr_avg,6,H,DH5,15,0,1500,Pass,3,30,,13.867
tx_pwr_avg,7,L,DH5,15,0,1500,Pass,3,30,,13.957
tx_pwr_avg,7,M,DH5,15,0,1500,Pass,3,30,,13.884
tx_pwr_avg,7,H,DH5,15,0,1500,Pass,3,30,,13.862
tx_pwr_DPSKPWR,0,L,8-DH5,15,0,1500,Pass,3,30,,12.47
tx_pwr_DPSKPWR,0,M,8-DH5,15,0,1500,Pass,3,30,,12.392
tx_pwr_DPSKPWR,0,H,8-DH5,15,0,1500,Pass,3,30,,12.317
tx_pwr_DPSKPWR,1,L,8-DH5,15,1,1500,Pass,3,30,,10.979
tx_pwr_DPSKPWR,1,M,8-DH5,15,1,1500,Pass,3,30,,11.026
tx_pwr_DPSKPWR,1,H,8-DH5,15,1,1500,Pass,3,30,,11.136
tx_pwr_DPSKPWR,2,L,8-DH5,15,0,1500,Pass,3,30,,11.323
tx_pwr_DPSKPWR,2,M,8-DH5,15,0,1500,Pass,3,30,,11.13
tx_pwr_DPSKPWR,2,H,8-DH5,15,0,1500,Pass,3,30,,11.151
tx_pwr_DPSKPWR,4,L,8-DH5,15,0,1500,Pass,3,30,,11.109
tx_pwr_DPSKPWR,4,M,8-DH5,15,0,1500,Pass,3,30,,11.066
tx_pwr_DPSKPWR,4,H,8-DH5,15,0,1500,Pass,3,30,,11.033
tx_pwr_DPSKPWR,5,L,8-DH5,15,0,1500,Pass,3,30,,11.072
tx_pwr_DPSKPWR,5,M,8-DH5,15,0,1500,Pass,3,30,,11.08
tx_pwr_DPSKPWR,5,H,8-DH5,15,0,1500,Pass,3,30,,11.128
tx_pwr_DPSKPWR,6,L,8-DH5,15,0,1500,Pass,3,30,,11.113
tx_pwr_DPSKPWR,6,M,8-DH5,15,0,1500,Pass,3,30,,11.141
tx_pwr_DPSKPWR,6,H,8-DH5,15,0,1500,Pass,3,30,,10.965
tx_pwr_DPSKPWR,7,L,8-DH5,15,0,1500,Pass,3,30,,11.12
tx_pwr_DPSKPWR,7,M,8-DH5,15,0,1500,Pass,3,30,,11.008
tx_pwr_DPSKPWR,7,H,8-DH5,15,0,1500,Pass,3,30,,10.98
tx_pwr_DPSKPWR,0,L,8-HDRP,15,0,1500,Pass,3,30,,12.137
tx_pwr_DPSKPWR,0,M,8-HDRP,15,0,1500,Pass,3,30,,12.058
tx_pwr_DPSKPWR,0,H,8-HDRP,15,0,1500,Pass,3,30,,11.988
tx_pwr_DPSKPWR,1,L,8-HDRP,15,1,1500,Pass,3,30,,10.662
tx_pwr_DPSKPWR,1,M,8-HDRP,15,1,1500,Pass,3,30,,10.709
tx_pwr_DPSKPWR,1,H,8-HDRP,15,1,1500,Pass,3,30,,10.823
tx_pwr_DPSKPWR,2,L,8-HDRP,15,0,1500,Pass,3,30,,11.016
tx_pwr_DPSKPWR,2,M,8-HDRP,15,0,1500,Pass,3,30,,10.822
tx_pwr_DPSKPWR,2,H,8-HDRP,15,0,1500,Pass,3,30,,10.85
tx_pwr_DPSKPWR,4,L,8-HDRP,15,0,1500,Pass,3,30,,10.8
tx_pwr_DPSKPWR,4,M,8-HDRP,15,0,1500,Pass,3,30,,10.762
tx_pwr_DPSKPWR,4,H,8-HDRP,15,0,1500,Pass,3,30,,10.736
tx_pwr_DPSKPWR,5,L,8-HDRP,15,0,1500,Pass,3,30,,10.737
tx_pwr_DPSKPWR,5,M,8-HDRP,15,0,1500,Pass,3,30,,10.745
tx_pwr_DPSKPWR,5,H,8-HDRP,15,0,1500,Pass,3,30,,10.8
tx_pwr_DPSKPWR,6,L,8-HDRP,15,0,1500,Pass,3,30,,10.78
tx_pwr_DPSKPWR,6,M,8-HDRP,15,0,1500,Pass,3,30,,10.814
tx_pwr_DPSKPWR,6,H,8-HDRP,15,0,1500,Pass,3,30,,10.636
tx_pwr_DPSKPWR,7,L,8-HDRP,15,0,1500,Pass,3,30,,10.786
tx_pwr_DPSKPWR,7,M,8-HDRP,15,0,1500,Pass,3,30,,10.684
tx_pwr_DPSKPWR,7,H,8-HDRP,15,0,1500,Pass,3,30,,10.642
tx_pwr_avg,0,M,DH5,15,0,1200,Pass,3,30,,13.323
tx_pwr_avg,1,M,DH5,15,1,1200,Pass,3,30,,12.087
tx_pwr_avg,2,M,DH5,15,0,1200,Pass,3,30,,12.13
tx_pwr_avg,4,M,DH5,15,0,1200,Pass,3,30,,12.063
tx_pwr_avg,5,M,DH5,15,0,1200,Pass,3,30,,12.079
tx_pwr_avg,6,M,DH5,15,0,1200,Pass,3,30,,12.111
tx_pwr_avg,7,M,DH5,15,0,1200,Pass,3,30,,12.02
tx_pwr_DPSKPWR,0,M,8-DH5,15,0,1200,Pass,3,30,,10.374
tx_pwr_DPSKPWR,1,M,8-DH5,15,1,1200,Pass,3,30,,9.14
tx_pwr_DPSKPWR,2,M,8-DH5,15,0,1200,Pass,3,30,,9.204
tx_pwr_DPSKPWR,4,M,8-DH5,15,0,1200,Pass,3,30,,9.13
tx_pwr_DPSKPWR,5,M,8-DH5,15,0,1200,Pass,3,30,,9.147
tx_pwr_DPSKPWR,6,M,8-DH5,15,0,1200,Pass,3,30,,9.188
tx_pwr_DPSKPWR,7,M,8-DH5,15,0,1200,Pass,3,30,,9.093
tx_pwr_DPSKPWR,0,M,8-HDRP,15,0,1200,Pass,3,30,,10.036
tx_pwr_DPSKPWR,1,M,8-HDRP,15,1,1200,Pass,3,30,,8.806
tx_pwr_DPSKPWR,2,M,8-HDRP,15,0,1200,Pass,3,30,,8.873
tx_pwr_DPSKPWR,4,M,8-HDRP,15,0,1200,Pass,3,30,,8.797
tx_pwr_DPSKPWR,5,M,8-HDRP,15,0,1200,Pass,3,30,,8.814
tx_pwr_DPSKPWR,6,M,8-HDRP,15,0,1200,Pass,3,30,,8.857
tx_pwr_DPSKPWR,7,M,8-HDRP,15,0,1200,Pass,3,30,,8.759
tx_pwr_avg,0,M,DH5,15,0,730,Pass,3,30,,8.545
tx_pwr_avg,1,M,DH5,15,1,730,Pass,3,30,,7.348
tx_pwr_avg,2,M,DH5,15,0,730,Pass,3,30,,7.392
tx_pwr_avg,4,M,DH5,15,0,730,Pass,3,30,,7.315
tx_pwr_avg,5,M,DH5,15,0,730,Pass,3,30,,7.33
tx_pwr_avg,6,M,DH5,15,0,730,Pass,3,30,,7.364
tx_pwr_avg,7,M,DH5,15,0,730,Pass,3,30,,7.261
tx_pwr_DPSKPWR,0,M,8-DH5,15,0,730,Pass,3,30,,5.613
tx_pwr_DPSKPWR,1,M,8-DH5,15,1,730,Pass,3,30,,4.445
tx_pwr_DPSKPWR,2,M,8-DH5,15,0,730,Pass,3,30,,4.477
tx_pwr_DPSKPWR,4,M,8-DH5,15,0,730,Pass,3,30,,4.395
tx_pwr_DPSKPWR,5,M,8-DH5,15,0,730,Pass,3,30,,4.406
tx_pwr_DPSKPWR,6,M,8-DH5,15,0,730,Pass,3,30,,4.437
tx_pwr_DPSKPWR,7,M,8-DH5,15,0,730,Pass,3,30,,4.33
tx_pwr_DPSKPWR,0,M,8-HDRP,15,0,730,Pass,3,30,,5.283
tx_pwr_DPSKPWR,1,M,8-HDRP,15,1,730,Pass,3,30,,4.116
tx_pwr_DPSKPWR,2,M,8-HDRP,15,0,730,Pass,3,30,,4.144
tx_pwr_DPSKPWR,4,M,8-HDRP,15,0,730,Pass,3,30,,4.064
tx_pwr_DPSKPWR,5,M,8-HDRP,15,0,730,Pass,3,30,,4.075
tx_pwr_DPSKPWR,6,M,8-HDRP,15,0,730,Pass,3,30,,4.112
tx_pwr_DPSKPWR,7,M,8-HDRP,15,0,730,Pass,3,30,,3.998
tx_pwr_avg,0,L,DH5,15,0,1500,Pass,3,60,,15.734
tx_pwr_avg,0,M,DH5,15,0,1500,Pass,3,60,,15.574
tx_pwr_avg,0,H,DH5,15,0,1500,Pass,3,60,,15.403
tx_pwr_avg,1,L,DH5,15,1,1500,Pass,3,60,,14.184
tx_pwr_avg,1,M,DH5,15,1,1500,Pass,3,60,,14.19
tx_pwr_avg,1,H,DH5,15,1,1500,Pass,3,60,,14.272
tx_pwr_avg,2,L,DH5,15,0,1500,Pass,3,60,,13.986
tx_pwr_avg,2,M,DH5,15,0,1500,Pass,3,60,,13.797
tx_pwr_avg,2,H,DH5,15,0,1500,Pass,3,60,,13.788
tx_pwr_avg,4,L,DH5,15,0,1500,Pass,3,60,,13.741
tx_pwr_avg,4,M,DH5,15,0,1500,Pass,3,60,,13.701
tx_pwr_avg,4,H,DH5,15,0,1500,Pass,3,60,,13.646
tx_pwr_avg,5,L,DH5,15,0,1500,Pass,3,60,,13.718
tx_pwr_avg,5,M,DH5,15,0,1500,Pass,3,60,,13.673
tx_pwr_avg,5,H,DH5,15,0,1500,Pass,3,60,,13.716
tx_pwr_avg,6,L,DH5,15,0,1500,Pass,3,60,,13.678
tx_pwr_avg,6,M,DH5,15,0,1500,Pass,3,60,,13.66
tx_pwr_avg,6,H,DH5,15,0,1500,Pass,3,60,,13.464
tx_pwr_avg,7,L,DH5,15,0,1500,Pass,3,60,,13.488
tx_pwr_avg,7,M,DH5,15,0,1500,Pass,3,60,,13.398
tx_pwr_avg,7,H,DH5,15,0,1500,Pass,3,60,,13.245
tx_pwr_DPSKPWR,0,L,8-DH5,15,0,1500,Pass,3,60,,12.829
tx_pwr_DPSKPWR,0,M,8-DH5,15,0,1500,Pass,3,60,,12.66
tx_pwr_DPSKPWR,0,H,8-DH5,15,0,1500,Pass,3,60,,12.483
tx_pwr_DPSKPWR,1,L,8-DH5,15,1,1500,Pass,3,60,,11.197
tx_pwr_DPSKPWR,1,M,8-DH5,15,1,1500,Pass,3,60,,11.188
tx_pwr_DPSKPWR,1,H,8-DH5,15,1,1500,Pass,3,60,,11.271
tx_pwr_DPSKPWR,2,L,8-DH5,15,0,1500,Pass,3,60,,11.002
tx_pwr_DPSKPWR,2,M,8-DH5,15,0,1500,Pass,3,60,,10.812
tx_pwr_DPSKPWR,2,H,8-DH5,15,0,1500,Pass,3,60,,10.806
tx_pwr_DPSKPWR,4,L,8-DH5,15,0,1500,Pass,3,60,,10.778
tx_pwr_DPSKPWR,4,M,8-DH5,15,0,1500,Pass,3,60,,10.721
tx_pwr_DPSKPWR,4,H,8-DH5,15,0,1500,Pass,3,60,,10.671
tx_pwr_DPSKPWR,5,L,8-DH5,15,0,1500,Pass,3,60,,10.712
tx_pwr_DPSKPWR,5,M,8-DH5,15,0,1500,Pass,3,60,,10.696
tx_pwr_DPSKPWR,5,H,8-DH5,15,0,1500,Pass,3,60,,10.728
tx_pwr_DPSKPWR,6,L,8-DH5,15,0,1500,Pass,3,60,,10.712
tx_pwr_DPSKPWR,6,M,8-DH5,15,0,1500,Pass,3,60,,10.672
tx_pwr_DPSKPWR,6,H,8-DH5,15,0,1500,Pass,3,60,,10.508
tx_pwr_DPSKPWR,7,L,8-DH5,15,0,1500,Pass,3,60,,10.62
tx_pwr_DPSKPWR,7,M,8-DH5,15,0,1500,Pass,3,60,,10.451
tx_pwr_DPSKPWR,7,H,8-DH5,15,0,1500,Pass,3,60,,10.304
tx_pwr_DPSKPWR,0,L,8-HDRP,15,0,1500,Pass,3,60,,12.499
tx_pwr_DPSKPWR,0,M,8-HDRP,15,0,1500,Pass,3,60,,12.322
tx_pwr_DPSKPWR,0,H,8-HDRP,15,0,1500,Pass,3,60,,12.148
tx_pwr_DPSKPWR,1,L,8-HDRP,15,1,1500,Pass,3,60,,10.858
tx_pwr_DPSKPWR,1,M,8-HDRP,15,1,1500,Pass,3,60,,10.854
tx_pwr_DPSKPWR,1,H,8-HDRP,15,1,1500,Pass,3,60,,10.935
tx_pwr_DPSKPWR,2,L,8-HDRP,15,0,1500,Pass,3,60,,10.672
tx_pwr_DPSKPWR,2,M,8-HDRP,15,0,1500,Pass,3,60,,10.481
tx_pwr_DPSKPWR,2,H,8-HDRP,15,0,1500,Pass,3,60,,10.479
tx_pwr_DPSKPWR,4,L,8-HDRP,15,0,1500,Pass,3,60,,10.452
tx_pwr_DPSKPWR,4,M,8-HDRP,15,0,1500,Pass,3,60,,10.397
tx_pwr_DPSKPWR,4,H,8-HDRP,15,0,1500,Pass,3,60,,10.343
tx_pwr_DPSKPWR,5,L,8-HDRP,15,0,1500,Pass,3,60,,10.383
tx_pwr_DPSKPWR,5,M,8-HDRP,15,0,1500,Pass,3,60,,10.367
tx_pwr_DPSKPWR,5,H,8-HDRP,15,0,1500,Pass,3,60,,10.44
tx_pwr_DPSKPWR,6,L,8-HDRP,15,0,1500,Pass,3,60,,10.429
tx_pwr_DPSKPWR,6,M,8-HDRP,15,0,1500,Pass,3,60,,10.383
tx_pwr_DPSKPWR,6,H,8-HDRP,15,0,1500,Pass,3,60,,10.187
tx_pwr_DPSKPWR,7,L,8-HDRP,15,0,1500,Pass,3,60,,10.298
tx_pwr_DPSKPWR,7,M,8-HDRP,15,0,1500,Pass,3,60,,10.127
tx_pwr_DPSKPWR,7,H,8-HDRP,15,0,1500,Pass,3,60,,9.983
tx_pwr_avg,0,M,DH5,15,0,1200,Pass,3,60,,13.586
tx_pwr_avg,1,M,DH5,15,1,1200,Pass,3,60,,12.244
tx_pwr_avg,2,M,DH5,15,0,1200,Pass,3,60,,11.812
tx_pwr_avg,4,M,DH5,15,0,1200,Pass,3,60,,11.726
tx_pwr_avg,5,M,DH5,15,0,1200,Pass,3,60,,11.697
tx_pwr_avg,6,M,DH5,15,0,1200,Pass,3,60,,11.653
tx_pwr_avg,7,M,DH5,15,0,1200,Pass,3,60,,11.432
tx_pwr_DPSKPWR,0,M,8-DH5,15,0,1200,Pass,3,60,,10.638
tx_pwr_DPSKPWR,1,M,8-DH5,15,1,1200,Pass,3,60,,9.306
tx_pwr_DPSKPWR,2,M,8-DH5,15,0,1200,Pass,3,60,,8.873
tx_pwr_DPSKPWR,4,M,8-DH5,15,0,1200,Pass,3,60,,8.79
tx_pwr_DPSKPWR,5,M,8-DH5,15,0,1200,Pass,3,60,,8.758
tx_pwr_DPSKPWR,6,M,8-DH5,15,0,1200,Pass,3,60,,8.727
tx_pwr_DPSKPWR,7,M,8-DH5,15,0,1200,Pass,3,60,,8.5
tx_pwr_DPSKPWR,0,M,8-HDRP,15,0,1200,Pass,3,60,,10.305
tx_pwr_DPSKPWR,1,M,8-HDRP,15,1,1200,Pass,3,60,,8.953
tx_pwr_DPSKPWR,2,M,8-HDRP,15,0,1200,Pass,3,60,,8.529
tx_pwr_DPSKPWR,4,M,8-HDRP,15,0,1200,Pass,3,60,,8.442
tx_pwr_DPSKPWR,5,M,8-HDRP,15,0,1200,Pass,3,60,,8.412
tx_pwr_DPSKPWR,6,M,8-HDRP,15,0,1200,Pass,3,60,,8.383
tx_pwr_DPSKPWR,7,M,8-HDRP,15,0,1200,Pass,3,60,,8.153
tx_pwr_avg,0,M,DH5,15,0,730,Pass,3,60,,8.799
tx_pwr_avg,1,M,DH5,15,1,730,Pass,3,60,,7.482
tx_pwr_avg,2,M,DH5,15,0,730,Pass,3,60,,7.074
tx_pwr_avg,4,M,DH5,15,0,730,Pass,3,60,,6.985
tx_pwr_avg,5,M,DH5,15,0,730,Pass,3,60,,6.956
tx_pwr_avg,6,M,DH5,15,0,730,Pass,3,60,,6.919
tx_pwr_avg,7,M,DH5,15,0,730,Pass,3,60,,6.686
tx_pwr_DPSKPWR,0,M,8-DH5,15,0,730,Pass,3,60,,5.876
tx_pwr_DPSKPWR,1,M,8-DH5,15,1,730,Pass,3,60,,4.611
tx_pwr_DPSKPWR,2,M,8-DH5,15,0,730,Pass,3,60,,4.163
tx_pwr_DPSKPWR,4,M,8-DH5,15,0,730,Pass,3,60,,4.056
tx_pwr_DPSKPWR,5,M,8-DH5,15,0,730,Pass,3,60,,4.019
tx_pwr_DPSKPWR,6,M,8-DH5,15,0,730,Pass,3,60,,3.986
tx_pwr_DPSKPWR,7,M,8-DH5,15,0,730,Pass,3,60,,3.74
tx_pwr_DPSKPWR,0,M,8-HDRP,15,0,730,Pass,3,60,,5.546
tx_pwr_DPSKPWR,1,M,8-HDRP,15,1,730,Pass,3,60,,4.271
tx_pwr_DPSKPWR,2,M,8-HDRP,15,0,730,Pass,3,60,,3.816
tx_pwr_DPSKPWR,4,M,8-HDRP,15,0,730,Pass,3,60,,3.746
tx_pwr_DPSKPWR,5,M,8-HDRP,15,0,730,Pass,3,60,,3.71
tx_pwr_DPSKPWR,6,M,8-HDRP,15,0,730,Pass,3,60,,3.673
tx_pwr_DPSKPWR,7,M,8-HDRP,15,0,730,Pass,3,60,,3.423
tx_pwr_avg,0,L,DH5,15,0,1500,Pass,3,90,,16.24
tx_pwr_avg,0,M,DH5,15,0,1500,Pass,3,90,,15.99
tx_pwr_avg,0,H,DH5,15,0,1500,Pass,3,90,,15.718
tx_pwr_avg,1,L,DH5,15,1,1500,Pass,3,90,,14.678
tx_pwr_avg,1,M,DH5,15,1,1500,Pass,3,90,,14.604
tx_pwr_avg,1,H,DH5,15,1,1500,Pass,3,90,,14.651
tx_pwr_avg,2,L,DH5,15,0,1500,Pass,3,90,,13.982
tx_pwr_avg,2,M,DH5,15,0,1500,Pass,3,90,,13.796
tx_pwr_avg,2,H,DH5,15,0,1500,Pass,3,90,,13.791
tx_pwr_avg,4,L,DH5,15,0,1500,Pass,3,90,,13.744
tx_pwr_avg,4,M,DH5,15,0,1500,Pass,3,90,,13.679
tx_pwr_avg,4,H,DH5,15,0,1500,Pass,3,90,,13.624
tx_pwr_avg,5,L,DH5,15,0,1500,Pass,3,90,,13.684
tx_pwr_avg,5,M,DH5,15,0,1500,Pass,3,90,,13.618
tx_pwr_avg,5,H,DH5,15,0,1500,Pass,3,90,,13.616
tx_pwr_avg,6,L,DH5,15,0,1500,Pass,3,90,,13.55
tx_pwr_avg,6,M,DH5,15,0,1500,Pass,3,90,,13.452
tx_pwr_avg,6,H,DH5,15,0,1500,Pass,3,90,,13.224
tx_pwr_avg,7,L,DH5,15,0,1500,Pass,3,90,,13.223
tx_pwr_avg,7,M,DH5,15,0,1500,Pass,3,90,,13.067
tx_pwr_avg,7,H,DH5,15,0,1500,Pass,3,90,,12.848
tx_pwr_DPSKPWR,0,L,8-DH5,15,0,1500,Pass,3,90,,13.372
tx_pwr_DPSKPWR,0,M,8-DH5,15,0,1500,Pass,3,90,,13.094
tx_pwr_DPSKPWR,0,H,8-DH5,15,0,1500,Pass,3,90,,12.814
tx_pwr_DPSKPWR,1,L,8-DH5,15,1,1500,Pass,3,90,,11.747
tx_pwr_DPSKPWR,1,M,8-DH5,15,1,1500,Pass,3,90,,11.662
tx_pwr_DPSKPWR,1,H,8-DH5,15,1,1500,Pass,3,90,,11.694
tx_pwr_DPSKPWR,2,L,8-DH5,15,0,1500,Pass,3,90,,11.023
tx_pwr_DPSKPWR,2,M,8-DH5,15,0,1500,Pass,3,90,,10.838
tx_pwr_DPSKPWR,2,H,8-DH5,15,0,1500,Pass,3,90,,10.834
tx_pwr_DPSKPWR,4,L,8-DH5,15,0,1500,Pass,3,90,,10.798
tx_pwr_DPSKPWR,4,M,8-DH5,15,0,1500,Pass,3,90,,10.718
tx_pwr_DPSKPWR,4,H,8-DH5,15,0,1500,Pass,3,90,,10.663
tx_pwr_DPSKPWR,5,L,8-DH5,15,0,1500,Pass,3,90,,10.699
tx_pwr_DPSKPWR,5,M,8-DH5,15,0,1500,Pass,3,90,,10.648
tx_pwr_DPSKPWR,5,H,8-DH5,15,0,1500,Pass,3,90,,10.642
tx_pwr_DPSKPWR,6,L,8-DH5,15,0,1500,Pass,3,90,,10.61
tx_pwr_DPSKPWR,6,M,8-DH5,15,0,1500,Pass,3,90,,10.479
tx_pwr_DPSKPWR,6,H,8-DH5,15,0,1500,Pass,3,90,,10.254
tx_pwr_DPSKPWR,7,L,8-DH5,15,0,1500,Pass,3,90,,10.332
tx_pwr_DPSKPWR,7,M,8-DH5,15,0,1500,Pass,3,90,,10.138
tx_pwr_DPSKPWR,7,H,8-DH5,15,0,1500,Pass,3,90,,9.924
tx_pwr_DPSKPWR,0,L,8-HDRP,15,0,1500,Pass,3,90,,13.048
tx_pwr_DPSKPWR,0,M,8-HDRP,15,0,1500,Pass,3,90,,12.766
tx_pwr_DPSKPWR,0,H,8-HDRP,15,0,1500,Pass,3,90,,12.484
tx_pwr_DPSKPWR,1,L,8-HDRP,15,1,1500,Pass,3,90,,11.412
tx_pwr_DPSKPWR,1,M,8-HDRP,15,1,1500,Pass,3,90,,11.334
tx_pwr_DPSKPWR,1,H,8-HDRP,15,1,1500,Pass,3,90,,11.361
tx_pwr_DPSKPWR,2,L,8-HDRP,15,0,1500,Pass,3,90,,10.69
tx_pwr_DPSKPWR,2,M,8-HDRP,15,0,1500,Pass,3,90,,10.505
tx_pwr_DPSKPWR,2,H,8-HDRP,15,0,1500,Pass,3,90,,10.505
tx_pwr_DPSKPWR,4,L,8-HDRP,15,0,1500,Pass,3,90,,10.467
tx_pwr_DPSKPWR,4,M,8-HDRP,15,0,1500,Pass,3,90,,10.395
tx_pwr_DPSKPWR,4,H,8-HDRP,15,0,1500,Pass,3,90,,10.339
tx_pwr_DPSKPWR,5,L,8-HDRP,15,0,1500,Pass,3,90,,10.376
tx_pwr_DPSKPWR,5,M,8-HDRP,15,0,1500,Pass,3,90,,10.326
tx_pwr_DPSKPWR,5,H,8-HDRP,15,0,1500,Pass,3,90,,10.326
tx_pwr_DPSKPWR,6,L,8-HDRP,15,0,1500,Pass,3,90,,10.295
tx_pwr_DPSKPWR,6,M,8-HDRP,15,0,1500,Pass,3,90,,10.166
tx_pwr_DPSKPWR,6,H,8-HDRP,15,0,1500,Pass,3,90,,9.945
tx_pwr_DPSKPWR,7,L,8-HDRP,15,0,1500,Pass,3,90,,10.025
tx_pwr_DPSKPWR,7,M,8-HDRP,15,0,1500,Pass,3,90,,9.795
tx_pwr_DPSKPWR,7,H,8-HDRP,15,0,1500,Pass,3,90,,9.58
tx_pwr_avg,0,M,DH5,15,0,1200,Pass,3,90,,14.034
tx_pwr_avg,1,M,DH5,15,1,1200,Pass,3,90,,12.721
tx_pwr_avg,2,M,DH5,15,0,1200,Pass,3,90,,11.845
tx_pwr_avg,4,M,DH5,15,0,1200,Pass,3,90,,11.733
tx_pwr_avg,5,M,DH5,15,0,1200,Pass,3,90,,11.667
tx_pwr_avg,6,M,DH5,15,0,1200,Pass,3,90,,11.507
tx_pwr_avg,7,M,DH5,15,0,1200,Pass,3,90,,11.133
tx_pwr_DPSKPWR,0,M,8-DH5,15,0,1200,Pass,3,90,,11.109
tx_pwr_DPSKPWR,1,M,8-DH5,15,1,1200,Pass,3,90,,9.8
tx_pwr_DPSKPWR,2,M,8-DH5,15,0,1200,Pass,3,90,,8.908
tx_pwr_DPSKPWR,4,M,8-DH5,15,0,1200,Pass,3,90,,8.798
tx_pwr_DPSKPWR,5,M,8-DH5,15,0,1200,Pass,3,90,,8.726
tx_pwr_DPSKPWR,6,M,8-DH5,15,0,1200,Pass,3,90,,8.567
tx_pwr_DPSKPWR,7,M,8-DH5,15,0,1200,Pass,3,90,,8.187
tx_pwr_DPSKPWR,0,M,8-HDRP,15,0,1200,Pass,3,90,,10.78
tx_pwr_DPSKPWR,1,M,8-HDRP,15,1,1200,Pass,3,90,,9.456
tx_pwr_DPSKPWR,2,M,8-HDRP,15,0,1200,Pass,3,90,,8.565
tx_pwr_DPSKPWR,4,M,8-HDRP,15,0,1200,Pass,3,90,,8.452
tx_pwr_DPSKPWR,5,M,8-HDRP,15,0,1200,Pass,3,90,,8.379
tx_pwr_DPSKPWR,6,M,8-HDRP,15,0,1200,Pass,3,90,,8.217
tx_pwr_DPSKPWR,7,M,8-HDRP,15,0,1200,Pass,3,90,,7.837
tx_pwr_avg,0,M,DH5,15,0,730,Pass,3,90,,9.242
tx_pwr_avg,1,M,DH5,15,1,730,Pass,3,90,,7.985
tx_pwr_avg,2,M,DH5,15,0,730,Pass,3,90,,7.113
tx_pwr_avg,4,M,DH5,15,0,730,Pass,3,90,,7.004
tx_pwr_avg,5,M,DH5,15,0,730,Pass,3,90,,6.929
tx_pwr_avg,6,M,DH5,15,0,730,Pass,3,90,,6.766
tx_pwr_avg,7,M,DH5,15,0,730,Pass,3,90,,6.383
tx_pwr_DPSKPWR,0,M,8-DH5,15,0,730,Pass,3,90,,6.318
tx_pwr_DPSKPWR,1,M,8-DH5,15,1,730,Pass,3,90,,5.131
tx_pwr_DPSKPWR,2,M,8-DH5,15,0,730,Pass,3,90,,4.216
tx_pwr_DPSKPWR,4,M,8-DH5,15,0,730,Pass,3,90,,4.086
tx_pwr_DPSKPWR,5,M,8-DH5,15,0,730,Pass,3,90,,4.002
tx_pwr_DPSKPWR,6,M,8-DH5,15,0,730,Pass,3,90,,3.831
tx_pwr_DPSKPWR,7,M,8-DH5,15,0,730,Pass,3,90,,3.436
tx_pwr_DPSKPWR,0,M,8-HDRP,15,0,730,Pass,3,90,,5.995
tx_pwr_DPSKPWR,1,M,8-HDRP,15,1,730,Pass,3,90,,4.793
tx_pwr_DPSKPWR,2,M,8-HDRP,15,0,730,Pass,3,90,,3.869
tx_pwr_DPSKPWR,4,M,8-HDRP,15,0,730,Pass,3,90,,3.741
tx_pwr_DPSKPWR,5,M,8-HDRP,15,0,730,Pass,3,90,,3.657
tx_pwr_DPSKPWR,6,M,8-HDRP,15,0,730,Pass,3,90,,3.481
tx_pwr_DPSKPWR,7,M,8-HDRP,15,0,730,Pass,3,90,,3.09
tx_pwr_avg,0,L,DH5,15,0,1500,Pass,3,120,,16.85
tx_pwr_avg,0,M,DH5,15,0,1500,Pass,3,120,,16.533
tx_pwr_avg,0,H,DH5,15,0,1500,Pass,3,120,,16.193
tx_pwr_avg,1,L,DH5,15,1,1500,Pass,3,120,,15.407
tx_pwr_avg,1,M,DH5,15,1,1500,Pass,3,120,,15.263
tx_pwr_avg,1,H,DH5,15,1,1500,Pass,3,120,,15.245
tx_pwr_avg,2,L,DH5,15,0,1500,Pass,3,120,,14.292
tx_pwr_avg,2,M,DH5,15,0,1500,Pass,3,120,,14.087
tx_pwr_avg,2,H,DH5,15,0,1500,Pass,3,120,,14.102
tx_pwr_avg,4,L,DH5,15,0,1500,Pass,3,120,,14.045
tx_pwr_avg,4,M,DH5,15,0,1500,Pass,3,120,,13.991
tx_pwr_avg,4,H,DH5,15,0,1500,Pass,3,120,,13.898
tx_pwr_avg,5,L,DH5,15,0,1500,Pass,3,120,,13.948
tx_pwr_avg,5,M,DH5,15,0,1500,Pass,3,120,,13.842
tx_pwr_avg,5,H,DH5,15,0,1500,Pass,3,120,,13.795
tx_pwr_avg,6,L,DH5,15,0,1500,Pass,3,120,,13.701
tx_pwr_avg,6,M,DH5,15,0,1500,Pass,3,120,,13.546
tx_pwr_avg,6,H,DH5,15,0,1500,Pass,3,120,,13.264
tx_pwr_avg,7,L,DH5,15,0,1500,Pass,3,120,,13.235
tx_pwr_avg,7,M,DH5,15,0,1500,Pass,3,120,,13.031
tx_pwr_avg,7,H,DH5,15,0,1500,Pass,3,120,,12.77
tx_pwr_DPSKPWR,0,L,8-DH5,15,0,1500,Pass,3,120,,14.047
tx_pwr_DPSKPWR,0,M,8-DH5,15,0,1500,Pass,3,120,,13.695
tx_pwr_DPSKPWR,0,H,8-DH5,15,0,1500,Pass,3,120,,13.334
tx_pwr_DPSKPWR,1,L,8-DH5,15,1,1500,Pass,3,120,,12.604
tx_pwr_DPSKPWR,1,M,8-DH5,15,1,1500,Pass,3,120,,12.437
tx_pwr_DPSKPWR,1,H,8-DH5,15,1,1500,Pass,3,120,,12.411
tx_pwr_DPSKPWR,2,L,8-DH5,15,0,1500,Pass,3,120,,11.438
tx_pwr_DPSKPWR,2,M,8-DH5,15,0,1500,Pass,3,120,,11.22
tx_pwr_DPSKPWR,2,H,8-DH5,15,0,1500,Pass,3,120,,11.239
tx_pwr_DPSKPWR,4,L,8-DH5,15,0,1500,Pass,3,120,,11.208
tx_pwr_DPSKPWR,4,M,8-DH5,15,0,1500,Pass,3,120,,11.126
tx_pwr_DPSKPWR,4,H,8-DH5,15,0,1500,Pass,3,120,,11.036
tx_pwr_DPSKPWR,5,L,8-DH5,15,0,1500,Pass,3,120,,11.073
tx_pwr_DPSKPWR,5,M,8-DH5,15,0,1500,Pass,3,120,,10.974
tx_pwr_DPSKPWR,5,H,8-DH5,15,0,1500,Pass,3,120,,10.933
tx_pwr_DPSKPWR,6,L,8-DH5,15,0,1500,Pass,3,120,,10.88
tx_pwr_DPSKPWR,6,M,8-DH5,15,0,1500,Pass,3,120,,10.679
tx_pwr_DPSKPWR,6,H,8-DH5,15,0,1500,Pass,3,120,,10.404
tx_pwr_DPSKPWR,7,L,8-DH5,15,0,1500,Pass,3,120,,10.462
tx_pwr_DPSKPWR,7,M,8-DH5,15,0,1500,Pass,3,120,,10.177
tx_pwr_DPSKPWR,7,H,8-DH5,15,0,1500,Pass,3,120,,9.92
tx_pwr_DPSKPWR,0,L,8-HDRP,15,0,1500,Pass,3,120,,13.744
tx_pwr_DPSKPWR,0,M,8-HDRP,15,0,1500,Pass,3,120,,13.387
tx_pwr_DPSKPWR,0,H,8-HDRP,15,0,1500,Pass,3,120,,13.022
tx_pwr_DPSKPWR,1,L,8-HDRP,15,1,1500,Pass,3,120,,12.29
tx_pwr_DPSKPWR,1,M,8-HDRP,15,1,1500,Pass,3,120,,12.128
tx_pwr_DPSKPWR,1,H,8-HDRP,15,1,1500,Pass,3,120,,12.098
tx_pwr_DPSKPWR,2,L,8-HDRP,15,0,1500,Pass,3,120,,11.108
tx_pwr_DPSKPWR,2,M,8-HDRP,15,0,1500,Pass,3,120,,10.906
tx_pwr_DPSKPWR,2,H,8-HDRP,15,0,1500,Pass,3,120,,10.929
tx_pwr_DPSKPWR,4,L,8-HDRP,15,0,1500,Pass,3,120,,10.887
tx_pwr_DPSKPWR,4,M,8-HDRP,15,0,1500,Pass,3,120,,10.808
tx_pwr_DPSKPWR,4,H,8-HDRP,15,0,1500,Pass,3,120,,10.717
tx_pwr_DPSKPWR,5,L,8-HDRP,15,0,1500,Pass,3,120,,10.755
tx_pwr_DPSKPWR,5,M,8-HDRP,15,0,1500,Pass,3,120,,10.66
tx_pwr_DPSKPWR,5,H,8-HDRP,15,0,1500,Pass,3,120,,10.616
tx_pwr_DPSKPWR,6,L,8-HDRP,15,0,1500,Pass,3,120,,10.561
tx_pwr_DPSKPWR,6,M,8-HDRP,15,0,1500,Pass,3,120,,10.353
tx_pwr_DPSKPWR,6,H,8-HDRP,15,0,1500,Pass,3,120,,10.038
tx_pwr_DPSKPWR,7,L,8-HDRP,15,0,1500,Pass,3,120,,10.092
tx_pwr_DPSKPWR,7,M,8-HDRP,15,0,1500,Pass,3,120,,9.805
tx_pwr_DPSKPWR,7,H,8-HDRP,15,0,1500,Pass,3,120,,9.545
tx_pwr_avg,0,M,DH5,15,0,1200,Pass,3,120,,14.633
tx_pwr_avg,1,M,DH5,15,1,1200,Pass,3,120,,13.497
tx_pwr_avg,2,M,DH5,15,0,1200,Pass,3,120,,12.224
tx_pwr_avg,4,M,DH5,15,0,1200,Pass,3,120,,12.11
tx_pwr_avg,5,M,DH5,15,0,1200,Pass,3,120,,11.958
tx_pwr_avg,6,M,DH5,15,0,1200,Pass,3,120,,11.649
tx_pwr_avg,7,M,DH5,15,0,1200,Pass,3,120,,11.13
tx_pwr_DPSKPWR,0,M,8-DH5,15,0,1200,Pass,3,120,,11.719
tx_pwr_DPSKPWR,1,M,8-DH5,15,1,1200,Pass,3,120,,10.577
tx_pwr_DPSKPWR,2,M,8-DH5,15,0,1200,Pass,3,120,,9.31
tx_pwr_DPSKPWR,4,M,8-DH5,15,0,1200,Pass,3,120,,9.135
tx_pwr_DPSKPWR,5,M,8-DH5,15,0,1200,Pass,3,120,,8.982
tx_pwr_DPSKPWR,6,M,8-DH5,15,0,1200,Pass,3,120,,8.66
tx_pwr_DPSKPWR,7,M,8-DH5,15,0,1200,Pass,3,120,,8.144
tx_pwr_DPSKPWR,0,M,8-HDRP,15,0,1200,Pass,3,120,,11.394
tx_pwr_DPSKPWR,1,M,8-HDRP,15,1,1200,Pass,3,120,,10.213
tx_pwr_DPSKPWR,2,M,8-HDRP,15,0,1200,Pass,3,120,,8.942
tx_pwr_DPSKPWR,4,M,8-HDRP,15,0,1200,Pass,3,120,,8.799
tx_pwr_DPSKPWR,5,M,8-HDRP,15,0,1200,Pass,3,120,,8.641
tx_pwr_DPSKPWR,6,M,8-HDRP,15,0,1200,Pass,3,120,,8.33
tx_pwr_DPSKPWR,7,M,8-HDRP,15,0,1200,Pass,3,120,,7.809
tx_pwr_avg,0,M,DH5,15,0,730,Pass,3,120,,9.816
tx_pwr_avg,1,M,DH5,15,1,730,Pass,3,120,,8.741
tx_pwr_avg,2,M,DH5,15,0,730,Pass,3,120,,7.507
tx_pwr_avg,4,M,DH5,15,0,730,Pass,3,120,,7.367
tx_pwr_avg,5,M,DH5,15,0,730,Pass,3,120,,7.218
tx_pwr_avg,6,M,DH5,15,0,730,Pass,3,120,,6.901
tx_pwr_avg,7,M,DH5,15,0,730,Pass,3,120,,6.37
tx_pwr_DPSKPWR,0,M,8-DH5,15,0,730,Fail,3,120,,6.877
tx_pwr_DPSKPWR,1,M,8-DH5,15,1,730,Pass,3,120,,5.939
tx_pwr_DPSKPWR,2,M,8-DH5,15,0,730,Pass,3,120,,4.646
tx_pwr_DPSKPWR,4,M,8-DH5,15,0,730,Pass,3,120,,4.507
tx_pwr_DPSKPWR,5,M,8-DH5,15,0,730,Pass,3,120,,4.341
tx_pwr_DPSKPWR,6,M,8-DH5,15,0,730,Pass,3,120,,4.033
tx_pwr_DPSKPWR,7,M,8-DH5,15,0,730,Pass,3,120,,3.486
tx_pwr_DPSKPWR,0,M,8-HDRP,15,0,730,Pass,3,120,,6.552
tx_pwr_DPSKPWR,1,M,8-HDRP,15,1,730,Pass,3,120,,5.621
tx_pwr_DPSKPWR,2,M,8-HDRP,15,0,730,Pass,3,120,,4.324
tx_pwr_DPSKPWR,4,M,8-HDRP,15,0,730,Pass,3,120,,4.17
tx_pwr_DPSKPWR,5,M,8-HDRP,15,0,730,Pass,3,120,,4.003
tx_pwr_DPSKPWR,6,M,8-HDRP,15,0,730,Pass,3,120,,3.698
tx_pwr_DPSKPWR,7,M,8-HDRP,15,0,730,Pass,3,120,,3.102
tx_pwr_avg,0,L,DH5,15,0,1500,Pass,3,150,,17.402
tx_pwr_avg,0,M,DH5,15,0,1500,Pass,3,150,,17.097
tx_pwr_avg,0,H,DH5,15,0,1500,Pass,3,150,,16.746
tx_pwr_avg,1,L,DH5,15,1,1500,Pass,3,150,,16.275
tx_pwr_avg,1,M,DH5,15,1,1500,Pass,3,150,,16.096
tx_pwr_avg,1,H,DH5,15,1,1500,Pass,3,150,,16.045
tx_pwr_avg,2,L,DH5,15,0,1500,Pass,3,150,,14.934
tx_pwr_avg,2,M,DH5,15,0,1500,Pass,3,150,,14.74
tx_pwr_avg,2,H,DH5,15,0,1500,Pass,3,150,,14.766
tx_pwr_avg,4,L,DH5,15,0,1500,Pass,3,150,,14.691
tx_pwr_avg,4,M,DH5,15,0,1500,Pass,3,150,,14.61
tx_pwr_avg,4,H,DH5,15,0,1500,Pass,3,150,,14.502
tx_pwr_avg,5,L,DH5,15,0,1500,Pass,3,150,,14.495
tx_pwr_avg,5,M,DH5,15,0,1500,Pass,3,150,,14.367
tx_pwr_avg,5,H,DH5,15,0,1500,Pass,3,150,,14.27
tx_pwr_avg,6,L,DH5,15,0,1500,Pass,3,150,,14.169
tx_pwr_avg,6,M,DH5,15,0,1500,Pass,3,150,,13.924
tx_pwr_avg,6,H,DH5,15,0,1500,Pass,3,150,,13.608
tx_pwr_avg,7,L,DH5,15,0,1500,Pass,3,150,,13.555
tx_pwr_avg,7,M,DH5,15,0,1500,Pass,3,150,,13.337
tx_pwr_avg,7,H,DH5,15,0,1500,Pass,3,150,,13.1
tx_pwr_DPSKPWR,0,L,8-DH5,15,0,1500,Fail,3,150,,14.657
tx_pwr_DPSKPWR,0,M,8-DH5,15,0,1500,Fail,3,150,,14.322
tx_pwr_DPSKPWR,0,H,8-DH5,15,0,1500,Fail,3,150,,13.937
tx_pwr_DPSKPWR,1,L,8-DH5,15,1,1500,Pass,3,150,,13.503
tx_pwr_DPSKPWR,1,M,8-DH5,15,1,1500,Pass,3,150,,13.279
tx_pwr_DPSKPWR,1,H,8-DH5,15,1,1500,Pass,3,150,,13.226
tx_pwr_DPSKPWR,2,L,8-DH5,15,0,1500,Pass,3,150,,12.061
tx_pwr_DPSKPWR,2,M,8-DH5,15,0,1500,Pass,3,150,,11.868
tx_pwr_DPSKPWR,2,H,8-DH5,15,0,1500,Pass,3,150,,11.866
tx_pwr_DPSKPWR,4,L,8-DH5,15,0,1500,Pass,3,150,,11.814
tx_pwr_DPSKPWR,4,M,8-DH5,15,0,1500,Pass,3,150,,11.705
tx_pwr_DPSKPWR,4,H,8-DH5,15,0,1500,Pass,3,150,,11.584
tx_pwr_DPSKPWR,5,L,8-DH5,15,0,1500,Pass,3,150,,11.568
tx_pwr_DPSKPWR,5,M,8-DH5,15,0,1500,Pass,3,150,,11.438
tx_pwr_DPSKPWR,5,H,8-DH5,15,0,1500,Pass,3,150,,11.349
tx_pwr_DPSKPWR,6,L,8-DH5,15,0,1500,Pass,3,150,,11.287
tx_pwr_DPSKPWR,6,M,8-DH5,15,0,1500,Pass,3,150,,10.977
tx_pwr_DPSKPWR,6,H,8-DH5,15,0,1500,Pass,3,150,,10.66
tx_pwr_DPSKPWR,7,L,8-DH5,15,0,1500,Pass,3,150,,10.701
tx_pwr_DPSKPWR,7,M,8-DH5,15,0,1500,Pass,3,150,,10.378
tx_pwr_DPSKPWR,7,H,8-DH5,15,0,1500,Pass,3,150,,10.13
tx_pwr_DPSKPWR,0,L,8-HDRP,15,0,1500,Pass,3,150,,14.357
tx_pwr_DPSKPWR,0,M,8-HDRP,15,0,1500,Pass,3,150,,14.012
tx_pwr_DPSKPWR,0,H,8-HDRP,15,0,1500,Pass,3,150,,13.623
tx_pwr_DPSKPWR,1,L,8-HDRP,15,1,1500,Pass,3,150,,13.153
tx_pwr_DPSKPWR,1,M,8-HDRP,15,1,1500,Pass,3,150,,12.924
tx_pwr_DPSKPWR,1,H,8-HDRP,15,1,1500,Pass,3,150,,12.87
tx_pwr_DPSKPWR,2,L,8-HDRP,15,0,1500,Pass,3,150,,11.698
tx_pwr_DPSKPWR,2,M,8-HDRP,15,0,1500,Pass,3,150,,11.503
tx_pwr_DPSKPWR,2,H,8-HDRP,15,0,1500,Pass,3,150,,11.497
tx_pwr_DPSKPWR,4,L,8-HDRP,15,0,1500,Pass,3,150,,11.447
tx_pwr_DPSKPWR,4,M,8-HDRP,15,0,1500,Pass,3,150,,11.33
tx_pwr_DPSKPWR,4,H,8-HDRP,15,0,1500,Pass,3,150,,11.216
tx_pwr_DPSKPWR,5,L,8-HDRP,15,0,1500,Pass,3,150,,11.196
tx_pwr_DPSKPWR,5,M,8-HDRP,15,0,1500,Pass,3,150,,11.069
tx_pwr_DPSKPWR,5,H,8-HDRP,15,0,1500,Pass,3,150,,10.978
tx_pwr_DPSKPWR,6,L,8-HDRP,15,0,1500,Pass,3,150,,10.913
tx_pwr_DPSKPWR,6,M,8-HDRP,15,0,1500,Pass,3,150,,10.604
tx_pwr_DPSKPWR,6,H,8-HDRP,15,0,1500,Pass,3,150,,10.321
tx_pwr_DPSKPWR,7,L,8-HDRP,15,0,1500,Pass,3,150,,10.358
tx_pwr_DPSKPWR,7,M,8-HDRP,15,0,1500,Pass,3,150,,10.037
tx_pwr_DPSKPWR,7,H,8-HDRP,15,0,1500,Pass,3,150,,9.79
tx_pwr_avg,0,M,DH5,15,0,1200,Pass,3,150,,15.213
tx_pwr_avg,1,M,DH5,15,1,1200,Pass,3,150,,14.293
tx_pwr_avg,2,M,DH5,15,0,1200,Pass,3,150,,12.852
tx_pwr_avg,4,M,DH5,15,0,1200,Pass,3,150,,12.661
tx_pwr_avg,5,M,DH5,15,0,1200,Pass,3,150,,12.414
tx_pwr_avg,6,M,DH5,15,0,1200,Pass,3,150,,11.934
tx_pwr_avg,7,M,DH5,15,0,1200,Pass,3,150,,11.349
tx_pwr_DPSKPWR,0,M,8-DH5,15,0,1200,Pass,3,150,,12.352
tx_pwr_DPSKPWR,1,M,8-DH5,15,1,1200,Pass,3,150,,11.405
tx_pwr_DPSKPWR,2,M,8-DH5,15,0,1200,Pass,3,150,,9.906
tx_pwr_DPSKPWR,4,M,8-DH5,15,0,1200,Pass,3,150,,9.714
tx_pwr_DPSKPWR,5,M,8-DH5,15,0,1200,Pass,3,150,,9.462
tx_pwr_DPSKPWR,6,M,8-DH5,15,0,1200,Pass,3,150,,8.977
tx_pwr_DPSKPWR,7,M,8-DH5,15,0,1200,Pass,3,150,,8.392
tx_pwr_DPSKPWR,0,M,8-HDRP,15,0,1200,Pass,3,150,,12.03
tx_pwr_DPSKPWR,1,M,8-HDRP,15,1,1200,Pass,3,150,,11.08
tx_pwr_DPSKPWR,2,M,8-HDRP,15,0,1200,Pass,3,150,,9.569
tx_pwr_DPSKPWR,4,M,8-HDRP,15,0,1200,Pass,3,150,,9.386
tx_pwr_DPSKPWR,5,M,8-HDRP,15,0,1200,Pass,3,150,,9.127
tx_pwr_DPSKPWR,6,M,8-HDRP,15,0,1200,Pass,3,150,,8.638
tx_pwr_DPSKPWR,7,M,8-HDRP,15,0,1200,Pass,3,150,,8.052
tx_pwr_avg,0,M,DH5,15,0,730,Pass,3,150,,10.388
tx_pwr_avg,1,M,DH5,15,1,730,Pass,3,150,,9.571
tx_pwr_avg,2,M,DH5,15,0,730,Pass,3,150,,8.123
tx_pwr_avg,4,M,DH5,15,0,730,Pass,3,150,,7.937
tx_pwr_avg,5,M,DH5,15,0,730,Pass,3,150,,7.686
tx_pwr_avg,6,M,DH5,15,0,730,Pass,3,150,,7.196
tx_pwr_avg,7,M,DH5,15,0,730,Pass,3,150,,6.61
tx_pwr_DPSKPWR,0,M,8-DH5,15,0,730,Fail,3,150,,7.426
tx_pwr_DPSKPWR,1,M,8-DH5,15,1,730,Pass,3,150,,6.774
tx_pwr_DPSKPWR,2,M,8-DH5,15,0,730,Pass,3,150,,5.273
tx_pwr_DPSKPWR,4,M,8-DH5,15,0,730,Pass,3,150,,5.082
tx_pwr_DPSKPWR,5,M,8-DH5,15,0,730,Pass,3,150,,4.814
tx_pwr_DPSKPWR,6,M,8-DH5,15,0,730,Pass,3,150,,4.314
tx_pwr_DPSKPWR,7,M,8-DH5,15,0,730,Pass,3,150,,3.72
tx_pwr_DPSKPWR,0,M,8-HDRP,15,0,730,Pass,3,150,,7.112
tx_pwr_DPSKPWR,1,M,8-HDRP,15,1,730,Pass,3,150,,6.453
tx_pwr_DPSKPWR,2,M,8-HDRP,15,0,730,Pass,3,150,,4.96
tx_pwr_DPSKPWR,4,M,8-HDRP,15,0,730,Pass,3,150,,4.763
tx_pwr_DPSKPWR,5,M,8-HDRP,15,0,730,Pass,3,150,,4.498
tx_pwr_DPSKPWR,6,M,8-HDRP,15,0,730,Pass,3,150,,3.997
tx_pwr_DPSKPWR,7,M,8-HDRP,15,0,730,Pass,3,150,,3.401
tx_pwr_avg,0,L,DH5,15,0,1500,Pass,3,180,,17.667
tx_pwr_avg,0,M,DH5,15,0,1500,Pass,3,180,,17.432
tx_pwr_avg,0,H,DH5,15,0,1500,Pass,3,180,,17.161
tx_pwr_avg,1,L,DH5,15,1,1500,Pass,3,180,,16.902
tx_pwr_avg,1,M,DH5,15,1,1500,Pass,3,180,,16.732
tx_pwr_avg,1,H,DH5,15,1,1500,Pass,3,180,,16.64
tx_pwr_avg,2,L,DH5,15,0,1500,Pass,3,180,,15.639
tx_pwr_avg,2,M,DH5,15,0,1500,Pass,3,180,,15.488
tx_pwr_avg,2,H,DH5,15,0,1500,Pass,3,180,,15.492
tx_pwr_avg,4,L,DH5,15,0,1500,Pass,3,180,,15.426
tx_pwr_avg,4,M,DH5,15,0,1500,Pass,3,180,,15.321
tx_pwr_avg,4,H,DH5,15,0,1500,Pass,3,180,,15.194
tx_pwr_avg,5,L,DH5,15,0,1500,Pass,3,180,,15.18
tx_pwr_avg,5,M,DH5,15,0,1500,Pass,3,180,,15.005
tx_pwr_avg,5,H,DH5,15,0,1500,Pass,3,180,,14.9
tx_pwr_avg,6,L,DH5,15,0,1500,Pass,3,180,,14.748
tx_pwr_avg,6,M,DH5,15,0,1500,Pass,3,180,,14.48
tx_pwr_avg,6,H,DH5,15,0,1500,Pass,3,180,,14.161
tx_pwr_avg,7,L,DH5,15,0,1500,Pass,3,180,,14.116
tx_pwr_avg,7,M,DH5,15,0,1500,Pass,3,180,,13.89
tx_pwr_avg,7,H,DH5,15,0,1500,Pass,3,180,,13.673
tx_pwr_DPSKPWR,0,L,8-DH5,15,0,1500,Fail,3,180,,15.019
tx_pwr_DPSKPWR,0,M,8-DH5,15,0,1500,Fail,3,180,,14.744
tx_pwr_DPSKPWR,0,H,8-DH5,15,0,1500,Fail,3,180,,14.435
tx_pwr_DPSKPWR,1,L,8-DH5,15,1,1500,Pass,3,180,,14.197
tx_pwr_DPSKPWR,1,M,8-DH5,15,1,1500,Pass,3,180,,14.012
tx_pwr_DPSKPWR,1,H,8-DH5,15,1,1500,Pass,3,180,,13.912
tx_pwr_DPSKPWR,2,L,8-DH5,15,0,1500,Pass,3,180,,12.832
tx_pwr_DPSKPWR,2,M,8-DH5,15,0,1500,Pass,3,180,,12.669
tx_pwr_DPSKPWR,2,H,8-DH5,15,0,1500,Pass,3,180,,12.683
tx_pwr_DPSKPWR,4,L,8-DH5,15,0,1500,Pass,3,180,,12.623
tx_pwr_DPSKPWR,4,M,8-DH5,15,0,1500,Pass,3,180,,12.475
tx_pwr_DPSKPWR,4,H,8-DH5,15,0,1500,Pass,3,180,,12.332
tx_pwr_DPSKPWR,5,L,8-DH5,15,0,1500,Pass,3,180,,12.32
tx_pwr_DPSKPWR,5,M,8-DH5,15,0,1500,Pass,3,180,,12.124
tx_pwr_DPSKPWR,5,H,8-DH5,15,0,1500,Pass,3,180,,12.012
tx_pwr_DPSKPWR,6,L,8-DH5,15,0,1500,Pass,3,180,,11.901
tx_pwr_DPSKPWR,6,M,8-DH5,15,0,1500,Pass,3,180,,11.583
tx_pwr_DPSKPWR,6,H,8-DH5,15,0,1500,Pass,3,180,,11.263
tx_pwr_DPSKPWR,7,L,8-DH5,15,0,1500,Pass,3,180,,11.302
tx_pwr_DPSKPWR,7,M,8-DH5,15,0,1500,Pass,3,180,,10.983
tx_pwr_DPSKPWR,7,H,8-DH5,15,0,1500,Pass,3,180,,10.763
tx_pwr_DPSKPWR,0,L,8-HDRP,15,0,1500,Pass,3,180,,14.74
tx_pwr_DPSKPWR,0,M,8-HDRP,15,0,1500,Pass,3,180,,14.455
tx_pwr_DPSKPWR,0,H,8-HDRP,15,0,1500,Pass,3,180,,14.136
tx_pwr_DPSKPWR,1,L,8-HDRP,15,1,1500,Pass,3,180,,13.909
tx_pwr_DPSKPWR,1,M,8-HDRP,15,1,1500,Pass,3,180,,13.723
tx_pwr_DPSKPWR,1,H,8-HDRP,15,1,1500,Pass,3,180,,13.621
tx_pwr_DPSKPWR,2,L,8-HDRP,15,0,1500,Pass,3,180,,12.536
tx_pwr_DPSKPWR,2,M,8-HDRP,15,0,1500,Pass,3,180,,12.37
tx_pwr_DPSKPWR,2,H,8-HDRP,15,0,1500,Pass,3,180,,12.377
tx_pwr_DPSKPWR,4,L,8-HDRP,15,0,1500,Pass,3,180,,12.323
tx_pwr_DPSKPWR,4,M,8-HDRP,15,0,1500,Pass,3,180,,12.171
tx_pwr_DPSKPWR,4,H,8-HDRP,15,0,1500,Pass,3,180,,12.028
tx_pwr_DPSKPWR,5,L,8-HDRP,15,0,1500,Pass,3,180,,12.014
tx_pwr_DPSKPWR,5,M,8-HDRP,15,0,1500,Pass,3,180,,11.816
tx_pwr_DPSKPWR,5,H,8-HDRP,15,0,1500,Pass,3,180,,11.696
tx_pwr_DPSKPWR,6,L,8-HDRP,15,0,1500,Pass,3,180,,11.594
tx_pwr_DPSKPWR,6,M,8-HDRP,15,0,1500,Pass,3,180,,11.272
tx_pwr_DPSKPWR,6,H,8-HDRP,15,0,1500,Pass,3,180,,10.908
tx_pwr_DPSKPWR,7,L,8-HDRP,15,0,1500,Pass,3,180,,10.944
tx_pwr_DPSKPWR,7,M,8-HDRP,15,0,1500,Pass,3,180,,10.623
tx_pwr_DPSKPWR,7,H,8-HDRP,15,0,1500,Pass,3,180,,10.399
tx_pwr_avg,0,M,DH5,15,0,1200,Pass,3,180,,15.651
tx_pwr_avg,1,M,DH5,15,1,1200,Pass,3,180,,15.044
tx_pwr_avg,2,M,DH5,15,0,1200,Pass,3,180,,13.67
tx_pwr_avg,4,M,DH5,15,0,1200,Pass,3,180,,13.443
tx_pwr_avg,5,M,DH5,15,0,1200,Pass,3,180,,13.137
tx_pwr_avg,6,M,DH5,15,0,1200,Pass,3,180,,12.552
tx_pwr_avg,7,M,DH5,15,0,1200,Pass,3,180,,11.942
tx_pwr_DPSKPWR,0,M,8-DH5,15,0,1200,Pass,3,180,,12.821
tx_pwr_DPSKPWR,1,M,8-DH5,15,1,1200,Pass,3,180,,12.185
tx_pwr_DPSKPWR,2,M,8-DH5,15,0,1200,Pass,3,180,,10.779
tx_pwr_DPSKPWR,4,M,8-DH5,15,0,1200,Pass,3,180,,10.516
tx_pwr_DPSKPWR,5,M,8-DH5,15,0,1200,Pass,3,180,,10.195
tx_pwr_DPSKPWR,6,M,8-DH5,15,0,1200,Pass,3,180,,9.604
tx_pwr_DPSKPWR,7,M,8-DH5,15,0,1200,Pass,3,180,,8.985
tx_pwr_DPSKPWR,0,M,8-HDRP,15,0,1200,Pass,3,180,,12.506
tx_pwr_DPSKPWR,1,M,8-HDRP,15,1,1200,Pass,3,180,,11.87
tx_pwr_DPSKPWR,2,M,8-HDRP,15,0,1200,Pass,3,180,,10.451
tx_pwr_DPSKPWR,4,M,8-HDRP,15,0,1200,Pass,3,180,,10.187
tx_pwr_DPSKPWR,5,M,8-HDRP,15,0,1200,Pass,3,180,,9.865
tx_pwr_DPSKPWR,6,M,8-HDRP,15,0,1200,Pass,3,180,,9.266
tx_pwr_DPSKPWR,7,M,8-HDRP,15,0,1200,Pass,3,180,,8.648
tx_pwr_avg,0,M,DH5,15,0,730,Pass,3,180,,10.829
tx_pwr_avg,1,M,DH5,15,1,730,Pass,3,180,,10.333
tx_pwr_avg,2,M,DH5,15,0,730,Pass,3,180,,8.98
tx_pwr_avg,4,M,DH5,15,0,730,Pass,3,180,,8.729
tx_pwr_avg,5,M,DH5,15,0,730,Pass,3,180,,8.414
tx_pwr_avg,6,M,DH5,15,0,730,Pass,3,180,,7.823
tx_pwr_avg,7,M,DH5,15,0,730,Pass,3,180,,7.208
tx_pwr_DPSKPWR,0,M,8-DH5,15,0,730,Fail,3,180,,7.825
tx_pwr_DPSKPWR,1,M,8-DH5,15,1,730,Pass,3,180,,7.532
tx_pwr_DPSKPWR,2,M,8-DH5,15,0,730,Pass,3,180,,6.153
tx_pwr_DPSKPWR,4,M,8-DH5,15,0,730,Pass,3,180,,5.893
tx_pwr_DPSKPWR,5,M,8-DH5,15,0,730,Pass,3,180,,5.567
tx_pwr_DPSKPWR,6,M,8-DH5,15,0,730,Pass,3,180,,4.963
tx_pwr_DPSKPWR,7,M,8-DH5,15,0,730,Pass,3,180,,4.333
tx_pwr_DPSKPWR,0,M,8-HDRP,15,0,730,Pass,3,180,,7.513
tx_pwr_DPSKPWR,1,M,8-HDRP,15,1,730,Pass,3,180,,7.211
tx_pwr_DPSKPWR,2,M,8-HDRP,15,0,730,Pass,3,180,,5.828
tx_pwr_DPSKPWR,4,M,8-HDRP,15,0,730,Pass,3,180,,5.576
tx_pwr_DPSKPWR,5,M,8-HDRP,15,0,730,Pass,3,180,,5.248
tx_pwr_DPSKPWR,6,M,8-HDRP,15,0,730,Pass,3,180,,4.641
tx_pwr_DPSKPWR,7,M,8-HDRP,15,0,730,Pass,3,180,,4.009
tx_pwr_avg,0,L,DH5,15,0,1500,Pass,3,210,,17.549
tx_pwr_avg,0,M,DH5,15,0,1500,Pass,3,210,,17.433
tx_pwr_avg,0,H,DH5,15,0,1500,Pass,3,210,,17.296
tx_pwr_avg,1,L,DH5,15,1,1500,Pass,3,210,,17.228
tx_pwr_avg,1,M,DH5,15,1,1500,Pass,3,210,,17.062
tx_pwr_avg,1,H,DH5,15,1,1500,Pass,3,210,,16.943
tx_pwr_avg,2,L,DH5,15,0,1500,Pass,3,210,,16.286
tx_pwr_avg,2,M,DH5,15,0,1500,Pass,3,210,,16.173
tx_pwr_avg,2,H,DH5,15,0,1500,Pass,3,210,,16.186
tx_pwr_avg,4,L,DH5,15,0,1500,Pass,3,210,,16.127
tx_pwr_avg,4,M,DH5,15,0,1500,Pass,3,210,,16.012
tx_pwr_avg,4,H,DH5,15,0,1500,Pass,3,210,,15.807
tx_pwr_avg,5,L,DH5,15,0,1500,Pass,3,210,,15.891
tx_pwr_avg,5,M,DH5,15,0,1500,Pass,3,210,,15.621
tx_pwr_avg,5,H,DH5,15,0,1500,Pass,3,210,,15.466
tx_pwr_avg,6,L,DH5,15,0,1500,Pass,3,210,,15.353
tx_pwr_avg,6,M,DH5,15,0,1500,Pass,3,210,,15.12
tx_pwr_avg,6,H,DH5,15,0,1500,Pass,3,210,,14.809
tx_pwr_avg,7,L,DH5,15,0,1500,Pass,3,210,,14.783
tx_pwr_avg,7,M,DH5,15,0,1500,Pass,3,210,,14.622
tx_pwr_avg,7,H,DH5,15,0,1500,Pass,3,210,,14.414
tx_pwr_DPSKPWR,0,L,8-DH5,15,0,1500,Pass,3,210,,14.882
tx_pwr_DPSKPWR,0,M,8-DH5,15,0,1500,Pass,3,210,,14.752
tx_pwr_DPSKPWR,0,H,8-DH5,15,0,1500,Pass,3,210,,14.594
tx_pwr_DPSKPWR,1,L,8-DH5,15,1,1500,Pass,3,210,,14.505
tx_pwr_DPSKPWR,1,M,8-DH5,15,1,1500,Pass,3,210,,14.331
tx_pwr_DPSKPWR,1,H,8-DH5,15,1,1500,Pass,3,210,,14.204
tx_pwr_DPSKPWR,2,L,8-DH5,15,0,1500,Pass,3,210,,13.521
tx_pwr_DPSKPWR,2,M,8-DH5,15,0,1500,Pass,3,210,,13.393
tx_pwr_DPSKPWR,2,H,8-DH5,15,0,1500,Pass,3,210,,13.387
tx_pwr_DPSKPWR,4,L,8-DH5,15,0,1500,Pass,3,210,,13.33
tx_pwr_DPSKPWR,4,M,8-DH5,15,0,1500,Pass,3,210,,13.179
tx_pwr_DPSKPWR,4,H,8-DH5,15,0,1500,Pass,3,210,,12.941
tx_pwr_DPSKPWR,5,L,8-DH5,15,0,1500,Pass,3,210,,12.975
tx_pwr_DPSKPWR,5,M,8-DH5,15,0,1500,Pass,3,210,,12.738
tx_pwr_DPSKPWR,5,H,8-DH5,15,0,1500,Pass,3,210,,12.557
tx_pwr_DPSKPWR,6,L,8-DH5,15,0,1500,Pass,3,210,,12.492
tx_pwr_DPSKPWR,6,M,8-DH5,15,0,1500,Pass,3,210,,12.183
tx_pwr_DPSKPWR,6,H,8-DH5,15,0,1500,Pass,3,210,,11.861
tx_pwr_DPSKPWR,7,L,8-DH5,15,0,1500,Pass,3,210,,11.899
tx_pwr_DPSKPWR,7,M,8-DH5,15,0,1500,Pass,3,210,,11.658
tx_pwr_DPSKPWR,7,H,8-DH5,15,0,1500,Pass,3,210,,11.422
tx_pwr_DPSKPWR,0,L,8-HDRP,15,0,1500,Pass,3,210,,14.593
tx_pwr_DPSKPWR,0,M,8-HDRP,15,0,1500,Pass,3,210,,14.455
tx_pwr_DPSKPWR,0,H,8-HDRP,15,0,1500,Pass,3,210,,14.294
tx_pwr_DPSKPWR,1,L,8-HDRP,15,1,1500,Pass,3,210,,14.205
tx_pwr_DPSKPWR,1,M,8-HDRP,15,1,1500,Pass,3,210,,14.031
tx_pwr_DPSKPWR,1,H,8-HDRP,15,1,1500,Pass,3,210,,13.904
tx_pwr_DPSKPWR,2,L,8-HDRP,15,0,1500,Pass,3,210,,13.213
tx_pwr_DPSKPWR,2,M,8-HDRP,15,0,1500,Pass,3,210,,13.08
tx_pwr_DPSKPWR,2,H,8-HDRP,15,0,1500,Pass,3,210,,13.086
tx_pwr_DPSKPWR,4,L,8-HDRP,15,0,1500,Pass,3,210,,13.02
tx_pwr_DPSKPWR,4,M,8-HDRP,15,0,1500,Pass,3,210,,12.865
tx_pwr_DPSKPWR,4,H,8-HDRP,15,0,1500,Pass,3,210,,12.626
tx_pwr_DPSKPWR,5,L,8-HDRP,15,0,1500,Pass,3,210,,12.654
tx_pwr_DPSKPWR,5,M,8-HDRP,15,0,1500,Pass,3,210,,12.418
tx_pwr_DPSKPWR,5,H,8-HDRP,15,0,1500,Pass,3,210,,12.233
tx_pwr_DPSKPWR,6,L,8-HDRP,15,0,1500,Pass,3,210,,12.169
tx_pwr_DPSKPWR,6,M,8-HDRP,15,0,1500,Pass,3,210,,11.855
tx_pwr_DPSKPWR,6,H,8-HDRP,15,0,1500,Pass,3,210,,11.533
tx_pwr_DPSKPWR,7,L,8-HDRP,15,0,1500,Pass,3,210,,11.58
tx_pwr_DPSKPWR,7,M,8-HDRP,15,0,1500,Pass,3,210,,11.336
tx_pwr_DPSKPWR,7,H,8-HDRP,15,0,1500,Pass,3,210,,11.109
tx_pwr_avg,0,M,DH5,15,0,1200,Pass,3,210,,15.644
tx_pwr_avg,1,M,DH5,15,1,1200,Pass,3,210,,15.325
tx_pwr_avg,2,M,DH5,15,0,1200,Pass,3,210,,14.381
tx_pwr_avg,4,M,DH5,15,0,1200,Pass,3,210,,14.143
tx_pwr_avg,5,M,DH5,15,0,1200,Pass,3,210,,13.694
tx_pwr_avg,6,M,DH5,15,0,1200,Pass,3,210,,13.161
tx_pwr_avg,7,M,DH5,15,0,1200,Pass,3,210,,12.648
tx_pwr_DPSKPWR,0,M,8-DH5,15,0,1200,Pass,3,210,,12.828
tx_pwr_DPSKPWR,1,M,8-DH5,15,1,1200,Pass,3,210,,12.502
tx_pwr_DPSKPWR,2,M,8-DH5,15,0,1200,Pass,3,210,,11.535
tx_pwr_DPSKPWR,4,M,8-DH5,15,0,1200,Pass,3,210,,11.274
tx_pwr_DPSKPWR,5,M,8-DH5,15,0,1200,Pass,3,210,,10.802
tx_pwr_DPSKPWR,6,M,8-DH5,15,0,1200,Pass,3,210,,10.254
tx_pwr_DPSKPWR,7,M,8-DH5,15,0,1200,Pass,3,210,,9.725
tx_pwr_DPSKPWR,0,M,8-HDRP,15,0,1200,Pass,3,210,,12.515
tx_pwr_DPSKPWR,1,M,8-HDRP,15,1,1200,Pass,3,210,,12.185
tx_pwr_DPSKPWR,2,M,8-HDRP,15,0,1200,Pass,3,210,,11.218
tx_pwr_DPSKPWR,4,M,8-HDRP,15,0,1200,Pass,3,210,,10.949
tx_pwr_DPSKPWR,5,M,8-HDRP,15,0,1200,Pass,3,210,,10.482
tx_pwr_DPSKPWR,6,M,8-HDRP,15,0,1200,Pass,3,210,,9.928
tx_pwr_DPSKPWR,7,M,8-HDRP,15,0,1200,Pass,3,210,,9.397
tx_pwr_avg,0,M,DH5,15,0,730,Pass,3,210,,10.842
tx_pwr_avg,1,M,DH5,15,1,730,Pass,3,210,,10.634
tx_pwr_avg,2,M,DH5,15,0,730,Pass,3,210,,9.726
tx_pwr_avg,4,M,DH5,15,0,730,Pass,3,210,,9.477
tx_pwr_avg,5,M,DH5,15,0,730,Pass,3,210,,9.012
tx_pwr_avg,6,M,DH5,15,0,730,Pass,3,210,,8.475
tx_pwr_avg,7,M,DH5,15,0,730,Pass,3,210,,7.946
tx_pwr_DPSKPWR,0,M,8-DH5,15,0,730,Pass,3,210,,7.823
tx_pwr_DPSKPWR,1,M,8-DH5,15,1,730,Pass,3,210,,7.812
tx_pwr_DPSKPWR,2,M,8-DH5,15,0,730,Pass,3,210,,6.919
tx_pwr_DPSKPWR,4,M,8-DH5,15,0,730,Pass,3,210,,6.657
tx_pwr_DPSKPWR,5,M,8-DH5,15,0,730,Pass,3,210,,6.19
tx_pwr_DPSKPWR,6,M,8-DH5,15,0,730,Pass,3,210,,5.641
tx_pwr_DPSKPWR,7,M,8-DH5,15,0,730,Pass,3,210,,5.093
tx_pwr_DPSKPWR,0,M,8-HDRP,15,0,730,Pass,3,210,,7.509
tx_pwr_DPSKPWR,1,M,8-HDRP,15,1,730,Pass,3,210,,7.498
tx_pwr_DPSKPWR,2,M,8-HDRP,15,0,730,Pass,3,210,,6.6
tx_pwr_DPSKPWR,4,M,8-HDRP,15,0,730,Pass,3,210,,6.345
tx_pwr_DPSKPWR,5,M,8-HDRP,15,0,730,Pass,3,210,,5.881
tx_pwr_DPSKPWR,6,M,8-HDRP,15,0,730,Pass,3,210,,5.326
tx_pwr_DPSKPWR,7,M,8-HDRP,15,0,730,Pass,3,210,,4.781
tx_pwr_avg,0,L,DH5,15,0,1500,Pass,3,240,,17.043
tx_pwr_avg,0,M,DH5,15,0,1500,Pass,3,240,,17.057
tx_pwr_avg,0,H,DH5,15,0,1500,Pass,3,240,,17.067
tx_pwr_avg,1,L,DH5,15,1,1500,Pass,3,240,,17.026
tx_pwr_avg,1,M,DH5,15,1,1500,Pass,3,240,,16.872
tx_pwr_avg,1,H,DH5,15,1,1500,Pass,3,240,,16.761
tx_pwr_avg,2,L,DH5,15,0,1500,Pass,3,240,,16.651
tx_pwr_avg,2,M,DH5,15,0,1500,Pass,3,240,,16.582
tx_pwr_avg,2,H,DH5,15,0,1500,Pass,3,240,,16.595
tx_pwr_avg,4,L,DH5,15,0,1500,Pass,3,240,,16.524
tx_pwr_avg,4,M,DH5,15,0,1500,Pass,3,240,,16.403
tx_pwr_avg,4,H,DH5,15,0,1500,Pass,3,240,,16.226
tx_pwr_avg,5,L,DH5,15,0,1500,Pass,3,240,,16.25
tx_pwr_avg,5,M,DH5,15,0,1500,Pass,3,240,,16.064
tx_pwr_avg,5,H,DH5,15,0,1500,Pass,3,240,,15.919
tx_pwr_avg,6,L,DH5,15,0,1500,Pass,3,240,,15.811
tx_pwr_avg,6,M,DH5,15,0,1500,Pass,3,240,,15.643
tx_pwr_avg,6,H,DH5,15,0,1500,Pass,3,240,,15.385
tx_pwr_avg,7,L,DH5,15,0,1500,Pass,3,240,,15.386
tx_pwr_avg,7,M,DH5,15,0,1500,Pass,3,240,,15.253
tx_pwr_avg,7,H,DH5,15,0,1500,Pass,3,240,,15.116
tx_pwr_DPSKPWR,0,L,8-DH5,15,0,1500,Pass,3,240,,14.271
tx_pwr_DPSKPWR,0,M,8-DH5,15,0,1500,Pass,3,240,,14.294
tx_pwr_DPSKPWR,0,H,8-DH5,15,0,1500,Pass,3,240,,14.294
tx_pwr_DPSKPWR,1,L,8-DH5,15,1,1500,Pass,3,240,,14.212
tx_pwr_DPSKPWR,1,M,8-DH5,15,1,1500,Pass,3,240,,14.059
tx_pwr_DPSKPWR,1,H,8-DH5,15,1,1500,Pass,3,240,,13.965
tx_pwr_DPSKPWR,2,L,8-DH5,15,0,1500,Pass,3,240,,13.895
tx_pwr_DPSKPWR,2,M,8-DH5,15,0,1500,Pass,3,240,,13.825
tx_pwr_DPSKPWR,2,H,8-DH5,15,0,1500,Pass,3,240,,13.838
tx_pwr_DPSKPWR,4,L,8-DH5,15,0,1500,Pass,3,240,,13.769
tx_pwr_DPSKPWR,4,M,8-DH5,15,0,1500,Pass,3,240,,13.612
tx_pwr_DPSKPWR,4,H,8-DH5,15,0,1500,Pass,3,240,,13.417
tx_pwr_DPSKPWR,5,L,8-DH5,15,0,1500,Pass,3,240,,13.421
tx_pwr_DPSKPWR,5,M,8-DH5,15,0,1500,Pass,3,240,,13.224
tx_pwr_DPSKPWR,5,H,8-DH5,15,0,1500,Pass,3,240,,13.057
tx_pwr_DPSKPWR,6,L,8-DH5,15,0,1500,Pass,3,240,,12.976
tx_pwr_DPSKPWR,6,M,8-DH5,15,0,1500,Pass,3,240,,12.755
tx_pwr_DPSKPWR,6,H,8-DH5,15,0,1500,Pass,3,240,,12.488
tx_pwr_DPSKPWR,7,L,8-DH5,15,0,1500,Pass,3,240,,12.555
tx_pwr_DPSKPWR,7,M,8-DH5,15,0,1500,Pass,3,240,,12.352
tx_pwr_DPSKPWR,7,H,8-DH5,15,0,1500,Pass,3,240,,12.188
tx_pwr_DPSKPWR,0,L,8-HDRP,15,0,1500,Pass,3,240,,13.973
tx_pwr_DPSKPWR,0,M,8-HDRP,15,0,1500,Pass,3,240,,13.992
tx_pwr_DPSKPWR,0,H,8-HDRP,15,0,1500,Pass,3,240,,13.995
tx_pwr_DPSKPWR,1,L,8-HDRP,15,1,1500,Pass,3,240,,13.903
tx_pwr_DPSKPWR,1,M,8-HDRP,15,1,1500,Pass,3,240,,13.755
tx_pwr_DPSKPWR,1,H,8-HDRP,15,1,1500,Pass,3,240,,13.652
tx_pwr_DPSKPWR,2,L,8-HDRP,15,0,1500,Pass,3,240,,13.606
tx_pwr_DPSKPWR,2,M,8-HDRP,15,0,1500,Pass,3,240,,13.529
tx_pwr_DPSKPWR,2,H,8-HDRP,15,0,1500,Pass,3,240,,13.544
tx_pwr_DPSKPWR,4,L,8-HDRP,15,0,1500,Pass,3,240,,13.473
tx_pwr_DPSKPWR,4,M,8-HDRP,15,0,1500,Pass,3,240,,13.321
tx_pwr_DPSKPWR,4,H,8-HDRP,15,0,1500,Pass,3,240,,13.116
tx_pwr_DPSKPWR,5,L,8-HDRP,15,0,1500,Pass,3,240,,13.125
tx_pwr_DPSKPWR,5,M,8-HDRP,15,0,1500,Pass,3,240,,12.922
tx_pwr_DPSKPWR,5,H,8-HDRP,15,0,1500,Pass,3,240,,12.761
tx_pwr_DPSKPWR,6,L,8-HDRP,15,0,1500,Pass,3,240,,12.68
tx_pwr_DPSKPWR,6,M,8-HDRP,15,0,1500,Pass,3,240,,12.464
tx_pwr_DPSKPWR,6,H,8-HDRP,15,0,1500,Pass,3,240,,12.194
tx_pwr_DPSKPWR,7,L,8-HDRP,15,0,1500,Pass,3,240,,12.266
tx_pwr_DPSKPWR,7,M,8-HDRP,15,0,1500,Pass,3,240,,12.065
tx_pwr_DPSKPWR,7,H,8-HDRP,15,0,1500,Pass,3,240,,11.894
tx_pwr_avg,0,M,DH5,15,0,1200,Pass,3,240,,15.197
tx_pwr_avg,1,M,DH5,15,1,1200,Pass,3,240,,15.09
tx_pwr_avg,2,M,DH5,15,0,1200,Pass,3,240,,14.809
tx_pwr_avg,4,M,DH5,15,0,1200,Pass,3,240,,14.594
tx_pwr_avg,5,M,DH5,15,0,1200,Pass,3,240,,14.209
tx_pwr_avg,6,M,DH5,15,0,1200,Pass,3,240,,13.762
tx_pwr_avg,7,M,DH5,15,0,1200,Pass,3,240,,13.368
tx_pwr_DPSKPWR,0,M,8-DH5,15,0,1200,Pass,3,240,,12.341
tx_pwr_DPSKPWR,1,M,8-DH5,15,1,1200,Pass,3,240,,12.248
tx_pwr_DPSKPWR,2,M,8-DH5,15,0,1200,Pass,3,240,,11.978
tx_pwr_DPSKPWR,4,M,8-DH5,15,0,1200,Pass,3,240,,11.754
tx_pwr_DPSKPWR,5,M,8-DH5,15,0,1200,Pass,3,240,,11.32
tx_pwr_DPSKPWR,6,M,8-DH5,15,0,1200,Pass,3,240,,10.877
tx_pwr_DPSKPWR,7,M,8-DH5,15,0,1200,Pass,3,240,,10.466
tx_pwr_DPSKPWR,0,M,8-HDRP,15,0,1200,Pass,3,240,,12.024
tx_pwr_DPSKPWR,1,M,8-HDRP,15,1,1200,Pass,3,240,,11.919
tx_pwr_DPSKPWR,2,M,8-HDRP,15,0,1200,Pass,3,240,,11.658
tx_pwr_DPSKPWR,4,M,8-HDRP,15,0,1200,Pass,3,240,,11.426
tx_pwr_DPSKPWR,5,M,8-HDRP,15,0,1200,Pass,3,240,,10.989
tx_pwr_DPSKPWR,6,M,8-HDRP,15,0,1200,Pass,3,240,,10.543
tx_pwr_DPSKPWR,7,M,8-HDRP,15,0,1200,Pass,3,240,,10.13
tx_pwr_avg,0,M,DH5,15,0,730,Pass,3,240,,10.398
tx_pwr_avg,1,M,DH5,15,1,730,Pass,3,240,,10.367
tx_pwr_avg,2,M,DH5,15,0,730,Pass,3,240,,10.145
tx_pwr_avg,4,M,DH5,15,0,730,Pass,3,240,,9.928
tx_pwr_avg,5,M,DH5,15,0,730,Pass,3,240,,9.506
tx_pwr_avg,6,M,DH5,15,0,730,Pass,3,240,,9.067
tx_pwr_avg,7,M,DH5,15,0,730,Pass,3,240,,8.662
tx_pwr_DPSKPWR,0,M,8-DH5,15,0,730,Pass,3,240,,7.371
tx_pwr_DPSKPWR,1,M,8-DH5,15,1,730,Pass,3,240,,7.463
tx_pwr_DPSKPWR,2,M,8-DH5,15,0,730,Pass,3,240,,7.281
tx_pwr_DPSKPWR,4,M,8-DH5,15,0,730,Pass,3,240,,7.068
tx_pwr_DPSKPWR,5,M,8-DH5,15,0,730,Pass,3,240,,6.641
tx_pwr_DPSKPWR,6,M,8-DH5,15,0,730,Pass,3,240,,6.199
tx_pwr_DPSKPWR,7,M,8-DH5,15,0,730,Pass,3,240,,5.781
tx_pwr_DPSKPWR,0,M,8-HDRP,15,0,730,Pass,3,240,,7.046
tx_pwr_DPSKPWR,1,M,8-HDRP,15,1,730,Pass,3,240,,7.15
tx_pwr_DPSKPWR,2,M,8-HDRP,15,0,730,Pass,3,240,,6.984
tx_pwr_DPSKPWR,4,M,8-HDRP,15,0,730,Pass,3,240,,6.768
tx_pwr_DPSKPWR,5,M,8-HDRP,15,0,730,Pass,3,240,,6.338
tx_pwr_DPSKPWR,6,M,8-HDRP,15,0,730,Pass,3,240,,5.892
tx_pwr_DPSKPWR,7,M,8-HDRP,15,0,730,Pass,3,240,,5.471
tx_pwr_avg,0,L,DH5,15,0,1500,Pass,3,270,,16.331
tx_pwr_avg,0,M,DH5,15,0,1500,Pass,3,270,,16.432
tx_pwr_avg,0,H,DH5,15,0,1500,Pass,3,270,,16.544
tx_pwr_avg,1,L,DH5,15,1,1500,Pass,3,270,,16.28
tx_pwr_avg,1,M,DH5,15,1,1500,Pass,3,270,,16.164
tx_pwr_avg,1,H,DH5,15,1,1500,Pass,3,270,,16.16
tx_pwr_avg,2,L,DH5,15,0,1500,Pass,3,270,,16.604
tx_pwr_avg,2,M,DH5,15,0,1500,Pass,3,270,,16.547
tx_pwr_avg,2,H,DH5,15,0,1500,Pass,3,270,,16.565
tx_pwr_avg,4,L,DH5,15,0,1500,Pass,3,270,,16.474
tx_pwr_avg,4,M,DH5,15,0,1500,Pass,3,270,,16.377
tx_pwr_avg,4,H,DH5,15,0,1500,Pass,3,270,,16.215
tx_pwr_avg,5,L,DH5,15,0,1500,Pass,3,270,,16.256
tx_pwr_avg,5,M,DH5,15,0,1500,Pass,3,270,,16.121
tx_pwr_avg,5,H,DH5,15,0,1500,Pass,3,270,,16.047
tx_pwr_avg,6,L,DH5,15,0,1500,Pass,3,270,,15.972
tx_pwr_avg,6,M,DH5,15,0,1500,Pass,3,270,,15.885
tx_pwr_avg,6,H,DH5,15,0,1500,Pass,3,270,,15.683
tx_pwr_avg,7,L,DH5,15,0,1500,Pass,3,270,,15.73
tx_pwr_avg,7,M,DH5,15,0,1500,Pass,3,270,,15.65
tx_pwr_avg,7,H,DH5,15,0,1500,Pass,3,270,,15.644
tx_pwr_DPSKPWR,0,L,8-DH5,15,0,1500,Pass,3,270,,13.49
tx_pwr_DPSKPWR,0,M,8-DH5,15,0,1500,Pass,3,270,,13.605
tx_pwr_DPSKPWR,0,H,8-DH5,15,0,1500,Pass,3,270,,13.722
tx_pwr_DPSKPWR,1,L,8-DH5,15,1,1500,Pass,3,270,,13.454
tx_pwr_DPSKPWR,1,M,8-DH5,15,1,1500,Pass,3,270,,13.302
tx_pwr_DPSKPWR,1,H,8-DH5,15,1,1500,Pass,3,270,,13.303
tx_pwr_DPSKPWR,2,L,8-DH5,15,0,1500,Pass,3,270,,13.843
tx_pwr_DPSKPWR,2,M,8-DH5,15,0,1500,Pass,3,270,,13.801
tx_pwr_DPSKPWR,2,H,8-DH5,15,0,1500,Pass,3,270,,13.827
tx_pwr_DPSKPWR,4,L,8-DH5,15,0,1500,Pass,3,270,,13.747
tx_pwr_DPSKPWR,4,M,8-DH5,15,0,1500,Pass,3,270,,13.614
tx_pwr_DPSKPWR,4,H,8-DH5,15,0,1500,Pass,3,270,,13.452
tx_pwr_DPSKPWR,5,L,8-DH5,15,0,1500,Pass,3,270,,13.481
tx_pwr_DPSKPWR,5,M,8-DH5,15,0,1500,Pass,3,270,,13.349
tx_pwr_DPSKPWR,5,H,8-DH5,15,0,1500,Pass,3,270,,13.271
tx_pwr_DPSKPWR,6,L,8-DH5,15,0,1500,Pass,3,270,,13.23
tx_pwr_DPSKPWR,6,M,8-DH5,15,0,1500,Pass,3,270,,13.09
tx_pwr_DPSKPWR,6,H,8-DH5,15,0,1500,Pass,3,270,,12.882
tx_pwr_DPSKPWR,7,L,8-DH5,15,0,1500,Pass,3,270,,12.975
tx_pwr_DPSKPWR,7,M,8-DH5,15,0,1500,Pass,3,270,,12.829
tx_pwr_DPSKPWR,7,H,8-DH5,15,0,1500,Pass,3,270,,12.805
tx_pwr_DPSKPWR,0,L,8-HDRP,15,0,1500,Pass,3,270,,13.176
tx_pwr_DPSKPWR,0,M,8-HDRP,15,0,1500,Pass,3,270,,13.298
tx_pwr_DPSKPWR,0,H,8-HDRP,15,0,1500,Pass,3,270,,13.417
tx_pwr_DPSKPWR,1,L,8-HDRP,15,1,1500,Pass,3,270,,13.118
tx_pwr_DPSKPWR,1,M,8-HDRP,15,1,1500,Pass,3,270,,12.998
tx_pwr_DPSKPWR,1,H,8-HDRP,15,1,1500,Pass,3,270,,13.001
tx_pwr_DPSKPWR,2,L,8-HDRP,15,0,1500,Pass,3,270,,13.556
tx_pwr_DPSKPWR,2,M,8-HDRP,15,0,1500,Pass,3,270,,13.525
tx_pwr_DPSKPWR,2,H,8-HDRP,15,0,1500,Pass,3,270,,13.546
tx_pwr_DPSKPWR,4,L,8-HDRP,15,0,1500,Pass,3,270,,13.462
tx_pwr_DPSKPWR,4,M,8-HDRP,15,0,1500,Pass,3,270,,13.333
tx_pwr_DPSKPWR,4,H,8-HDRP,15,0,1500,Pass,3,270,,13.164
tx_pwr_DPSKPWR,5,L,8-HDRP,15,0,1500,Pass,3,270,,13.188
tx_pwr_DPSKPWR,5,M,8-HDRP,15,0,1500,Pass,3,270,,13.065
tx_pwr_DPSKPWR,5,H,8-HDRP,15,0,1500,Pass,3,270,,12.984
tx_pwr_DPSKPWR,6,L,8-HDRP,15,0,1500,Pass,3,270,,12.939
tx_pwr_DPSKPWR,6,M,8-HDRP,15,0,1500,Pass,3,270,,12.796
tx_pwr_DPSKPWR,6,H,8-HDRP,15,0,1500,Pass,3,270,,12.586
tx_pwr_DPSKPWR,7,L,8-HDRP,15,0,1500,Pass,3,270,,12.675
tx_pwr_DPSKPWR,7,M,8-HDRP,15,0,1500,Pass,3,270,,12.529
tx_pwr_DPSKPWR,7,H,8-HDRP,15,0,1500,Pass,3,270,,12.497
tx_pwr_avg,0,M,DH5,15,0,1200,Pass,3,270,,14.529
tx_pwr_avg,1,M,DH5,15,1,1200,Pass,3,270,,14.317
tx_pwr_avg,2,M,DH5,15,0,1200,Pass,3,270,,14.773
tx_pwr_avg,4,M,DH5,15,0,1200,Pass,3,270,,14.558
tx_pwr_avg,5,M,DH5,15,0,1200,Pass,3,270,,14.304
tx_pwr_avg,6,M,DH5,15,0,1200,Pass,3,270,,14.045
tx_pwr_avg,7,M,DH5,15,0,1200,Pass,3,270,,13.816
tx_pwr_DPSKPWR,0,M,8-DH5,15,0,1200,Pass,3,270,,11.633
tx_pwr_DPSKPWR,1,M,8-DH5,15,1,1200,Pass,3,270,,11.419
tx_pwr_DPSKPWR,2,M,8-DH5,15,0,1200,Pass,3,270,,11.932
tx_pwr_DPSKPWR,4,M,8-DH5,15,0,1200,Pass,3,270,,11.705
tx_pwr_DPSKPWR,5,M,8-DH5,15,0,1200,Pass,3,270,,11.447
tx_pwr_DPSKPWR,6,M,8-DH5,15,0,1200,Pass,3,270,,11.175
tx_pwr_DPSKPWR,7,M,8-DH5,15,0,1200,Pass,3,270,,10.923
tx_pwr_DPSKPWR,0,M,8-HDRP,15,0,1200,Pass,3,270,,11.301
tx_pwr_DPSKPWR,1,M,8-HDRP,15,1,1200,Pass,3,270,,11.074
tx_pwr_DPSKPWR,2,M,8-HDRP,15,0,1200,Pass,3,270,,11.609
tx_pwr_DPSKPWR,4,M,8-HDRP,15,0,1200,Pass,3,270,,11.396
tx_pwr_DPSKPWR,5,M,8-HDRP,15,0,1200,Pass,3,270,,11.117
tx_pwr_DPSKPWR,6,M,8-HDRP,15,0,1200,Pass,3,270,,10.842
tx_pwr_DPSKPWR,7,M,8-HDRP,15,0,1200,Pass,3,270,,10.591
tx_pwr_avg,0,M,DH5,15,0,730,Pass,3,270,,9.73
tx_pwr_avg,1,M,DH5,15,1,730,Pass,3,270,,9.54
tx_pwr_avg,2,M,DH5,15,0,730,Pass,3,270,,10.08
tx_pwr_avg,4,M,DH5,15,0,730,Pass,3,270,,9.874
tx_pwr_avg,5,M,DH5,15,0,730,Pass,3,270,,9.605
tx_pwr_avg,6,M,DH5,15,0,730,Pass,3,270,,9.336
tx_pwr_avg,7,M,DH5,15,0,730,Pass,3,270,,9.092
tx_pwr_DPSKPWR,0,M,8-DH5,15,0,730,Pass,3,270,,6.706
tx_pwr_DPSKPWR,1,M,8-DH5,15,1,730,Pass,3,270,,6.611
tx_pwr_DPSKPWR,2,M,8-DH5,15,0,730,Pass,3,270,,7.193
tx_pwr_DPSKPWR,4,M,8-DH5,15,0,730,Pass,3,270,,6.986
tx_pwr_DPSKPWR,5,M,8-DH5,15,0,730,Pass,3,270,,6.716
tx_pwr_DPSKPWR,6,M,8-DH5,15,0,730,Pass,3,270,,6.443
tx_pwr_DPSKPWR,7,M,8-DH5,15,0,730,Pass,3,270,,6.197
tx_pwr_DPSKPWR,0,M,8-HDRP,15,0,730,Pass,3,270,,6.365
tx_pwr_DPSKPWR,1,M,8-HDRP,15,1,730,Pass,3,270,,6.265
tx_pwr_DPSKPWR,2,M,8-HDRP,15,0,730,Pass,3,270,,6.856
tx_pwr_DPSKPWR,4,M,8-HDRP,15,0,730,Pass,3,270,,6.633
tx_pwr_DPSKPWR,5,M,8-HDRP,15,0,730,Pass,3,270,,6.387
tx_pwr_DPSKPWR,6,M,8-HDRP,15,0,730,Pass,3,270,,6.11
tx_pwr_DPSKPWR,7,M,8-HDRP,15,0,730,Pass,3,270,,5.861
tx_pwr_avg,0,L,DH5,15,0,1500,Pass,3,300,,15.686
tx_pwr_avg,0,M,DH5,15,0,1500,Pass,3,300,,15.826
tx_pwr_avg,0,H,DH5,15,0,1500,Pass,3,300,,15.945
tx_pwr_avg,1,L,DH5,15,1,1500,Pass,3,300,,15.308
tx_pwr_avg,1,M,DH5,15,1,1500,Pass,3,300,,15.306
tx_pwr_avg,1,H,DH5,15,1,1500,Pass,3,300,,15.367
tx_pwr_avg,2,L,DH5,15,0,1500,Pass,3,300,,16.15
tx_pwr_avg,2,M,DH5,15,0,1500,Pass,3,300,,16.06
tx_pwr_avg,2,H,DH5,15,0,1500,Pass,3,300,,16.094
tx_pwr_avg,4,L,DH5,15,0,1500,Pass,3,300,,15.983
tx_pwr_avg,4,M,DH5,15,0,1500,Pass,3,300,,15.96
tx_pwr_avg,4,H,DH5,15,0,1500,Pass,3,300,,15.806
tx_pwr_avg,5,L,DH5,15,0,1500,Pass,3,300,,15.821
tx_pwr_avg,5,M,DH5,15,0,1500,Pass,3,300,,15.776
tx_pwr_avg,5,H,DH5,15,0,1500,Pass,3,300,,15.758
tx_pwr_avg,6,L,DH5,15,0,1500,Pass,3,300,,15.704
tx_pwr_avg,6,M,DH5,15,0,1500,Pass,3,300,,15.694
tx_pwr_avg,6,H,DH5,15,0,1500,Pass,3,300,,15.512
tx_pwr_avg,7,L,DH5,15,0,1500,Pass,3,300,,15.604
tx_pwr_avg,7,M,DH5,15,0,1500,Pass,3,300,,15.593
tx_pwr_avg,7,H,DH5,15,0,1500,Pass,3,300,,15.605
tx_pwr_DPSKPWR,0,L,8-DH5,15,0,1500,Pass,3,300,,12.807
tx_pwr_DPSKPWR,0,M,8-DH5,15,0,1500,Pass,3,300,,12.94
tx_pwr_DPSKPWR,0,H,8-DH5,15,0,1500,Pass,3,300,,13.075
tx_pwr_DPSKPWR,1,L,8-DH5,15,1,1500,Pass,3,300,,12.416
tx_pwr_DPSKPWR,1,M,8-DH5,15,1,1500,Pass,3,300,,12.398
tx_pwr_DPSKPWR,1,H,8-DH5,15,1,1500,Pass,3,300,,12.448
tx_pwr_DPSKPWR,2,L,8-DH5,15,0,1500,Fail,3,300,,13.346
tx_pwr_DPSKPWR,2,M,8-DH5,15,0,1500,Pass,3,300,,13.271
tx_pwr_DPSKPWR,2,H,8-DH5,15,0,1500,Pass,3,300,,13.321
tx_pwr_DPSKPWR,4,L,8-DH5,15,0,1500,Pass,3,300,,13.258
tx_pwr_DPSKPWR,4,M,8-DH5,15,0,1500,Pass,3,300,,13.19
tx_pwr_DPSKPWR,4,H,8-DH5,15,0,1500,Pass,3,300,,13.01
tx_pwr_DPSKPWR,5,L,8-DH5,15,0,1500,Pass,3,300,,13.062
tx_pwr_DPSKPWR,5,M,8-DH5,15,0,1500,Pass,3,300,,13.018
tx_pwr_DPSKPWR,5,H,8-DH5,15,0,1500,Pass,3,300,,12.981
tx_pwr_DPSKPWR,6,L,8-DH5,15,0,1500,Pass,3,300,,12.959
tx_pwr_DPSKPWR,6,M,8-DH5,15,0,1500,Pass,3,300,,12.909
tx_pwr_DPSKPWR,6,H,8-DH5,15,0,1500,Pass,3,300,,12.73
tx_pwr_DPSKPWR,7,L,8-DH5,15,0,1500,Pass,3,300,,12.849
tx_pwr_DPSKPWR,7,M,8-DH5,15,0,1500,Pass,3,300,,12.798
tx_pwr_DPSKPWR,7,H,8-DH5,15,0,1500,Pass,3,300,,12.813
tx_pwr_DPSKPWR,0,L,8-HDRP,15,0,1500,Pass,3,300,,12.485
tx_pwr_DPSKPWR,0,M,8-HDRP,15,0,1500,Pass,3,300,,12.629
tx_pwr_DPSKPWR,0,H,8-HDRP,15,0,1500,Pass,3,300,,12.75
tx_pwr_DPSKPWR,1,L,8-HDRP,15,1,1500,Pass,3,300,,12.092
tx_pwr_DPSKPWR,1,M,8-HDRP,15,1,1500,Pass,3,300,,12.054
tx_pwr_DPSKPWR,1,H,8-HDRP,15,1,1500,Pass,3,300,,12.124
tx_pwr_DPSKPWR,2,L,8-HDRP,15,0,1500,Pass,3,300,,13.046
tx_pwr_DPSKPWR,2,M,8-HDRP,15,0,1500,Pass,3,300,,12.972
tx_pwr_DPSKPWR,2,H,8-HDRP,15,0,1500,Pass,3,300,,13.023
tx_pwr_DPSKPWR,4,L,8-HDRP,15,0,1500,Pass,3,300,,12.944
tx_pwr_DPSKPWR,4,M,8-HDRP,15,0,1500,Pass,3,300,,12.878
tx_pwr_DPSKPWR,4,H,8-HDRP,15,0,1500,Pass,3,300,,12.693
tx_pwr_DPSKPWR,5,L,8-HDRP,15,0,1500,Pass,3,300,,12.747
tx_pwr_DPSKPWR,5,M,8-HDRP,15,0,1500,Pass,3,300,,12.702
tx_pwr_DPSKPWR,5,H,8-HDRP,15,0,1500,Pass,3,300,,12.658
tx_pwr_DPSKPWR,6,L,8-HDRP,15,0,1500,Pass,3,300,,12.64
tx_pwr_DPSKPWR,6,M,8-HDRP,15,0,1500,Pass,3,300,,12.599
tx_pwr_DPSKPWR,6,H,8-HDRP,15,0,1500,Pass,3,300,,12.405
tx_pwr_DPSKPWR,7,L,8-HDRP,15,0,1500,Pass,3,300,,12.524
tx_pwr_DPSKPWR,7,M,8-HDRP,15,0,1500,Pass,3,300,,12.472
tx_pwr_DPSKPWR,7,H,8-HDRP,15,0,1500,Pass,3,300,,12.489
tx_pwr_avg,0,M,DH5,15,0,1200,Pass,3,300,,13.866
tx_pwr_avg,1,M,DH5,15,1,1200,Pass,3,300,,13.404
tx_pwr_avg,2,M,DH5,15,0,1200,Pass,3,300,,14.253
tx_pwr_avg,4,M,DH5,15,0,1200,Pass,3,300,,14.141
tx_pwr_avg,5,M,DH5,15,0,1200,Pass,3,300,,13.961
tx_pwr_avg,6,M,DH5,15,0,1200,Pass,3,300,,13.869
tx_pwr_avg,7,M,DH5,15,0,1200,Pass,3,300,,13.755
tx_pwr_DPSKPWR,0,M,8-DH5,15,0,1200,Pass,3,300,,10.938
tx_pwr_DPSKPWR,1,M,8-DH5,15,1,1200,Pass,3,300,,10.474
tx_pwr_DPSKPWR,2,M,8-DH5,15,0,1200,Pass,3,300,,11.365
tx_pwr_DPSKPWR,4,M,8-DH5,15,0,1200,Pass,3,300,,11.288
tx_pwr_DPSKPWR,5,M,8-DH5,15,0,1200,Pass,3,300,,11.086
tx_pwr_DPSKPWR,6,M,8-DH5,15,0,1200,Pass,3,300,,10.985
tx_pwr_DPSKPWR,7,M,8-DH5,15,0,1200,Pass,3,300,,10.868
tx_pwr_DPSKPWR,0,M,8-HDRP,15,0,1200,Pass,3,300,,10.608
tx_pwr_DPSKPWR,1,M,8-HDRP,15,1,1200,Pass,3,300,,10.127
tx_pwr_DPSKPWR,2,M,8-HDRP,15,0,1200,Pass,3,300,,11.037
tx_pwr_DPSKPWR,4,M,8-HDRP,15,0,1200,Pass,3,300,,10.922
tx_pwr_DPSKPWR,5,M,8-HDRP,15,0,1200,Pass,3,300,,10.755
tx_pwr_DPSKPWR,6,M,8-HDRP,15,0,1200,Pass,3,300,,10.658
tx_pwr_DPSKPWR,7,M,8-HDRP,15,0,1200,Pass,3,300,,10.54
tx_pwr_avg,0,M,DH5,15,0,730,Pass,3,300,,9.08
tx_pwr_avg,1,M,DH5,15,1,730,Pass,3,300,,8.607
tx_pwr_avg,2,M,DH5,15,0,730,Pass,3,300,,9.526
tx_pwr_avg,4,M,DH5,15,0,730,Pass,3,300,,9.415
tx_pwr_avg,5,M,DH5,15,0,730,Pass,3,300,,9.249
tx_pwr_avg,6,M,DH5,15,0,730,Pass,3,300,,9.158
tx_pwr_avg,7,M,DH5,15,0,730,Pass,3,300,,9.032
tx_pwr_DPSKPWR,0,M,8-DH5,15,0,730,Pass,3,300,,6.081
tx_pwr_DPSKPWR,1,M,8-DH5,15,1,730,Pass,3,300,,5.705
tx_pwr_DPSKPWR,2,M,8-DH5,15,0,730,Pass,3,300,,6.634
tx_pwr_DPSKPWR,4,M,8-DH5,15,0,730,Pass,3,300,,6.516
tx_pwr_DPSKPWR,5,M,8-DH5,15,0,730,Pass,3,300,,6.372
tx_pwr_DPSKPWR,6,M,8-DH5,15,0,730,Pass,3,300,,6.276
tx_pwr_DPSKPWR,7,M,8-DH5,15,0,730,Pass,3,300,,6.147
tx_pwr_DPSKPWR,0,M,8-HDRP,15,0,730,Pass,3,300,,5.746
tx_pwr_DPSKPWR,1,M,8-HDRP,15,1,730,Pass,3,300,,5.34
tx_pwr_DPSKPWR,2,M,8-HDRP,15,0,730,Pass,3,300,,6.296
tx_pwr_DPSKPWR,4,M,8-HDRP,15,0,730,Pass,3,300,,6.164
tx_pwr_DPSKPWR,5,M,8-HDRP,15,0,730,Pass,3,300,,6.022
tx_pwr_DPSKPWR,6,M,8-HDRP,15,0,730,Pass,3,300,,5.933
tx_pwr_DPSKPWR,7,M,8-HDRP,15,0,730,Pass,3,300,,5.805
tx_pwr_avg,0,L,DH5,15,0,1500,Pass,3,330,,15.305
tx_pwr_avg,0,M,DH5,15,0,1500,Pass,3,330,,15.398
tx_pwr_avg,0,H,DH5,15,0,1500,Pass,3,330,,15.492
tx_pwr_avg,1,L,DH5,15,1,1500,Pass,3,330,,14.496
tx_pwr_avg,1,M,DH5,15,1,1500,Pass,3,330,,14.484
tx_pwr_avg,1,H,DH5,15,1,1500,Pass,3,330,,14.581
tx_pwr_avg,2,L,DH5,15,0,1500,Pass,3,330,,15.429
tx_pwr_avg,2,M,DH5,15,0,1500,Pass,3,330,,15.322
tx_pwr_avg,2,H,DH5,15,0,1500,Pass,3,330,,15.315
tx_pwr_avg,4,L,DH5,15,0,1500,Pass,3,330,,15.287
tx_pwr_avg,4,M,DH5,15,0,1500,Pass,3,330,,15.174
tx_pwr_avg,4,H,DH5,15,0,1500,Pass,3,330,,15.113
tx_pwr_avg,5,L,DH5,15,0,1500,Pass,3,330,,15.196
tx_pwr_avg,5,M,DH5,15,0,1500,Pass,3,330,,15.141
tx_pwr_avg,5,H,DH5,15,0,1500,Pass,3,330,,15.149
tx_pwr_avg,6,L,DH5,15,0,1500,Pass,3,330,,15.108
tx_pwr_avg,6,M,DH5,15,0,1500,Pass,3,330,,15.119
tx_pwr_avg,6,H,DH5,15,0,1500,Pass,3,330,,14.998
tx_pwr_avg,7,L,DH5,15,0,1500,Pass,3,330,,15.092
tx_pwr_avg,7,M,DH5,15,0,1500,Pass,3,330,,15.139
tx_pwr_avg,7,H,DH5,15,0,1500,Pass,3,330,,15.16
tx_pwr_DPSKPWR,0,L,8-DH5,15,0,1500,Pass,3,330,,12.392
tx_pwr_DPSKPWR,0,M,8-DH5,15,0,1500,Pass,3,330,,12.491
tx_pwr_DPSKPWR,0,H,8-DH5,15,0,1500,Pass,3,330,,12.587
tx_pwr_DPSKPWR,1,L,8-DH5,15,1,1500,Pass,3,330,,11.532
tx_pwr_DPSKPWR,1,M,8-DH5,15,1,1500,Pass,3,330,,11.538
tx_pwr_DPSKPWR,1,H,8-DH5,15,1,1500,Pass,3,330,,11.621
tx_pwr_DPSKPWR,2,L,8-DH5,15,0,1500,Pass,3,330,,12.54
tx_pwr_DPSKPWR,2,M,8-DH5,15,0,1500,Pass,3,330,,12.471
tx_pwr_DPSKPWR,2,H,8-DH5,15,0,1500,Pass,3,330,,12.458
tx_pwr_DPSKPWR,4,L,8-DH5,15,0,1500,Pass,3,330,,12.415
tx_pwr_DPSKPWR,4,M,8-DH5,15,0,1500,Pass,3,330,,12.325
tx_pwr_DPSKPWR,4,H,8-DH5,15,0,1500,Pass,3,330,,12.266
tx_pwr_DPSKPWR,5,L,8-DH5,15,0,1500,Pass,3,330,,12.315
tx_pwr_DPSKPWR,5,M,8-DH5,15,0,1500,Pass,3,330,,12.289
tx_pwr_DPSKPWR,5,H,8-DH5,15,0,1500,Pass,3,330,,12.295
tx_pwr_DPSKPWR,6,L,8-DH5,15,0,1500,Pass,3,330,,12.28
tx_pwr_DPSKPWR,6,M,8-DH5,15,0,1500,Pass,3,330,,12.271
tx_pwr_DPSKPWR,6,H,8-DH5,15,0,1500,Pass,3,330,,12.156
tx_pwr_DPSKPWR,7,L,8-DH5,15,0,1500,Pass,3,330,,12.294
tx_pwr_DPSKPWR,7,M,8-DH5,15,0,1500,Pass,3,330,,12.299
tx_pwr_DPSKPWR,7,H,8-DH5,15,0,1500,Pass,3,330,,12.327
tx_pwr_DPSKPWR,0,L,8-HDRP,15,0,1500,Pass,3,330,,12.059
tx_pwr_DPSKPWR,0,M,8-HDRP,15,0,1500,Pass,3,330,,12.16
tx_pwr_DPSKPWR,0,H,8-HDRP,15,0,1500,Pass,3,330,,12.252
tx_pwr_DPSKPWR,1,L,8-HDRP,15,1,1500,Pass,3,330,,11.188
tx_pwr_DPSKPWR,1,M,8-HDRP,15,1,1500,Pass,3,330,,11.186
tx_pwr_DPSKPWR,1,H,8-HDRP,15,1,1500,Pass,3,330,,11.278
tx_pwr_DPSKPWR,2,L,8-HDRP,15,0,1500,Pass,3,330,,12.245
tx_pwr_DPSKPWR,2,M,8-HDRP,15,0,1500,Pass,3,330,,12.139
tx_pwr_DPSKPWR,2,H,8-HDRP,15,0,1500,Pass,3,330,,12.127
tx_pwr_DPSKPWR,4,L,8-HDRP,15,0,1500,Pass,3,330,,12.098
tx_pwr_DPSKPWR,4,M,8-HDRP,15,0,1500,Pass,3,330,,11.994
tx_pwr_DPSKPWR,4,H,8-HDRP,15,0,1500,Pass,3,330,,11.924
tx_pwr_DPSKPWR,5,L,8-HDRP,15,0,1500,Pass,3,330,,11.975
tx_pwr_DPSKPWR,5,M,8-HDRP,15,0,1500,Pass,3,330,,11.948
tx_pwr_DPSKPWR,5,H,8-HDRP,15,0,1500,Pass,3,330,,11.951
tx_pwr_DPSKPWR,6,L,8-HDRP,15,0,1500,Pass,3,330,,11.937
tx_pwr_DPSKPWR,6,M,8-HDRP,15,0,1500,Pass,3,330,,11.928
tx_pwr_DPSKPWR,6,H,8-HDRP,15,0,1500,Pass,3,330,,11.82
tx_pwr_DPSKPWR,7,L,8-HDRP,15,0,1500,Pass,3,330,,11.937
tx_pwr_DPSKPWR,7,M,8-HDRP,15,0,1500,Pass,3,330,,11.951
tx_pwr_DPSKPWR,7,H,8-HDRP,15,0,1500,Pass,3,330,,11.989
tx_pwr_avg,0,M,DH5,15,0,1200,Pass,3,330,,13.41
tx_pwr_avg,1,M,DH5,15,1,1200,Pass,3,330,,12.533
tx_pwr_avg,2,M,DH5,15,0,1200,Pass,3,330,,13.437
tx_pwr_avg,4,M,DH5,15,0,1200,Pass,3,330,,13.277
tx_pwr_avg,5,M,DH5,15,0,1200,Pass,3,330,,13.241
tx_pwr_avg,6,M,DH5,15,0,1200,Pass,3,330,,13.232
tx_pwr_avg,7,M,DH5,15,0,1200,Pass,3,330,,13.257
tx_pwr_DPSKPWR,0,M,8-DH5,15,0,1200,Pass,3,330,,10.47
tx_pwr_DPSKPWR,1,M,8-DH5,15,1,1200,Pass,3,330,,9.589
tx_pwr_DPSKPWR,2,M,8-DH5,15,0,1200,Pass,3,330,,10.499
tx_pwr_DPSKPWR,4,M,8-DH5,15,0,1200,Pass,3,330,,10.358
tx_pwr_DPSKPWR,5,M,8-DH5,15,0,1200,Pass,3,330,,10.315
tx_pwr_DPSKPWR,6,M,8-DH5,15,0,1200,Pass,3,330,,10.308
tx_pwr_DPSKPWR,7,M,8-DH5,15,0,1200,Pass,3,330,,10.33
tx_pwr_DPSKPWR,0,M,8-HDRP,15,0,1200,Pass,3,330,,10.136
tx_pwr_DPSKPWR,1,M,8-HDRP,15,1,1200,Pass,3,330,,9.236
tx_pwr_DPSKPWR,2,M,8-HDRP,15,0,1200,Pass,3,330,,10.181
tx_pwr_DPSKPWR,4,M,8-HDRP,15,0,1200,Pass,3,330,,10.047
tx_pwr_DPSKPWR,5,M,8-HDRP,15,0,1200,Pass,3,330,,10.01
tx_pwr_DPSKPWR,6,M,8-HDRP,15,0,1200,Pass,3,330,,9.999
tx_pwr_DPSKPWR,7,M,8-HDRP,15,0,1200,Pass,3,330,,10.027
tx_pwr_avg,0,M,DH5,15,0,730,Pass,3,330,,8.635
tx_pwr_avg,1,M,DH5,15,1,730,Pass,3,330,,7.769
tx_pwr_avg,2,M,DH5,15,0,730,Pass,3,330,,8.687
tx_pwr_avg,4,M,DH5,15,0,730,Pass,3,330,,8.548
tx_pwr_avg,5,M,DH5,15,0,730,Pass,3,330,,8.506
tx_pwr_avg,6,M,DH5,15,0,730,Pass,3,330,,8.496
tx_pwr_avg,7,M,DH5,15,0,730,Pass,3,330,,8.514
tx_pwr_DPSKPWR,0,M,8-DH5,15,0,730,Pass,3,330,,5.659
tx_pwr_DPSKPWR,1,M,8-DH5,15,1,730,Pass,3,330,,4.874
tx_pwr_DPSKPWR,2,M,8-DH5,15,0,730,Pass,3,330,,5.773
tx_pwr_DPSKPWR,4,M,8-DH5,15,0,730,Pass,3,330,,5.634
tx_pwr_DPSKPWR,5,M,8-DH5,15,0,730,Pass,3,330,,5.592
tx_pwr_DPSKPWR,6,M,8-DH5,15,0,730,Pass,3,330,,5.584
tx_pwr_DPSKPWR,7,M,8-DH5,15,0,730,Pass,3,330,,5.606
tx_pwr_DPSKPWR,0,M,8-HDRP,15,0,730,Pass,3,330,,5.321
tx_pwr_DPSKPWR,1,M,8-HDRP,15,1,730,Pass,3,330,,4.504
tx_pwr_DPSKPWR,2,M,8-HDRP,15,0,730,Pass,3,330,,5.422
tx_pwr_DPSKPWR,4,M,8-HDRP,15,0,730,Pass,3,330,,5.28
tx_pwr_DPSKPWR,5,M,8-HDRP,15,0,730,Pass,3,330,,5.245
tx_pwr_DPSKPWR,6,M,8-HDRP,15,0,730,Pass,3,330,,5.237
tx_pwr_DPSKPWR,7,M,8-HDRP,15,0,730,Pass,3,330,,5.268
