TEST_NAME,BAND,CH,PKT_TYPE,PAGAIN,PWR_MODE,HPA,P/F,VSWR,PHASE,SWP,VALUE
tx_pwr_avg,0,L,DH5,15,0,1500,Fail,1,0,,7.266
tx_pwr_avg,0,M,DH5,15,0,1500,Fail,1,0,,7.287
tx_pwr_avg,0,H,DH5,15,0,1500,Fail,1,0,,7.055
tx_pwr_avg,1,L,DH5,15,1,1500,Fail,1,0,,10.437
tx_pwr_avg,1,M,DH5,15,1,1500,Pass,1,0,,11.015
tx_pwr_avg,1,H,DH5,15,1,1500,Pass,1,0,,11.54
tx_pwr_avg,2,L,DH5,15,0,1500,Pass,1,0,,11.361
tx_pwr_avg,2,M,DH5,15,0,1500,Fail,1,0,,10.682
tx_pwr_avg,2,H,DH5,15,0,1500,Fail,1,0,,10.365
tx_pwr_avg,4,L,DH5,15,0,1500,Fail,1,0,,9.91
tx_pwr_avg,4,M,DH5,15,0,1500,Fail,1,0,,9.569
tx_pwr_avg,4,H,DH5,15,0,1500,Fail,1,0,,9.358
tx_pwr_avg,5,L,DH5,15,0,1500,Fail,1,0,,9.425
tx_pwr_avg,5,M,DH5,15,0,1500,Fail,1,0,,9.237
tx_pwr_avg,5,H,DH5,15,0,1500,Fail,1,0,,9.272
tx_pwr_avg,6,L,DH5,15,0,1500,Fail,1,0,,9.085
tx_pwr_avg,6,M,DH5,15,0,1500,Fail,1,0,,9.391
tx_pwr_avg,6,H,DH5,15,0,1500,Fail,1,0,,9.366
tx_pwr_avg,7,L,DH5,15,0,1500,Fail,1,0,,9.562
tx_pwr_avg,7,M,DH5,15,0,1500,Fail,1,0,,9.762
tx_pwr_avg,7,H,DH5,15,0,1500,Fail,1,0,,10.124
tx_pwr_DPSKPWR,0,L,8-DH5,15,0,1500,Fail,1,0,,5.31
tx_pwr_DPSKPWR,0,M,8-DH5,15,0,1500,Fail,1,0,,5.149
tx_pwr_DPSKPWR,0,H,8-DH5,15,0,1500,Fail,1,0,,4.708
tx_pwr_DPSKPWR,1,L,8-DH5,15,1,1500,Fail,1,0,,7.612
tx_pwr_DPSKPWR,1,M,8-DH5,15,1,1500,Pass,1,0,,8.105
tx_pwr_DPSKPWR,1,H,8-DH5,15,1,1500,Pass,1,0,,8.675
tx_pwr_DPSKPWR,2,L,8-DH5,15,0,1500,Pass,1,0,,8.502
tx_pwr_DPSKPWR,2,M,8-DH5,15,0,1500,Fail,1,0,,7.77
tx_pwr_DPSKPWR,2,H,8-DH5,15,0,1500,Fail,1,0,,7.431
tx_pwr_DPSKPWR,4,L,8-DH5,15,0,1500,Fail,1,0,,6.959
tx_pwr_DPSKPWR,4,M,8-DH5,15,0,1500,Fail,1,0,,6.617
tx_pwr_DPSKPWR,4,H,8-DH5,15,0,1500,Fail,1,0,,6.441
tx_pwr_DPSKPWR,5,L,8-DH5,15,0,1500,Fail,1,0,,6.431
tx_pwr_DPSKPWR,5,M,8-DH5,15,0,1500,Fail,1,0,,6.318
tx_pwr_DPSKPWR,5,H,8-DH5,15,0,1500,Fail,1,0,,6.349
tx_pwr_DPSKPWR,6,L,8-DH5,15,0,1500,Fail,1,0,,6.36
tx_pwr_DPSKPWR,6,M,8-DH5,15,0,1500,Fail,1,0,,6.438
tx_pwr_DPSKPWR,6,H,8-DH5,15,0,1500,Fail,1,0,,6.418
tx_pwr_DPSKPWR,7,L,8-DH5,15,0,1500,Fail,1,0,,6.622
tx_pwr_DPSKPWR,7,M,8-DH5,15,0,1500,Fail,1,0,,6.822
tx_pwr_DPSKPWR,7,H,8-DH5,15,0,1500,Fail,1,0,,7.205
tx_pwr_DPSKPWR,0,L,8-HDRP,15,0,1500,Fail,1,0,,5.142
tx_pwr_DPSKPWR,0,M,8-HDRP,15,0,1500,Fail,1,0,,4.948
tx_pwr_DPSKPWR,0,H,8-HDRP,15,0,1500,Fail,1,0,,4.464
tx_pwr_DPSKPWR,1,L,8-HDRP,15,1,1500,Fail,1,0,,7.271
tx_pwr_DPSKPWR,1,M,8-HDRP,15,1,1500,Fail,1,0,,7.8
tx_pwr_DPSKPWR,1,H,8-HDRP,15,1,1500,Pass,1,0,,8.386
tx_pwr_DPSKPWR,2,L,8-HDRP,15,0,1500,Pass,1,0,,8.212
tx_pwr_DPSKPWR,2,M,8-HDRP,15,0,1500,Fail,1,0,,7.467
tx_pwr_DPSKPWR,2,H,8-HDRP,15,0,1500,Fail,1,0,,7.127
tx_pwr_DPSKPWR,4,L,8-HDRP,15,0,1500,Fail,1,0,,6.644
tx_pwr_DPSKPWR,4,M,8-HDRP,15,0,1500,Fail,1,0,,6.304
tx_pwr_DPSKPWR,4,H,8-HDRP,15,0,1500,Fail,1,0,,6.098
tx_pwr_DPSKPWR,5,L,8-HDRP,15,0,1500,Fail,1,0,,6.083
tx_pwr_DPSKPWR,5,M,8-HDRP,15,0,1500,Fail,1,0,,5.964
tx_pwr_DPSKPWR,5,H,8-HDRP,15,0,1500,Fail,1,0,,5.998
tx_pwr_DPSKPWR,6,L,8-HDRP,15,0,1500,Fail,1,0,,6.012
tx_pwr_DPSKPWR,6,M,8-HDRP,15,0,1500,Fail,1,0,,6.087
tx_pwr_DPSKPWR,6,H,8-HDRP,15,0,1500,Fail,1,0,,6.109
tx_pwr_DPSKPWR,7,L,8-HDRP,15,0,1500,Fail,1,0,,6.315
tx_pwr_DPSKPWR,7,M,8-HDRP,15,0,1500,Fail,1,0,,6.517
tx_pwr_DPSKPWR,7,H,8-HDRP,15,0,1500,Fail,1,0,,6.906
tx_pwr_avg,0,L,DH5,15,0,1500,Fail,2,0,,5.324
tx_pwr_avg,0,M,DH5,15,0,1500,Fail,2,0,,5.208
tx_pwr_avg,0,H,DH5,15,0,1500,Fail,2,0,,4.899
tx_pwr_avg,1,L,DH5,15,1,1500,Pass,2,0,,13.347
tx_pwr_avg,1,M,DH5,15,1,1500,Pass,2,0,,14.022
tx_pwr_avg,1,H,DH5,15,1,1500,Pass,2,0,,14.675
tx_pwr_avg,2,L,DH5,15,0,1500,Fail,2,0,,10.062
tx_pwr_avg,2,M,DH5,15,0,1500,Fail,2,0,,8.847
tx_pwr_avg,2,H,DH5,15,0,1500,Fail,2,0,,8.15
tx_pwr_avg,4,L,DH5,15,0,1500,Fail,2,0,,7.411
tx_pwr_avg,4,M,DH5,15,0,1500,Fail,2,0,,7.013
tx_pwr_avg,4,H,DH5,15,0,1500,Fail,2,0,,6.71
tx_pwr_avg,5,L,DH5,15,0,1500,Fail,2,0,,6.746
tx_pwr_avg,5,M,DH5,15,0,1500,Fail,2,0,,6.593
tx_pwr_avg,5,H,DH5,15,0,1500,Fail,2,0,,6.7
tx_pwr_avg,6,L,DH5,15,0,1500,Fail,2,0,,6.735
tx_pwr_avg,6,M,DH5,15,0,1500,Fail,2,0,,7.01
tx_pwr_avg,6,H,DH5,15,0,1500,Fail,2,0,,7.148
tx_pwr_avg,7,L,DH5,15,0,1500,Fail,2,0,,7.511
tx_pwr_avg,7,M,DH5,15,0,1500,Fail,2,0,,7.95
tx_pwr_avg,7,H,DH5,15,0,1500,Fail,2,0,,8.682
tx_pwr_DPSKPWR,0,L,8-DH5,15,0,1500,Fail,2,0,,3.368
tx_pwr_DPSKPWR,0,M,8-DH5,15,0,1500,Fail,2,0,,3.099
tx_pwr_DPSKPWR,0,H,8-DH5,15,0,1500,Fail,2,0,,2.568
tx_pwr_DPSKPWR,1,L,8-DH5,15,1,1500,Pass,2,0,,10.579
tx_pwr_DPSKPWR,1,M,8-DH5,15,1,1500,Pass,2,0,,11.3
tx_pwr_DPSKPWR,1,H,8-DH5,15,1,1500,Pass,2,0,,11.994
tx_pwr_DPSKPWR,2,L,8-DH5,15,0,1500,Fail,2,0,,7.472
tx_pwr_DPSKPWR,2,M,8-DH5,15,0,1500,Fail,2,0,,6.145
tx_pwr_DPSKPWR,2,H,8-DH5,15,0,1500,Fail,2,0,,5.485
tx_pwr_DPSKPWR,4,L,8-DH5,15,0,1500,Fail,2,0,,4.72
tx_pwr_DPSKPWR,4,M,8-DH5,15,0,1500,Fail,2,0,,4.143
tx_pwr_DPSKPWR,4,H,8-DH5,15,0,1500,Fail,2,0,,3.838
tx_pwr_DPSKPWR,5,L,8-DH5,15,0,1500,Fail,2,0,,3.829
tx_pwr_DPSKPWR,5,M,8-DH5,15,0,1500,Fail,2,0,,3.739
tx_pwr_DPSKPWR,5,H,8-DH5,15,0,1500,Fail,2,0,,3.849
tx_pwr_DPSKPWR,6,L,8-DH5,15,0,1500,Fail,2,0,,3.904
tx_pwr_DPSKPWR,6,M,8-DH5,15,0,1500,Fail,2,0,,4.173
tx_pwr_DPSKPWR,6,H,8-DH5,15,0,1500,Fail,2,0,,4.272
tx_pwr_DPSKPWR,7,L,8-DH5,15,0,1500,Fail,2,0,,4.597
tx_pwr_DPSKPWR,7,M,8-DH5,15,0,1500,Fail,2,0,,5.081
tx_pwr_DPSKPWR,7,H,8-DH5,15,0,1500,Fail,2,0,,5.831
tx_pwr_DPSKPWR,0,L,8-HDRP,15,0,1500,Fail,2,0,,3.211
tx_pwr_DPSKPWR,0,M,8-HDRP,15,0,1500,Fail,2,0,,2.917
tx_pwr_DPSKPWR,0,H,8-HDRP,15,0,1500,Fail,2,0,,2.346
tx_pwr_DPSKPWR,1,L,8-HDRP,15,1,1500,Pass,2,0,,10.208
tx_pwr_DPSKPWR,1,M,8-HDRP,15,1,1500,Pass,2,0,,10.944
tx_pwr_DPSKPWR,1,H,8-HDRP,15,1,1500,Pass,2,0,,11.664
tx_pwr_DPSKPWR,2,L,8-HDRP,15,0,1500,Fail,2,0,,7.186
tx_pwr_DPSKPWR,2,M,8-HDRP,15,0,1500,Fail,2,0,,5.848
tx_pwr_DPSKPWR,2,H,8-HDRP,15,0,1500,Fail,2,0,,5.184
tx_pwr_DPSKPWR,4,L,8-HDRP,15,0,1500,Fail,2,0,,4.417
tx_pwr_DPSKPWR,4,M,8-HDRP,15,0,1500,Fail,2,0,,3.811
tx_pwr_DPSKPWR,4,H,8-HDRP,15,0,1500,Fail,2,0,,3.513
tx_pwr_DPSKPWR,5,L,8-HDRP,15,0,1500,Fail,2,0,,3.507
tx_pwr_DPSKPWR,5,M,8-HDRP,15,0,1500,Fail,2,0,,3.413
tx_pwr_DPSKPWR,5,H,8-HDRP,15,0,1500,Fail,2,0,,3.386
tx_pwr_DPSKPWR,6,L,8-HDRP,15,0,1500,Fail,2,0,,3.43
tx_pwr_DPSKPWR,6,M,8-HDRP,15,0,1500,Fail,2,0,,3.725
tx_pwr_DPSKPWR,6,H,8-HDRP,15,0,1500,Fail,2,0,,3.926
tx_pwr_DPSKPWR,7,L,8-HDRP,15,0,1500,Fail,2,0,,4.271
tx_pwr_DPSKPWR,7,M,8-HDRP,15,0,1500,Fail,2,0,,4.767
tx_pwr_DPSKPWR,7,H,8-HDRP,15,0,1500,Fail,2,0,,5.548
tx_pwr_avg,0,L,DH5,15,0,1500,Fail,2,30,,5.083
tx_pwr_avg,0,M,DH5,15,0,1500,Fail,2,30,,5.07
tx_pwr_avg,0,H,DH5,15,0,1500,Fail,2,30,,4.881
tx_pwr_avg,1,L,DH5,15,1,1500,Pass,2,30,,14.068
tx_pwr_avg,1,M,DH5,15,1,1500,Pass,2,30,,14.235
tx_pwr_avg,1,H,DH5,15,1,1500,Pass,2,30,,14.363
tx_pwr_avg,2,L,DH5,15,0,1500,Fail,2,30,,9.502
tx_pwr_avg,2,M,DH5,15,0,1500,Fail,2,30,,8.44
tx_pwr_avg,2,H,DH5,15,0,1500,Fail,2,30,,8.029
tx_pwr_avg,4,L,DH5,15,0,1500,Fail,2,30,,7.378
tx_pwr_avg,4,M,DH5,15,0,1500,Fail,2,30,,6.997
tx_pwr_avg,4,H,DH5,15,0,1500,Fail,2,30,,6.921
tx_pwr_avg,5,L,DH5,15,0,1500,Fail,2,30,,7.011
tx_pwr_avg,5,M,DH5,15,0,1500,Fail,2,30,,7.028
tx_pwr_avg,5,H,DH5,15,0,1500,Fail,2,30,,7.324
tx_pwr_avg,6,L,DH5,15,0,1500,Fail,2,30,,7.391
tx_pwr_avg,6,M,DH5,15,0,1500,Fail,2,30,,7.72
tx_pwr_avg,6,H,DH5,15,0,1500,Fail,2,30,,7.981
tx_pwr_avg,7,L,DH5,15,0,1500,Fail,2,30,,8.464
tx_pwr_avg,7,M,DH5,15,0,1500,Fail,2,30,,8.997
tx_pwr_avg,7,H,DH5,15,0,1500,Fail,2,30,,9.831
tx_pwr_DPSKPWR,0,L,8-DH5,15,0,1500,Fail,2,30,,3.147
tx_pwr_DPSKPWR,0,M,8-DH5,15,0,1500,Fail,2,30,,2.978
tx_pwr_DPSKPWR,0,H,8-DH5,15,0,1500,Fail,2,30,,2.567
tx_pwr_DPSKPWR,1,L,8-DH5,15,1,1500,Pass,2,30,,11.09
tx_pwr_DPSKPWR,1,M,8-DH5,15,1,1500,Pass,2,30,,11.293
tx_pwr_DPSKPWR,1,H,8-DH5,15,1,1500,Pass,2,30,,11.446
tx_pwr_DPSKPWR,2,L,8-DH5,15,0,1500,Fail,2,30,,6.632
tx_pwr_DPSKPWR,2,M,8-DH5,15,0,1500,Fail,2,30,,5.494
tx_pwr_DPSKPWR,2,H,8-DH5,15,0,1500,Fail,2,30,,5.003
tx_pwr_DPSKPWR,4,L,8-DH5,15,0,1500,Fail,2,30,,4.448
tx_pwr_DPSKPWR,4,M,8-DH5,15,0,1500,Fail,2,30,,4.027
tx_pwr_DPSKPWR,4,H,8-DH5,15,0,1500,Fail,2,30,,3.906
tx_pwr_DPSKPWR,5,L,8-DH5,15,0,1500,Fail,2,30,,3.919
tx_pwr_DPSKPWR,5,M,8-DH5,15,0,1500,Fail,2,30,,4.019
tx_pwr_DPSKPWR,5,H,8-DH5,15,0,1500,Fail,2,30,,4.29
tx_pwr_DPSKPWR,6,L,8-DH5,15,0,1500,Fail,2,30,,4.464
tx_pwr_DPSKPWR,6,M,8-DH5,15,0,1500,Fail,2,30,,4.865
tx_pwr_DPSKPWR,6,H,8-DH5,15,0,1500,Fail,2,30,,5.087
tx_pwr_DPSKPWR,7,L,8-DH5,15,0,1500,Fail,2,30,,5.438
tx_pwr_DPSKPWR,7,M,8-DH5,15,0,1500,Fail,2,30,,6.035
tx_pwr_DPSKPWR,7,H,8-DH5,15,0,1500,Fail,2,30,,6.916
tx_pwr_DPSKPWR,0,L,8-HDRP,15,0,1500,Fail,2,30,,2.989
tx_pwr_DPSKPWR,0,M,8-HDRP,15,0,1500,Fail,2,30,,2.793
tx_pwr_DPSKPWR,0,H,8-HDRP,15,0,1500,Fail,2,30,,2.341
tx_pwr_DPSKPWR,1,L,8-HDRP,15,1,1500,Pass,2,30,,10.786
tx_pwr_DPSKPWR,1,M,8-HDRP,15,1,1500,Pass,2,30,,11.008
tx_pwr_DPSKPWR,1,H,8-HDRP,15,1,1500,Pass,2,30,,11.25
tx_pwr_DPSKPWR,2,L,8-HDRP,15,0,1500,Fail,2,30,,6.326
tx_pwr_DPSKPWR,2,M,8-HDRP,15,0,1500,Fail,2,30,,5.219
tx_pwr_DPSKPWR,2,H,8-HDRP,15,0,1500,Fail,2,30,,4.678
tx_pwr_DPSKPWR,4,L,8-HDRP,15,0,1500,Fail,2,30,,4.03
tx_pwr_DPSKPWR,4,M,8-HDRP,15,0,1500,Fail,2,30,,3.669
tx_pwr_DPSKPWR,4,H,8-HDRP,15,0,1500,Fail,2,30,,3.594
tx_pwr_DPSKPWR,5,L,8-HDRP,15,0,1500,Fail,2,30,,3.594
tx_pwr_DPSKPWR,5,M,8-HDRP,15,0,1500,Fail,2,30,,3.747
tx_pwr_DPSKPWR,5,H,8-HDRP,15,0,1500,Fail,2,30,,4.041
tx_pwr_DPSKPWR,6,L,8-HDRP,15,0,1500,Fail,2,30,,4.129
tx_pwr_DPSKPWR,6,M,8-HDRP,15,0,1500,Fail,2,30,,4.522
tx_pwr_DPSKPWR,6,H,8-HDRP,15,0,1500,Fail,2,30,,4.748
tx_pwr_DPSKPWR,7,L,8-HDRP,15,0,1500,Fail,2,30,,5.105
tx_pwr_DPSKPWR,7,M,8-HDRP,15,0,1500,Fail,2,30,,5.724
tx_pwr_DPSKPWR,7,H,8-HDRP,15,0,1500,Fail,2,30,,6.582
tx_pwr_avg,0,L,DH5,15,0,1500,Fail,2,60,,5.166
tx_pwr_avg,0,M,DH5,15,0,1500,Fail,2,60,,5.253
tx_pwr_avg,0,H,DH5,15,0,1500,Fail,2,60,,5.176
tx_pwr_avg,1,L,DH5,15,1,1500,Pass,2,60,,13.034
tx_pwr_avg,1,M,DH5,15,1,1500,Pass,2,60,,13.077
tx_pwr_avg,1,H,DH5,15,1,1500,Pass,2,60,,12.988
tx_pwr_avg,2,L,DH5,15,0,1500,Fail,2,60,,9.037
tx_pwr_avg,2,M,DH5,15,0,1500,Fail,2,60,,8.257
tx_pwr_avg,2,H,DH5,15,0,1500,Fail,2,60,,7.961
tx_pwr_avg,4,L,DH5,15,0,1500,Fail,2,60,,7.613
tx_pwr_avg,4,M,DH5,15,0,1500,Fail,2,60,,7.471
tx_pwr_avg,4,H,DH5,15,0,1500,Fail,2,60,,7.549
tx_pwr_avg,5,L,DH5,15,0,1500,Fail,2,60,,7.696
tx_pwr_avg,5,M,DH5,15,0,1500,Fail,2,60,,7.885
tx_pwr_avg,5,H,DH5,15,0,1500,Fail,2,60,,8.268
tx_pwr_avg,6,L,DH5,15,0,1500,Fail,2,60,,8.344
tx_pwr_avg,6,M,DH5,15,0,1500,Fail,2,60,,8.984
tx_pwr_avg,6,H,DH5,15,0,1500,Fail,2,60,,9.341
tx_pwr_avg,7,L,DH5,15,0,1500,Fail,2,60,,9.744
tx_pwr_avg,7,M,DH5,15,0,1500,Fail,2,60,,10.324
tx_pwr_avg,7,H,DH5,15,0,1500,Pass,2,60,,11.245
tx_pwr_DPSKPWR,0,L,8-DH5,15,0,1500,Fail,2,60,,3.222
tx_pwr_DPSKPWR,0,M,8-DH5,15,0,1500,Fail,2,60,,3.145
tx_pwr_DPSKPWR,0,H,8-DH5,15,0,1500,Fail,2,60,,2.844
tx_pwr_DPSKPWR,1,L,8-DH5,15,1,1500,Pass,2,60,,10.153
tx_pwr_DPSKPWR,1,M,8-DH5,15,1,1500,Pass,2,60,,10.175
tx_pwr_DPSKPWR,1,H,8-DH5,15,1,1500,Pass,2,60,,10.162
tx_pwr_DPSKPWR,2,L,8-DH5,15,0,1500,Fail,2,60,,6.222
tx_pwr_DPSKPWR,2,M,8-DH5,15,0,1500,Fail,2,60,,5.372
tx_pwr_DPSKPWR,2,H,8-DH5,15,0,1500,Fail,2,60,,5.047
tx_pwr_DPSKPWR,4,L,8-DH5,15,0,1500,Fail,2,60,,4.688
tx_pwr_DPSKPWR,4,M,8-DH5,15,0,1500,Fail,2,60,,4.529
tx_pwr_DPSKPWR,4,H,8-DH5,15,0,1500,Fail,2,60,,4.592
tx_pwr_DPSKPWR,5,L,8-DH5,15,0,1500,Fail,2,60,,4.653
tx_pwr_DPSKPWR,5,M,8-DH5,15,0,1500,Fail,2,60,,4.897
tx_pwr_DPSKPWR,5,H,8-DH5,15,0,1500,Fail,2,60,,5.299
tx_pwr_DPSKPWR,6,L,8-DH5,15,0,1500,Fail,2,60,,5.387
tx_pwr_DPSKPWR,6,M,8-DH5,15,0,1500,Fail,2,60,,6.007
tx_pwr_DPSKPWR,6,H,8-DH5,15,0,1500,Fail,2,60,,6.357
tx_pwr_DPSKPWR,7,L,8-DH5,15,0,1500,Fail,2,60,,6.678
tx_pwr_DPSKPWR,7,M,8-DH5,15,0,1500,Fail,2,60,,7.398
tx_pwr_DPSKPWR,7,H,8-DH5,15,0,1500,Pass,2,60,,8.323
tx_pwr_DPSKPWR,0,L,8-HDRP,15,0,1500,Fail,2,60,,3.056
tx_pwr_DPSKPWR,0,M,8-HDRP,15,0,1500,Fail,2,60,,2.951
tx_pwr_DPSKPWR,0,H,8-HDRP,15,0,1500,Fail,2,60,,2.61
tx_pwr_DPSKPWR,1,L,8-HDRP,15,1,1500,Pass,2,60,,9.823
tx_pwr_DPSKPWR,1,M,8-HDRP,15,1,1500,Pass,2,60,,9.873
tx_pwr_DPSKPWR,1,H,8-HDRP,15,1,1500,Pass,2,60,,9.845
tx_pwr_DPSKPWR,2,L,8-HDRP,15,0,1500,Fail,2,60,,5.906
tx_pwr_DPSKPWR,2,M,8-HDRP,15,0,1500,Fail,2,60,,5.052
tx_pwr_DPSKPWR,2,H,8-HDRP,15,0,1500,Fail,2,60,,4.726
tx_pwr_DPSKPWR,4,L,8-HDRP,15,0,1500,Fail,2,60,,4.355
tx_pwr_DPSKPWR,4,M,8-HDRP,15,0,1500,Fail,2,60,,4.208
tx_pwr_DPSKPWR,4,H,8-HDRP,15,0,1500,Fail,2,60,,4.279
tx_pwr_DPSKPWR,5,L,8-HDRP,15,0,1500,Fail,2,60,,4.335
tx_pwr_DPSKPWR,5,M,8-HDRP,15,0,1500,Fail,2,60,,4.604
tx_pwr_DPSKPWR,5,H,8-HDRP,15,0,1500,Fail,2,60,,5.002
tx_pwr_DPSKPWR,6,L,8-HDRP,15,0,1500,Fail,2,60,,5.075
tx_pwr_DPSKPWR,6,M,8-HDRP,15,0,1500,Fail,2,60,,5.691
tx_pwr_DPSKPWR,6,H,8-HDRP,15,0,1500,Fail,2,60,,6.061
tx_pwr_DPSKPWR,7,L,8-HDRP,15,0,1500,Fail,2,60,,6.386
tx_pwr_DPSKPWR,7,M,8-HDRP,15,0,1500,Fail,2,60,,7.096
tx_pwr_DPSKPWR,7,H,8-HDRP,15,0,1500,Pass,2,60,,8.051
tx_pwr_avg,0,L,DH5,15,0,1500,Fail,2,90,,5.62
tx_pwr_avg,0,M,DH5,15,0,1500,Fail,2,90,,5.806
tx_pwr_avg,0,H,DH5,15,0,1500,Fail,2,90,,5.83
tx_pwr_avg,1,L,DH5,15,1,1500,Pass,2,90,,11.485
tx_pwr_avg,1,M,DH5,15,1,1500,Pass,2,90,,11.503
tx_pwr_avg,1,H,DH5,15,1,1500,Pass,2,90,,11.551
tx_pwr_avg,2,L,DH5,15,0,1500,Fail,2,90,,9.071
tx_pwr_avg,2,M,DH5,15,0,1500,Fail,2,90,,8.563
tx_pwr_avg,2,H,DH5,15,0,1500,Fail,2,90,,8.451
tx_pwr_avg,4,L,DH5,15,0,1500,Fail,2,90,,8.362
tx_pwr_avg,4,M,DH5,15,0,1500,Fail,2,90,,8.441
tx_pwr_avg,4,H,DH5,15,0,1500,Fail,2,90,,8.693
tx_pwr_avg,5,L,DH5,15,0,1500,Fail,2,90,,8.914
tx_pwr_avg,5,M,DH5,15,0,1500,Fail,2,90,,9.242
tx_pwr_avg,5,H,DH5,15,0,1500,Fail,2,90,,9.708
tx_pwr_avg,6,L,DH5,15,0,1500,Fail,2,90,,9.906
tx_pwr_avg,6,M,DH5,15,0,1500,Fail,2,90,,10.579
tx_pwr_avg,6,H,DH5,15,0,1500,Fail,2,90,,10.836
tx_pwr_avg,7,L,DH5,15,0,1500,Pass,2,90,,11.366
tx_pwr_avg,7,M,DH5,15,0,1500,Pass,2,90,,11.952
tx_pwr_avg,7,H,DH5,15,0,1500,Pass,2,90,,12.768
tx_pwr_DPSKPWR,0,L,8-DH5,15,0,1500,Fail,2,90,,3.684
tx_pwr_DPSKPWR,0,M,8-DH5,15,0,1500,Fail,2,90,,3.698
tx_pwr_DPSKPWR,0,H,8-DH5,15,0,1500,Fail,2,90,,3.502
tx_pwr_DPSKPWR,1,L,8-DH5,15,1,1500,Pass,2,90,,8.476
tx_pwr_DPSKPWR,1,M,8-DH5,15,1,1500,Pass,2,90,,8.55
tx_pwr_DPSKPWR,1,H,8-DH5,15,1,1500,Pass,2,90,,8.67
tx_pwr_DPSKPWR,2,L,8-DH5,15,0,1500,Fail,2,90,,6.206
tx_pwr_DPSKPWR,2,M,8-DH5,15,0,1500,Fail,2,90,,5.598
tx_pwr_DPSKPWR,2,H,8-DH5,15,0,1500,Fail,2,90,,5.432
tx_pwr_DPSKPWR,4,L,8-DH5,15,0,1500,Fail,2,90,,5.357
tx_pwr_DPSKPWR,4,M,8-DH5,15,0,1500,Fail,2,90,,5.424
tx_pwr_DPSKPWR,4,H,8-DH5,15,0,1500,Fail,2,90,,5.633
tx_pwr_DPSKPWR,5,L,8-DH5,15,0,1500,Fail,2,90,,5.742
tx_pwr_DPSKPWR,5,M,8-DH5,15,0,1500,Fail,2,90,,6.19
tx_pwr_DPSKPWR,5,H,8-DH5,15,0,1500,Fail,2,90,,6.624
tx_pwr_DPSKPWR,6,L,8-DH5,15,0,1500,Fail,2,90,,6.819
tx_pwr_DPSKPWR,6,M,8-DH5,15,0,1500,Fail,2,90,,7.589
tx_pwr_DPSKPWR,6,H,8-DH5,15,0,1500,Fail,2,90,,7.808
tx_pwr_DPSKPWR,7,L,8-DH5,15,0,1500,Pass,2,90,,8.209
tx_pwr_DPSKPWR,7,M,8-DH5,15,0,1500,Pass,2,90,,8.896
tx_pwr_DPSKPWR,7,H,8-DH5,15,0,1500,Pass,2,90,,9.737
tx_pwr_DPSKPWR,0,L,8-HDRP,15,0,1500,Fail,2,90,,3.506
tx_pwr_DPSKPWR,0,M,8-HDRP,15,0,1500,Fail,2,90,,3.495
tx_pwr_DPSKPWR,0,H,8-HDRP,15,0,1500,Fail,2,90,,3.254
tx_pwr_DPSKPWR,1,L,8-HDRP,15,1,1500,Pass,2,90,,8.12
tx_pwr_DPSKPWR,1,M,8-HDRP,15,1,1500,Pass,2,90,,8.24
tx_pwr_DPSKPWR,1,H,8-HDRP,15,1,1500,Pass,2,90,,8.364
tx_pwr_DPSKPWR,2,L,8-HDRP,15,0,1500,Fail,2,90,,5.922
tx_pwr_DPSKPWR,2,M,8-HDRP,15,0,1500,Fail,2,90,,5.317
tx_pwr_DPSKPWR,2,H,8-HDRP,15,0,1500,Fail,2,90,,5.161
tx_pwr_DPSKPWR,4,L,8-HDRP,15,0,1500,Fail,2,90,,5.059
tx_pwr_DPSKPWR,4,M,8-HDRP,15,0,1500,Fail,2,90,,5.109
tx_pwr_DPSKPWR,4,H,8-HDRP,15,0,1500,Fail,2,90,,5.375
tx_pwr_DPSKPWR,5,L,8-HDRP,15,0,1500,Fail,2,90,,5.463
tx_pwr_DPSKPWR,5,M,8-HDRP,15,0,1500,Fail,2,90,,5.875
tx_pwr_DPSKPWR,5,H,8-HDRP,15,0,1500,Fail,2,90,,6.359
tx_pwr_DPSKPWR,6,L,8-HDRP,15,0,1500,Fail,2,90,,6.505
tx_pwr_DPSKPWR,6,M,8-HDRP,15,0,1500,Fail,2,90,,7.225
tx_pwr_DPSKPWR,6,H,8-HDRP,15,0,1500,Fail,2,90,,7.551
tx_pwr_DPSKPWR,7,L,8-HDRP,15,0,1500,Pass,2,90,,7.965
tx_pwr_DPSKPWR,7,M,8-HDRP,15,0,1500,Pass,2,90,,8.672
tx_pwr_DPSKPWR,7,H,8-HDRP,15,0,1500,Pass,2,90,,9.52
tx_pwr_avg,0,L,DH5,15,0,1500,Fail,2,120,,6.448
tx_pwr_avg,0,M,DH5,15,0,1500,Fail,2,120,,6.758
tx_pwr_avg,0,H,DH5,15,0,1500,Fail,2,120,,6.868
tx_pwr_avg,1,L,DH5,15,1,1500,Fail,2,120,,9.975
tx_pwr_avg,1,M,DH5,15,1,1500,Fail,2,120,,10.155
tx_pwr_avg,1,H,DH5,15,1,1500,Fail,2,120,,10.386
tx_pwr_avg,2,L,DH5,15,0,1500,Fail,2,120,,9.47
tx_pwr_avg,2,M,DH5,15,0,1500,Fail,2,120,,9.263
tx_pwr_avg,2,H,DH5,15,0,1500,Fail,2,120,,9.275
tx_pwr_avg,4,L,DH5,15,0,1500,Fail,2,120,,9.468
tx_pwr_avg,4,M,DH5,15,0,1500,Fail,2,120,,9.703
tx_pwr_avg,4,H,DH5,15,0,1500,Fail,2,120,,10.098
tx_pwr_avg,5,L,DH5,15,0,1500,Fail,2,120,,10.444
tx_pwr_avg,5,M,DH5,15,0,1500,Fail,2,120,,10.84
tx_pwr_avg,5,H,DH5,15,0,1500,Pass,2,120,,11.381
tx_pwr_avg,6,L,DH5,15,0,1500,Pass,2,120,,11.626
tx_pwr_avg,6,M,DH5,15,0,1500,Pass,2,120,,12.026
tx_pwr_avg,6,H,DH5,15,0,1500,Pass,2,120,,12.252
tx_pwr_avg,7,L,DH5,15,0,1500,Pass,2,120,,12.652
tx_pwr_avg,7,M,DH5,15,0,1500,Pass,2,120,,12.96
tx_pwr_avg,7,H,DH5,15,0,1500,Pass,2,120,,13.464
tx_pwr_DPSKPWR,0,L,8-DH5,15,0,1500,Fail,2,120,,4.513
tx_pwr_DPSKPWR,0,M,8-DH5,15,0,1500,Fail,2,120,,4.651
tx_pwr_DPSKPWR,0,H,8-DH5,15,0,1500,Fail,2,120,,4.54
tx_pwr_DPSKPWR,1,L,8-DH5,15,1,1500,Fail,2,120,,7.027
tx_pwr_DPSKPWR,1,M,8-DH5,15,1,1500,Fail,2,120,,7.233
tx_pwr_DPSKPWR,1,H,8-DH5,15,1,1500,Fail,2,120,,7.496
tx_pwr_DPSKPWR,2,L,8-DH5,15,0,1500,Fail,2,120,,6.697
tx_pwr_DPSKPWR,2,M,8-DH5,15,0,1500,Fail,2,120,,6.401
tx_pwr_DPSKPWR,2,H,8-DH5,15,0,1500,Fail,2,120,,6.422
tx_pwr_DPSKPWR,4,L,8-DH5,15,0,1500,Fail,2,120,,6.575
tx_pwr_DPSKPWR,4,M,8-DH5,15,0,1500,Fail,2,120,,6.775
tx_pwr_DPSKPWR,4,H,8-DH5,15,0,1500,Fail,2,120,,7.177
tx_pwr_DPSKPWR,5,L,8-DH5,15,0,1500,Fail,2,120,,7.287
tx_pwr_DPSKPWR,5,M,8-DH5,15,0,1500,Fail,2,120,,7.828
tx_pwr_DPSKPWR,5,H,8-DH5,15,0,1500,Pass,2,120,,8.415
tx_pwr_DPSKPWR,6,L,8-DH5,15,0,1500,Pass,2,120,,8.545
tx_pwr_DPSKPWR,6,M,8-DH5,15,0,1500,Pass,2,120,,9.07
tx_pwr_DPSKPWR,6,H,8-DH5,15,0,1500,Pass,2,120,,9.303
tx_pwr_DPSKPWR,7,L,8-DH5,15,0,1500,Pass,2,120,,9.638
tx_pwr_DPSKPWR,7,M,8-DH5,15,0,1500,Pass,2,120,,10.011
tx_pwr_DPSKPWR,7,H,8-DH5,15,0,1500,Pass,2,120,,10.303
tx_pwr_DPSKPWR,0,L,8-HDRP,15,0,1500,Fail,2,120,,4.358
tx_pwr_DPSKPWR,0,M,8-HDRP,15,0,1500,Fail,2,120,,4.467
tx_pwr_DPSKPWR,0,H,8-HDRP,15,0,1500,Fail,2,120,,4.317
tx_pwr_DPSKPWR,1,L,8-HDRP,15,1,1500,Fail,2,120,,6.75
tx_pwr_DPSKPWR,1,M,8-HDRP,15,1,1500,Fail,2,120,,7.011
tx_pwr_DPSKPWR,1,H,8-HDRP,15,1,1500,Fail,2,120,,7.272
tx_pwr_DPSKPWR,2,L,8-HDRP,15,0,1500,Fail,2,120,,6.458
tx_pwr_DPSKPWR,2,M,8-HDRP,15,0,1500,Fail,2,120,,6.126
tx_pwr_DPSKPWR,2,H,8-HDRP,15,0,1500,Fail,2,120,,6.147
tx_pwr_DPSKPWR,4,L,8-HDRP,15,0,1500,Fail,2,120,,6.293
tx_pwr_DPSKPWR,4,M,8-HDRP,15,0,1500,Fail,2,120,,6.512
tx_pwr_DPSKPWR,4,H,8-HDRP,15,0,1500,Fail,2,120,,6.909
tx_pwr_DPSKPWR,5,L,8-HDRP,15,0,1500,Fail,2,120,,7.034
tx_pwr_DPSKPWR,5,M,8-HDRP,15,0,1500,Fail,2,120,,7.592
tx_pwr_DPSKPWR,5,H,8-HDRP,15,0,1500,Pass,2,120,,8.158
tx_pwr_DPSKPWR,6,L,8-HDRP,15,0,1500,Pass,2,120,,8.292
tx_pwr_DPSKPWR,6,M,8-HDRP,15,0,1500,Pass,2,120,,8.899
tx_pwr_DPSKPWR,6,H,8-HDRP,15,0,1500,Pass,2,120,,9.186
tx_pwr_DPSKPWR,7,L,8-HDRP,15,0,1500,Pass,2,120,,9.545
tx_pwr_DPSKPWR,7,M,8-HDRP,15,0,1500,Pass,2,120,,9.967
tx_pwr_DPSKPWR,7,H,8-HDRP,15,0,1500,Pass,2,120,,10.282
tx_pwr_avg,0,L,DH5,15,0,1500,Fail,2,150,,7.765
tx_pwr_avg,0,M,DH5,15,0,1500,Fail,2,150,,8.183
tx_pwr_avg,0,H,DH5,15,0,1500,Fail,2,150,,8.347
tx_pwr_avg,1,L,DH5,15,1,1500,Fail,2,150,,10.403
tx_pwr_avg,1,M,DH5,15,1,1500,Fail,2,150,,10.946
tx_pwr_avg,1,H,DH5,15,1,1500,Pass,2,150,,11.456
tx_pwr_avg,2,L,DH5,15,0,1500,Pass,2,150,,11.655
tx_pwr_avg,2,M,DH5,15,0,1500,Fail,2,150,,10.935
tx_pwr_avg,2,H,DH5,15,0,1500,Fail,2,150,,10.614
tx_pwr_avg,4,L,DH5,15,0,1500,Fail,2,150,,10.245
tx_pwr_avg,4,M,DH5,15,0,1500,Fail,2,150,,9.912
tx_pwr_avg,4,H,DH5,15,0,1500,Fail,2,150,,9.518
tx_pwr_avg,5,L,DH5,15,0,1500,Fail,2,150,,9.504
tx_pwr_avg,5,M,DH5,15,0,1500,Fail,2,150,,9.394
tx_pwr_avg,5,H,DH5,15,0,1500,Fail,2,150,,9.493
tx_pwr_avg,6,L,DH5,15,0,1500,Fail,2,150,,9.466
tx_pwr_avg,6,M,DH5,15,0,1500,Fail,2,150,,9.551
tx_pwr_avg,6,H,DH5,15,0,1500,Fail,2,150,,9.457
tx_pwr_avg,7,L,DH5,15,0,1500,Fail,2,150,,9.664
tx_pwr_avg,7,M,DH5,15,0,1500,Fail,2,150,,9.989
tx_pwr_avg,7,H,DH5,15,0,1500,Fail,2,150,,10.562
tx_pwr_DPSKPWR,0,L,8-DH5,15,0,1500,Fail,2,150,,5.772
tx_pwr_DPSKPWR,0,M,8-DH5,15,0,1500,Fail,2,150,,6.039
tx_pwr_DPSKPWR,0,H,8-DH5,15,0,1500,Fail,2,150,,5.997
tx_pwr_DPSKPWR,1,L,8-DH5,15,1,1500,Fail,2,150,,7.425
tx_pwr_DPSKPWR,1,M,8-DH5,15,1,1500,Fail,2,150,,7.96
tx_pwr_DPSKPWR,1,H,8-DH5,15,1,1500,Pass,2,150,,8.552
tx_pwr_DPSKPWR,2,L,8-DH5,15,0,1500,Pass,2,150,,8.793
tx_pwr_DPSKPWR,2,M,8-DH5,15,0,1500,Fail,2,150,,8.039
tx_pwr_DPSKPWR,2,H,8-DH5,15,0,1500,Fail,2,150,,7.667
tx_pwr_DPSKPWR,4,L,8-DH5,15,0,1500,Fail,2,150,,7.327
tx_pwr_DPSKPWR,4,M,8-DH5,15,0,1500,Fail,2,150,,6.947
tx_pwr_DPSKPWR,4,H,8-DH5,15,0,1500,Fail,2,150,,6.549
tx_pwr_DPSKPWR,5,L,8-DH5,15,0,1500,Fail,2,150,,6.524
tx_pwr_DPSKPWR,5,M,8-DH5,15,0,1500,Fail,2,150,,6.404
tx_pwr_DPSKPWR,5,H,8-DH5,15,0,1500,Fail,2,150,,6.506
tx_pwr_DPSKPWR,6,L,8-DH5,15,0,1500,Fail,2,150,,6.534
tx_pwr_DPSKPWR,6,M,8-DH5,15,0,1500,Fail,2,150,,6.585
tx_pwr_DPSKPWR,6,H,8-DH5,15,0,1500,Fail,2,150,,6.503
tx_pwr_DPSKPWR,7,L,8-DH5,15,0,1500,Fail,2,150,,6.705
tx_pwr_DPSKPWR,7,M,8-DH5,15,0,1500,Fail,2,150,,7.028
tx_pwr_DPSKPWR,7,H,8-DH5,15,0,1500,Fail,2,150,,7.627
tx_pwr_DPSKPWR,0,L,8-HDRP,15,0,1500,Fail,2,150,,5.591
tx_pwr_DPSKPWR,0,M,8-HDRP,15,0,1500,Fail,2,150,,5.833
tx_pwr_DPSKPWR,0,H,8-HDRP,15,0,1500,Fail,2,150,,5.75
tx_pwr_DPSKPWR,1,L,8-HDRP,15,1,1500,Fail,2,150,,7.14
tx_pwr_DPSKPWR,1,M,8-HDRP,15,1,1500,Fail,2,150,,7.709
tx_pwr_DPSKPWR,1,H,8-HDRP,15,1,1500,Pass,2,150,,8.249
tx_pwr_DPSKPWR,2,L,8-HDRP,15,0,1500,Pass,2,150,,8.498
tx_pwr_DPSKPWR,2,M,8-HDRP,15,0,1500,Fail,2,150,,7.735
tx_pwr_DPSKPWR,2,H,8-HDRP,15,0,1500,Fail,2,150,,7.355
tx_pwr_DPSKPWR,4,L,8-HDRP,15,0,1500,Fail,2,150,,6.976
tx_pwr_DPSKPWR,4,M,8-HDRP,15,0,1500,Fail,2,150,,6.59
tx_pwr_DPSKPWR,4,H,8-HDRP,15,0,1500,Fail,2,150,,6.192
tx_pwr_DPSKPWR,5,L,8-HDRP,15,0,1500,Fail,2,150,,6.171
tx_pwr_DPSKPWR,5,M,8-HDRP,15,0,1500,Fail,2,150,,6.052
tx_pwr_DPSKPWR,5,H,8-HDRP,15,0,1500,Fail,2,150,,6.16
tx_pwr_DPSKPWR,6,L,8-HDRP,15,0,1500,Fail,2,150,,6.192
tx_pwr_DPSKPWR,6,M,8-HDRP,15,0,1500,Fail,2,150,,6.25
tx_pwr_DPSKPWR,6,H,8-HDRP,15,0,1500,Fail,2,150,,6.17
tx_pwr_DPSKPWR,7,L,8-HDRP,15,0,1500,Fail,2,150,,6.383
tx_pwr_DPSKPWR,7,M,8-HDRP,15,0,1500,Fail,2,150,,6.71
tx_pwr_DPSKPWR,7,H,8-HDRP,15,0,1500,Fail,2,150,,7.315
tx_pwr_avg,0,L,DH5,15,0,1500,Fail,2,180,,9.377
tx_pwr_avg,0,M,DH5,15,0,1500,Fail,2,180,,9.793
tx_pwr_avg,0,H,DH5,15,0,1500,Fail,2,180,,9.938
tx_pwr_avg,1,L,DH5,15,1,1500,Fail,2,180,,8.551
tx_pwr_avg,1,M,DH5,15,1,1500,Fail,2,180,,8.896
tx_pwr_avg,1,H,DH5,15,1,1500,Fail,2,180,,9.39
tx_pwr_avg,2,L,DH5,15,0,1500,Pass,2,180,,11.91
tx_pwr_avg,2,M,DH5,15,0,1500,Pass,2,180,,12.155
tx_pwr_avg,2,H,DH5,15,0,1500,Pass,2,180,,12.475
tx_pwr_avg,4,L,DH5,15,0,1500,Pass,2,180,,12.871
tx_pwr_avg,4,M,DH5,15,0,1500,Pass,2,180,,13.08
tx_pwr_avg,4,H,DH5,15,0,1500,Pass,2,180,,13.22
tx_pwr_avg,5,L,DH5,15,0,1500,Pass,2,180,,13.349
tx_pwr_avg,5,M,DH5,15,0,1500,Pass,2,180,,13.158
tx_pwr_avg,5,H,DH5,15,0,1500,Pass,2,180,,13.054
tx_pwr_avg,6,L,DH5,15,0,1500,Pass,2,180,,12.935
tx_pwr_avg,6,M,DH5,15,0,1500,Pass,2,180,,12.514
tx_pwr_avg,6,H,DH5,15,0,1500,Pass,2,180,,12.084
tx_pwr_avg,7,L,DH5,15,0,1500,Pass,2,180,,11.994
tx_pwr_avg,7,M,DH5,15,0,1500,Pass,2,180,,11.611
tx_pwr_avg,7,H,DH5,15,0,1500,Pass,2,180,,11.256
tx_pwr_DPSKPWR,0,L,8-DH5,15,0,1500,Fail,2,180,,7.384
tx_pwr_DPSKPWR,0,M,8-DH5,15,0,1500,Fail,2,180,,7.643
tx_pwr_DPSKPWR,0,H,8-DH5,15,0,1500,Fail,2,180,,7.587
tx_pwr_DPSKPWR,1,L,8-DH5,15,1,1500,Fail,2,180,,5.631
tx_pwr_DPSKPWR,1,M,8-DH5,15,1,1500,Fail,2,180,,6.03
tx_pwr_DPSKPWR,1,H,8-DH5,15,1,1500,Fail,2,180,,6.58
tx_pwr_DPSKPWR,2,L,8-DH5,15,0,1500,Pass,2,180,,9.139
tx_pwr_DPSKPWR,2,M,8-DH5,15,0,1500,Pass,2,180,,9.285
tx_pwr_DPSKPWR,2,H,8-DH5,15,0,1500,Pass,2,180,,9.565
tx_pwr_DPSKPWR,4,L,8-DH5,15,0,1500,Pass,2,180,,9.983
tx_pwr_DPSKPWR,4,M,8-DH5,15,0,1500,Pass,2,180,,10.143
tx_pwr_DPSKPWR,4,H,8-DH5,15,0,1500,Pass,2,180,,10.282
tx_pwr_DPSKPWR,5,L,8-DH5,15,0,1500,Pass,2,180,,10.284
tx_pwr_DPSKPWR,5,M,8-DH5,15,0,1500,Pass,2,180,,10.226
tx_pwr_DPSKPWR,5,H,8-DH5,15,0,1500,Pass,2,180,,10.12
tx_pwr_DPSKPWR,6,L,8-DH5,15,0,1500,Pass,2,180,,10.023
tx_pwr_DPSKPWR,6,M,8-DH5,15,0,1500,Pass,2,180,,9.595
tx_pwr_DPSKPWR,6,H,8-DH5,15,0,1500,Pass,2,180,,9.175
tx_pwr_DPSKPWR,7,L,8-DH5,15,0,1500,Pass,2,180,,9.177
tx_pwr_DPSKPWR,7,M,8-DH5,15,0,1500,Pass,2,180,,8.725
tx_pwr_DPSKPWR,7,H,8-DH5,15,0,1500,Pass,2,180,,8.385
tx_pwr_DPSKPWR,0,L,8-HDRP,15,0,1500,Fail,2,180,,7.211
tx_pwr_DPSKPWR,0,M,8-HDRP,15,0,1500,Fail,2,180,,7.45
tx_pwr_DPSKPWR,0,H,8-HDRP,15,0,1500,Fail,2,180,,7.357
tx_pwr_DPSKPWR,1,L,8-HDRP,15,1,1500,Fail,2,180,,5.302
tx_pwr_DPSKPWR,1,M,8-HDRP,15,1,1500,Fail,2,180,,5.709
tx_pwr_DPSKPWR,1,H,8-HDRP,15,1,1500,Fail,2,180,,6.268
tx_pwr_DPSKPWR,2,L,8-HDRP,15,0,1500,Pass,2,180,,8.821
tx_pwr_DPSKPWR,2,M,8-HDRP,15,0,1500,Pass,2,180,,8.928
tx_pwr_DPSKPWR,2,H,8-HDRP,15,0,1500,Pass,2,180,,9.25
tx_pwr_DPSKPWR,4,L,8-HDRP,15,0,1500,Pass,2,180,,9.64
tx_pwr_DPSKPWR,4,M,8-HDRP,15,0,1500,Pass,2,180,,9.795
tx_pwr_DPSKPWR,4,H,8-HDRP,15,0,1500,Pass,2,180,,9.931
tx_pwr_DPSKPWR,5,L,8-HDRP,15,0,1500,Pass,2,180,,9.935
tx_pwr_DPSKPWR,5,M,8-HDRP,15,0,1500,Pass,2,180,,9.881
tx_pwr_DPSKPWR,5,H,8-HDRP,15,0,1500,Pass,2,180,,9.765
tx_pwr_DPSKPWR,6,L,8-HDRP,15,0,1500,Pass,2,180,,9.659
tx_pwr_DPSKPWR,6,M,8-HDRP,15,0,1500,Pass,2,180,,9.238
tx_pwr_DPSKPWR,6,H,8-HDRP,15,0,1500,Pass,2,180,,8.819
tx_pwr_DPSKPWR,7,L,8-HDRP,15,0,1500,Pass,2,180,,8.822
tx_pwr_DPSKPWR,7,M,8-HDRP,15,0,1500,Pass,2,180,,8.368
tx_pwr_DPSKPWR,7,H,8-HDRP,15,0,1500,Pass,2,180,,8.029
tx_pwr_avg,0,L,DH5,15,0,1500,Fail,2,210,,10.681
tx_pwr_avg,0,M,DH5,15,0,1500,Fail,2,210,,10.827
tx_pwr_avg,0,H,DH5,15,0,1500,Fail,2,210,,10.591
tx_pwr_avg,1,L,DH5,15,1,1500,Fail,2,210,,8.281
tx_pwr_avg,1,M,DH5,15,1,1500,Fail,2,210,,8.797
tx_pwr_avg,1,H,DH5,15,1,1500,Fail,2,210,,9.449
tx_pwr_avg,2,L,DH5,15,0,1500,Pass,2,210,,13.439
tx_pwr_avg,2,M,DH5,15,0,1500,Pass,2,210,,13.54
tx_pwr_avg,2,H,DH5,15,0,1500,Pass,2,210,,13.725
tx_pwr_avg,4,L,DH5,15,0,1500,Pass,2,210,,13.656
tx_pwr_avg,4,M,DH5,15,0,1500,Pass,2,210,,13.181
tx_pwr_avg,4,H,DH5,15,0,1500,Pass,2,210,,12.823
tx_pwr_avg,5,L,DH5,15,0,1500,Pass,2,210,,12.56
tx_pwr_avg,5,M,DH5,15,0,1500,Pass,2,210,,12.028
tx_pwr_avg,5,H,DH5,15,0,1500,Pass,2,210,,11.539
tx_pwr_avg,6,L,DH5,15,0,1500,Pass,2,210,,11.377
tx_pwr_avg,6,M,DH5,15,0,1500,Fail,2,210,,10.776
tx_pwr_avg,6,H,DH5,15,0,1500,Fail,2,210,,10.298
tx_pwr_avg,7,L,DH5,15,0,1500,Fail,2,210,,10.2
tx_pwr_avg,7,M,DH5,15,0,1500,Fail,2,210,,9.92
tx_pwr_avg,7,H,DH5,15,0,1500,Fail,2,210,,9.809
tx_pwr_DPSKPWR,0,L,8-DH5,15,0,1500,Fail,2,210,,8.591
tx_pwr_DPSKPWR,0,M,8-DH5,15,0,1500,Fail,2,210,,8.589
tx_pwr_DPSKPWR,0,H,8-DH5,15,0,1500,Fail,2,210,,8.154
tx_pwr_DPSKPWR,1,L,8-DH5,15,1,1500,Fail,2,210,,5.345
tx_pwr_DPSKPWR,1,M,8-DH5,15,1,1500,Fail,2,210,,5.892
tx_pwr_DPSKPWR,1,H,8-DH5,15,1,1500,Fail,2,210,,6.597
tx_pwr_DPSKPWR,2,L,8-DH5,15,0,1500,Pass,2,210,,10.693
tx_pwr_DPSKPWR,2,M,8-DH5,15,0,1500,Pass,2,210,,10.755
tx_pwr_DPSKPWR,2,H,8-DH5,15,0,1500,Pass,2,210,,10.854
tx_pwr_DPSKPWR,4,L,8-DH5,15,0,1500,Pass,2,210,,10.748
tx_pwr_DPSKPWR,4,M,8-DH5,15,0,1500,Pass,2,210,,10.279
tx_pwr_DPSKPWR,4,H,8-DH5,15,0,1500,Pass,2,210,,9.89
tx_pwr_DPSKPWR,5,L,8-DH5,15,0,1500,Pass,2,210,,9.713
tx_pwr_DPSKPWR,5,M,8-DH5,15,0,1500,Pass,2,210,,9.044
tx_pwr_DPSKPWR,5,H,8-DH5,15,0,1500,Pass,2,210,,8.582
tx_pwr_DPSKPWR,6,L,8-DH5,15,0,1500,Pass,2,210,,8.428
tx_pwr_DPSKPWR,6,M,8-DH5,15,0,1500,Fail,2,210,,7.841
tx_pwr_DPSKPWR,6,H,8-DH5,15,0,1500,Fail,2,210,,7.363
tx_pwr_DPSKPWR,7,L,8-DH5,15,0,1500,Fail,2,210,,7.352
tx_pwr_DPSKPWR,7,M,8-DH5,15,0,1500,Fail,2,210,,6.993
tx_pwr_DPSKPWR,7,H,8-DH5,15,0,1500,Fail,2,210,,6.89
tx_pwr_DPSKPWR,0,L,8-HDRP,15,0,1500,Fail,2,210,,8.397
tx_pwr_DPSKPWR,0,M,8-HDRP,15,0,1500,Fail,2,210,,8.364
tx_pwr_DPSKPWR,0,H,8-HDRP,15,0,1500,Fail,2,210,,7.859
tx_pwr_DPSKPWR,1,L,8-HDRP,15,1,1500,Fail,2,210,,5.017
tx_pwr_DPSKPWR,1,M,8-HDRP,15,1,1500,Fail,2,210,,5.564
tx_pwr_DPSKPWR,1,H,8-HDRP,15,1,1500,Fail,2,210,,6.274
tx_pwr_DPSKPWR,2,L,8-HDRP,15,0,1500,Pass,2,210,,10.348
tx_pwr_DPSKPWR,2,M,8-HDRP,15,0,1500,Pass,2,210,,10.419
tx_pwr_DPSKPWR,2,H,8-HDRP,15,0,1500,Pass,2,210,,10.463
tx_pwr_DPSKPWR,4,L,8-HDRP,15,0,1500,Pass,2,210,,10.394
tx_pwr_DPSKPWR,4,M,8-HDRP,15,0,1500,Pass,2,210,,9.892
tx_pwr_DPSKPWR,4,H,8-HDRP,15,0,1500,Pass,2,210,,9.504
tx_pwr_DPSKPWR,5,L,8-HDRP,15,0,1500,Pass,2,210,,9.352
tx_pwr_DPSKPWR,5,M,8-HDRP,15,0,1500,Pass,2,210,,8.684
tx_pwr_DPSKPWR,5,H,8-HDRP,15,0,1500,Pass,2,210,,8.237
tx_pwr_DPSKPWR,6,L,8-HDRP,15,0,1500,Pass,2,210,,8.092
tx_pwr_DPSKPWR,6,M,8-HDRP,15,0,1500,Fail,2,210,,7.488
tx_pwr_DPSKPWR,6,H,8-HDRP,15,0,1500,Fail,2,210,,7.054
tx_pwr_DPSKPWR,7,L,8-HDRP,15,0,1500,Fail,2,210,,7.041
tx_pwr_DPSKPWR,7,M,8-HDRP,15,0,1500,Fail,2,210,,6.689
tx_pwr_DPSKPWR,7,H,8-HDRP,15,0,1500,Fail,2,210,,6.608
tx_pwr_avg,0,L,DH5,15,0,1500,Fail,2,240,,10.56
tx_pwr_avg,0,M,DH5,15,0,1500,Fail,2,240,,10.242
tx_pwr_avg,0,H,DH5,15,0,1500,Fail,2,240,,9.625
tx_pwr_avg,1,L,DH5,15,1,1500,Fail,2,240,,8.45
tx_pwr_avg,1,M,DH5,15,1,1500,Fail,2,240,,9.128
tx_pwr_avg,1,H,DH5,15,1,1500,Fail,2,240,,9.933
tx_pwr_avg,2,L,DH5,15,0,1500,Pass,2,240,,14.585
tx_pwr_avg,2,M,DH5,15,0,1500,Pass,2,240,,14.221
tx_pwr_avg,2,H,DH5,15,0,1500,Pass,2,240,,13.833
tx_pwr_avg,4,L,DH5,15,0,1500,Pass,2,240,,12.879
tx_pwr_avg,4,M,DH5,15,0,1500,Pass,2,240,,11.905
tx_pwr_avg,4,H,DH5,15,0,1500,Fail,2,240,,10.965
tx_pwr_avg,5,L,DH5,15,0,1500,Fail,2,240,,10.804
tx_pwr_avg,5,M,DH5,15,0,1500,Fail,2,240,,10.239
tx_pwr_avg,5,H,DH5,15,0,1500,Fail,2,240,,9.758
tx_pwr_avg,6,L,DH5,15,0,1500,Fail,2,240,,9.539
tx_pwr_avg,6,M,DH5,15,0,1500,Fail,2,240,,9.109
tx_pwr_avg,6,H,DH5,15,0,1500,Fail,2,240,,8.739
tx_pwr_avg,7,L,DH5,15,0,1500,Fail,2,240,,8.721
tx_pwr_avg,7,M,DH5,15,0,1500,Fail,2,240,,8.574
tx_pwr_avg,7,H,DH5,15,0,1500,Fail,2,240,,8.703
tx_pwr_DPSKPWR,0,L,8-DH5,15,0,1500,Fail,2,240,,8.464
tx_pwr_DPSKPWR,0,M,8-DH5,15,0,1500,Fail,2,240,,7.998
tx_pwr_DPSKPWR,0,H,8-DH5,15,0,1500,Fail,2,240,,7.18
tx_pwr_DPSKPWR,1,L,8-DH5,15,1,1500,Fail,2,240,,5.5
tx_pwr_DPSKPWR,1,M,8-DH5,15,1,1500,Fail,2,240,,6.235
tx_pwr_DPSKPWR,1,H,8-DH5,15,1,1500,Fail,2,240,,7.079
tx_pwr_DPSKPWR,2,L,8-DH5,15,0,1500,Pass,2,240,,11.781
tx_pwr_DPSKPWR,2,M,8-DH5,15,0,1500,Pass,2,240,,11.33
tx_pwr_DPSKPWR,2,H,8-DH5,15,0,1500,Pass,2,240,,10.936
tx_pwr_DPSKPWR,4,L,8-DH5,15,0,1500,Pass,2,240,,9.862
tx_pwr_DPSKPWR,4,M,8-DH5,15,0,1500,Pass,2,240,,8.935
tx_pwr_DPSKPWR,4,H,8-DH5,15,0,1500,Fail,2,240,,7.951
tx_pwr_DPSKPWR,5,L,8-DH5,15,0,1500,Fail,2,240,,8.001
tx_pwr_DPSKPWR,5,M,8-DH5,15,0,1500,Fail,2,240,,7.246
tx_pwr_DPSKPWR,5,H,8-DH5,15,0,1500,Fail,2,240,,6.79
tx_pwr_DPSKPWR,6,L,8-DH5,15,0,1500,Fail,2,240,,6.679
tx_pwr_DPSKPWR,6,M,8-DH5,15,0,1500,Fail,2,240,,6.143
tx_pwr_DPSKPWR,6,H,8-DH5,15,0,1500,Fail,2,240,,5.782
tx_pwr_DPSKPWR,7,L,8-DH5,15,0,1500,Fail,2,240,,5.826
tx_pwr_DPSKPWR,7,M,8-DH5,15,0,1500,Fail,2,240,,5.67
tx_pwr_DPSKPWR,7,H,8-DH5,15,0,1500,Fail,2,240,,5.81
tx_pwr_DPSKPWR,0,L,8-HDRP,15,0,1500,Fail,2,240,,8.257
tx_pwr_DPSKPWR,0,M,8-HDRP,15,0,1500,Fail,2,240,,7.788
tx_pwr_DPSKPWR,0,H,8-HDRP,15,0,1500,Fail,2,240,,6.916
tx_pwr_DPSKPWR,1,L,8-HDRP,15,1,1500,Fail,2,240,,5.198
tx_pwr_DPSKPWR,1,M,8-HDRP,15,1,1500,Fail,2,240,,5.908
tx_pwr_DPSKPWR,1,H,8-HDRP,15,1,1500,Fail,2,240,,6.763
tx_pwr_DPSKPWR,2,L,8-HDRP,15,0,1500,Pass,2,240,,11.466
tx_pwr_DPSKPWR,2,M,8-HDRP,15,0,1500,Pass,2,240,,11.008
tx_pwr_DPSKPWR,2,H,8-HDRP,15,0,1500,Pass,2,240,,10.599
tx_pwr_DPSKPWR,4,L,8-HDRP,15,0,1500,Pass,2,240,,9.526
tx_pwr_DPSKPWR,4,M,8-HDRP,15,0,1500,Pass,2,240,,8.608
tx_pwr_DPSKPWR,4,H,8-HDRP,15,0,1500,Fail,2,240,,7.627
tx_pwr_DPSKPWR,5,L,8-HDRP,15,0,1500,Fail,2,240,,7.683
tx_pwr_DPSKPWR,5,M,8-HDRP,15,0,1500,Fail,2,240,,6.948
tx_pwr_DPSKPWR,5,H,8-HDRP,15,0,1500,Fail,2,240,,6.506
tx_pwr_DPSKPWR,6,L,8-HDRP,15,0,1500,Fail,2,240,,6.411
tx_pwr_DPSKPWR,6,M,8-HDRP,15,0,1500,Fail,2,240,,5.862
tx_pwr_DPSKPWR,6,H,8-HDRP,15,0,1500,Fail,2,240,,5.508
tx_pwr_DPSKPWR,7,L,8-HDRP,15,0,1500,Fail,2,240,,5.562
tx_pwr_DPSKPWR,7,M,8-HDRP,15,0,1500,Fail,2,240,,5.378
tx_pwr_DPSKPWR,7,H,8-HDRP,15,0,1500,Fail,2,240,,5.533
tx_pwr_avg,0,L,DH5,15,0,1500,Fail,2,270,,9.117
tx_pwr_avg,0,M,DH5,15,0,1500,Fail,2,270,,8.68
tx_pwr_avg,0,H,DH5,15,0,1500,Fail,2,270,,7.993
tx_pwr_avg,1,L,DH5,15,1,1500,Fail,2,270,,9.182
tx_pwr_avg,1,M,DH5,15,1,1500,Fail,2,270,,9.999
tx_pwr_avg,1,H,DH5,15,1,1500,Fail,2,270,,10.923
tx_pwr_avg,2,L,DH5,15,0,1500,Pass,2,270,,14.454
tx_pwr_avg,2,M,DH5,15,0,1500,Pass,2,270,,13.276
tx_pwr_avg,2,H,DH5,15,0,1500,Pass,2,270,,12.425
tx_pwr_avg,4,L,DH5,15,0,1500,Pass,2,270,,11.117
tx_pwr_avg,4,M,DH5,15,0,1500,Fail,2,270,,10.08
tx_pwr_avg,4,H,DH5,15,0,1500,Fail,2,270,,9.331
tx_pwr_avg,5,L,DH5,15,0,1500,Fail,2,270,,9.177
tx_pwr_avg,5,M,DH5,15,0,1500,Fail,2,270,,8.621
tx_pwr_avg,5,H,DH5,15,0,1500,Fail,2,270,,8.354
tx_pwr_avg,6,L,DH5,15,0,1500,Fail,2,270,,8.188
tx_pwr_avg,6,M,DH5,15,0,1500,Fail,2,270,,7.967
tx_pwr_avg,6,H,DH5,15,0,1500,Fail,2,270,,7.721
tx_pwr_avg,7,L,DH5,15,0,1500,Fail,2,270,,7.774
tx_pwr_avg,7,M,DH5,15,0,1500,Fail,2,270,,7.844
tx_pwr_avg,7,H,DH5,15,0,1500,Fail,2,270,,8.139
tx_pwr_DPSKPWR,0,L,8-DH5,15,0,1500,Fail,2,270,,7.104
tx_pwr_DPSKPWR,0,M,8-DH5,15,0,1500,Fail,2,270,,6.504
tx_pwr_DPSKPWR,0,H,8-DH5,15,0,1500,Fail,2,270,,5.624
tx_pwr_DPSKPWR,1,L,8-DH5,15,1,1500,Fail,2,270,,6.29
tx_pwr_DPSKPWR,1,M,8-DH5,15,1,1500,Fail,2,270,,7.145
tx_pwr_DPSKPWR,1,H,8-DH5,15,1,1500,Fail,2,270,,8.093
tx_pwr_DPSKPWR,2,L,8-DH5,15,0,1500,Pass,2,270,,11.744
tx_pwr_DPSKPWR,2,M,8-DH5,15,0,1500,Pass,2,270,,10.528
tx_pwr_DPSKPWR,2,H,8-DH5,15,0,1500,Pass,2,270,,9.688
tx_pwr_DPSKPWR,4,L,8-DH5,15,0,1500,Pass,2,270,,8.253
tx_pwr_DPSKPWR,4,M,8-DH5,15,0,1500,Fail,2,270,,7.237
tx_pwr_DPSKPWR,4,H,8-DH5,15,0,1500,Fail,2,270,,6.469
tx_pwr_DPSKPWR,5,L,8-DH5,15,0,1500,Fail,2,270,,6.435
tx_pwr_DPSKPWR,5,M,8-DH5,15,0,1500,Fail,2,270,,5.74
tx_pwr_DPSKPWR,5,H,8-DH5,15,0,1500,Fail,2,270,,5.432
tx_pwr_DPSKPWR,6,L,8-DH5,15,0,1500,Fail,2,270,,5.291
tx_pwr_DPSKPWR,6,M,8-DH5,15,0,1500,Fail,2,270,,5.014
tx_pwr_DPSKPWR,6,H,8-DH5,15,0,1500,Fail,2,270,,4.78
tx_pwr_DPSKPWR,7,L,8-DH5,15,0,1500,Fail,2,270,,4.918
tx_pwr_DPSKPWR,7,M,8-DH5,15,0,1500,Fail,2,270,,4.953
tx_pwr_DPSKPWR,7,H,8-DH5,15,0,1500,Fail,2,270,,5.25
tx_pwr_DPSKPWR,0,L,8-HDRP,15,0,1500,Fail,2,270,,6.921
tx_pwr_DPSKPWR,0,M,8-HDRP,15,0,1500,Fail,2,270,,6.301
tx_pwr_DPSKPWR,0,H,8-HDRP,15,0,1500,Fail,2,270,,5.377
tx_pwr_DPSKPWR,1,L,8-HDRP,15,1,1500,Fail,2,270,,5.951
tx_pwr_DPSKPWR,1,M,8-HDRP,15,1,1500,Fail,2,270,,6.798
tx_pwr_DPSKPWR,1,H,8-HDRP,15,1,1500,Fail,2,270,,7.756
tx_pwr_DPSKPWR,2,L,8-HDRP,15,0,1500,Pass,2,270,,11.364
tx_pwr_DPSKPWR,2,M,8-HDRP,15,0,1500,Pass,2,270,,10.147
tx_pwr_DPSKPWR,2,H,8-HDRP,15,0,1500,Pass,2,270,,9.327
tx_pwr_DPSKPWR,4,L,8-HDRP,15,0,1500,Pass,2,270,,7.897
tx_pwr_DPSKPWR,4,M,8-HDRP,15,0,1500,Fail,2,270,,6.897
tx_pwr_DPSKPWR,4,H,8-HDRP,15,0,1500,Fail,2,270,,6.112
tx_pwr_DPSKPWR,5,L,8-HDRP,15,0,1500,Fail,2,270,,6.108
tx_pwr_DPSKPWR,5,M,8-HDRP,15,0,1500,Fail,2,270,,5.417
tx_pwr_DPSKPWR,5,H,8-HDRP,15,0,1500,Fail,2,270,,5.126
tx_pwr_DPSKPWR,6,L,8-HDRP,15,0,1500,Fail,2,270,,5.009
tx_pwr_DPSKPWR,6,M,8-HDRP,15,0,1500,Fail,2,270,,4.716
tx_pwr_DPSKPWR,6,H,8-HDRP,15,0,1500,Fail,2,270,,4.476
tx_pwr_DPSKPWR,7,L,8-HDRP,15,0,1500,Fail,2,270,,4.571
tx_pwr_DPSKPWR,7,M,8-HDRP,15,0,1500,Fail,2,270,,4.619
tx_pwr_DPSKPWR,7,H,8-HDRP,15,0,1500,Fail,2,270,,4.919
tx_pwr_avg,0,L,DH5,15,0,1500,Fail,2,300,,7.512
tx_pwr_avg,0,M,DH5,15,0,1500,Fail,2,300,,7.156
tx_pwr_avg,0,H,DH5,15,0,1500,Fail,2,300,,6.559
tx_pwr_avg,1,L,DH5,15,1,1500,Fail,2,300,,10.345
tx_pwr_avg,1,M,DH5,15,1,1500,Pass,2,300,,11.28
tx_pwr_avg,1,H,DH5,15,1,1500,Pass,2,300,,12.419
tx_pwr_avg,2,L,DH5,15,0,1500,Pass,2,300,,13.319
tx_pwr_avg,2,M,DH5,15,0,1500,Pass,2,300,,11.763
tx_pwr_avg,2,H,DH5,15,0,1500,Fail,2,300,,10.87
tx_pwr_avg,4,L,DH5,15,0,1500,Fail,2,300,,9.657
tx_pwr_avg,4,M,DH5,15,0,1500,Fail,2,300,,8.695
tx_pwr_avg,4,H,DH5,15,0,1500,Fail,2,300,,8.091
tx_pwr_avg,5,L,DH5,15,0,1500,Fail,2,300,,8.017
tx_pwr_avg,5,M,DH5,15,0,1500,Fail,2,300,,7.622
tx_pwr_avg,5,H,DH5,15,0,1500,Fail,2,300,,7.399
tx_pwr_avg,6,L,DH5,15,0,1500,Fail,2,300,,7.3
tx_pwr_avg,6,M,DH5,15,0,1500,Fail,2,300,,7.21
tx_pwr_avg,6,H,DH5,15,0,1500,Fail,2,300,,7.114
tx_pwr_avg,7,L,DH5,15,0,1500,Fail,2,300,,7.312
tx_pwr_avg,7,M,DH5,15,0,1500,Fail,2,300,,7.482
tx_pwr_avg,7,H,DH5,15,0,1500,Fail,2,300,,7.935
tx_pwr_DPSKPWR,0,L,8-DH5,15,0,1500,Fail,2,300,,5.497
tx_pwr_DPSKPWR,0,M,8-DH5,15,0,1500,Fail,2,300,,4.975
tx_pwr_DPSKPWR,0,H,8-DH5,15,0,1500,Fail,2,300,,4.179
tx_pwr_DPSKPWR,1,L,8-DH5,15,1,1500,Fail,2,300,,7.419
tx_pwr_DPSKPWR,1,M,8-DH5,15,1,1500,Pass,2,300,,8.39
tx_pwr_DPSKPWR,1,H,8-DH5,15,1,1500,Pass,2,300,,9.524
tx_pwr_DPSKPWR,2,L,8-DH5,15,0,1500,Pass,2,300,,10.353
tx_pwr_DPSKPWR,2,M,8-DH5,15,0,1500,Pass,2,300,,8.839
tx_pwr_DPSKPWR,2,H,8-DH5,15,0,1500,Fail,2,300,,7.945
tx_pwr_DPSKPWR,4,L,8-DH5,15,0,1500,Fail,2,300,,6.674
tx_pwr_DPSKPWR,4,M,8-DH5,15,0,1500,Fail,2,300,,5.712
tx_pwr_DPSKPWR,4,H,8-DH5,15,0,1500,Fail,2,300,,5.13
tx_pwr_DPSKPWR,5,L,8-DH5,15,0,1500,Fail,2,300,,5.099
tx_pwr_DPSKPWR,5,M,8-DH5,15,0,1500,Fail,2,300,,4.672
tx_pwr_DPSKPWR,5,H,8-DH5,15,0,1500,Fail,2,300,,4.476
tx_pwr_DPSKPWR,6,L,8-DH5,15,0,1500,Fail,2,300,,4.418
tx_pwr_DPSKPWR,6,M,8-DH5,15,0,1500,Fail,2,300,,4.291
tx_pwr_DPSKPWR,6,H,8-DH5,15,0,1500,Fail,2,300,,4.201
tx_pwr_DPSKPWR,7,L,8-DH5,15,0,1500,Fail,2,300,,4.424
tx_pwr_DPSKPWR,7,M,8-DH5,15,0,1500,Fail,2,300,,4.567
tx_pwr_DPSKPWR,7,H,8-DH5,15,0,1500,Fail,2,300,,5.035
tx_pwr_DPSKPWR,0,L,8-HDRP,15,0,1500,Fail,2,300,,5.317
tx_pwr_DPSKPWR,0,M,8-HDRP,15,0,1500,Fail,2,300,,4.764
tx_pwr_DPSKPWR,0,H,8-HDRP,15,0,1500,Fail,2,300,,3.934
tx_pwr_DPSKPWR,1,L,8-HDRP,15,1,1500,Fail,2,300,,7.084
tx_pwr_DPSKPWR,1,M,8-HDRP,15,1,1500,Pass,2,300,,8.073
tx_pwr_DPSKPWR,1,H,8-HDRP,15,1,1500,Pass,2,300,,9.196
tx_pwr_DPSKPWR,2,L,8-HDRP,15,0,1500,Pass,2,300,,10.12
tx_pwr_DPSKPWR,2,M,8-HDRP,15,0,1500,Pass,2,300,,8.516
tx_pwr_DPSKPWR,2,H,8-HDRP,15,0,1500,Fail,2,300,,7.616
tx_pwr_DPSKPWR,4,L,8-HDRP,15,0,1500,Fail,2,300,,6.351
tx_pwr_DPSKPWR,4,M,8-HDRP,15,0,1500,Fail,2,300,,5.399
tx_pwr_DPSKPWR,4,H,8-HDRP,15,0,1500,Fail,2,300,,4.83
tx_pwr_DPSKPWR,5,L,8-HDRP,15,0,1500,Fail,2,300,,4.805
tx_pwr_DPSKPWR,5,M,8-HDRP,15,0,1500,Fail,2,300,,4.363
tx_pwr_DPSKPWR,5,H,8-HDRP,15,0,1500,Fail,2,300,,4.167
tx_pwr_DPSKPWR,6,L,8-HDRP,15,0,1500,Fail,2,300,,4.112
tx_pwr_DPSKPWR,6,M,8-HDRP,15,0,1500,Fail,2,300,,3.979
tx_pwr_DPSKPWR,6,H,8-HDRP,15,0,1500,Fail,2,300,,3.897
tx_pwr_DPSKPWR,7,L,8-HDRP,15,0,1500,Fail,2,300,,4.127
tx_pwr_DPSKPWR,7,M,8-HDRP,15,0,1500,Fail,2,300,,4.277
tx_pwr_DPSKPWR,7,H,8-HDRP,15,0,1500,Fail,2,300,,4.751
tx_pwr_avg,0,L,DH5,15,0,1500,Fail,2,330,,6.265
tx_pwr_avg,0,M,DH5,15,0,1500,Fail,2,330,,6.021
tx_pwr_avg,0,H,DH5,15,0,1500,Fail,2,330,,5.562
tx_pwr_avg,1,L,DH5,15,1,1500,Pass,2,330,,11.916
tx_pwr_avg,1,M,DH5,15,1,1500,Pass,2,330,,12.845
tx_pwr_avg,1,H,DH5,15,1,1500,Pass,2,330,,13.879
tx_pwr_avg,2,L,DH5,15,0,1500,Pass,2,330,,11.744
tx_pwr_avg,2,M,DH5,15,0,1500,Fail,2,330,,10.246
tx_pwr_avg,2,H,DH5,15,0,1500,Fail,2,330,,9.485
tx_pwr_avg,4,L,DH5,15,0,1500,Fail,2,330,,8.445
tx_pwr_avg,4,M,DH5,15,0,1500,Fail,2,330,,7.672
tx_pwr_avg,4,H,DH5,15,0,1500,Fail,2,330,,7.27
tx_pwr_avg,5,L,DH5,15,0,1500,Fail,2,330,,7.273
tx_pwr_avg,5,M,DH5,15,0,1500,Fail,2,330,,6.961
tx_pwr_avg,5,H,DH5,15,0,1500,Fail,2,330,,6.918
tx_pwr_avg,6,L,DH5,15,0,1500,Fail,2,330,,6.881
tx_pwr_avg,6,M,DH5,15,0,1500,Fail,2,330,,6.973
tx_pwr_avg,6,H,DH5,15,0,1500,Fail,2,330,,7.014
tx_pwr_avg,7,L,DH5,15,0,1500,Fail,2,330,,7.258
tx_pwr_avg,7,M,DH5,15,0,1500,Fail,2,330,,7.579
tx_pwr_avg,7,H,DH5,15,0,1500,Fail,2,330,,8.192
tx_pwr_DPSKPWR,0,L,8-DH5,15,0,1500,Fail,2,330,,4.271
tx_pwr_DPSKPWR,0,M,8-DH5,15,0,1500,Fail,2,330,,3.893
tx_pwr_DPSKPWR,0,H,8-DH5,15,0,1500,Fail,2,330,,3.219
tx_pwr_DPSKPWR,1,L,8-DH5,15,1,1500,Pass,2,330,,8.956
tx_pwr_DPSKPWR,1,M,8-DH5,15,1,1500,Pass,2,330,,9.95
tx_pwr_DPSKPWR,1,H,8-DH5,15,1,1500,Pass,2,330,,10.915
tx_pwr_DPSKPWR,2,L,8-DH5,15,0,1500,Pass,2,330,,8.84
tx_pwr_DPSKPWR,2,M,8-DH5,15,0,1500,Fail,2,330,,7.34
tx_pwr_DPSKPWR,2,H,8-DH5,15,0,1500,Fail,2,330,,6.556
tx_pwr_DPSKPWR,4,L,8-DH5,15,0,1500,Fail,2,330,,5.526
tx_pwr_DPSKPWR,4,M,8-DH5,15,0,1500,Fail,2,330,,4.743
tx_pwr_DPSKPWR,4,H,8-DH5,15,0,1500,Fail,2,330,,4.313
tx_pwr_DPSKPWR,5,L,8-DH5,15,0,1500,Fail,2,330,,4.27
tx_pwr_DPSKPWR,5,M,8-DH5,15,0,1500,Fail,2,330,,3.998
tx_pwr_DPSKPWR,5,H,8-DH5,15,0,1500,Fail,2,330,,3.941
tx_pwr_DPSKPWR,6,L,8-DH5,15,0,1500,Fail,2,330,,3.933
tx_pwr_DPSKPWR,6,M,8-DH5,15,0,1500,Fail,2,330,,4.006
tx_pwr_DPSKPWR,6,H,8-DH5,15,0,1500,Fail,2,330,,4.048
tx_pwr_DPSKPWR,7,L,8-DH5,15,0,1500,Fail,2,330,,4.28
tx_pwr_DPSKPWR,7,M,8-DH5,15,0,1500,Fail,2,330,,4.627
tx_pwr_DPSKPWR,7,H,8-DH5,15,0,1500,Fail,2,330,,5.262
tx_pwr_DPSKPWR,0,L,8-HDRP,15,0,1500,Fail,2,330,,4.091
tx_pwr_DPSKPWR,0,M,8-HDRP,15,0,1500,Fail,2,330,,3.685
tx_pwr_DPSKPWR,0,H,8-HDRP,15,0,1500,Fail,2,330,,2.956
tx_pwr_DPSKPWR,1,L,8-HDRP,15,1,1500,Pass,2,330,,8.661
tx_pwr_DPSKPWR,1,M,8-HDRP,15,1,1500,Pass,2,330,,9.666
tx_pwr_DPSKPWR,1,H,8-HDRP,15,1,1500,Pass,2,330,,10.656
tx_pwr_DPSKPWR,2,L,8-HDRP,15,0,1500,Pass,2,330,,8.532
tx_pwr_DPSKPWR,2,M,8-HDRP,15,0,1500,Fail,2,330,,6.993
tx_pwr_DPSKPWR,2,H,8-HDRP,15,0,1500,Fail,2,330,,6.211
tx_pwr_DPSKPWR,4,L,8-HDRP,15,0,1500,Fail,2,330,,5.169
tx_pwr_DPSKPWR,4,M,8-HDRP,15,0,1500,Fail,2,330,,4.397
tx_pwr_DPSKPWR,4,H,8-HDRP,15,0,1500,Fail,2,330,,4.004
tx_pwr_DPSKPWR,5,L,8-HDRP,15,0,1500,Fail,2,330,,3.953
tx_pwr_DPSKPWR,5,M,8-HDRP,15,0,1500,Fail,2,330,,3.686
tx_pwr_DPSKPWR,5,H,8-HDRP,15,0,1500,Fail,2,330,,3.623
tx_pwr_DPSKPWR,6,L,8-HDRP,15,0,1500,Fail,2,330,,3.617
tx_pwr_DPSKPWR,6,M,8-HDRP,15,0,1500,Fail,2,330,,3.711
tx_pwr_DPSKPWR,6,H,8-HDRP,15,0,1500,Fail,2,330,,3.742
tx_pwr_DPSKPWR,7,L,8-HDRP,15,0,1500,Fail,2,330,,3.989
tx_pwr_DPSKPWR,7,M,8-HDRP,15,0,1500,Fail,2,330,,4.297
tx_pwr_DPSKPWR,7,H,8-HDRP,15,0,1500,Fail,2,330,,4.963
tx_pwr_avg,0,L,DH5,15,0,1500,Fail,3,0,,4.574
tx_pwr_avg,0,M,DH5,15,0,1500,Fail,3,0,,4.441
tx_pwr_avg,0,H,DH5,15,0,1500,Fail,3,0,,4.123
tx_pwr_avg,1,L,DH5,15,1,1500,Pass,3,0,,15.15
tx_pwr_avg,1,M,DH5,15,1,1500,Pass,3,0,,16.257
tx_pwr_avg,1,H,DH5,15,1,1500,Pass,3,0,,17.076
tx_pwr_avg,2,L,DH5,15,0,1500,Fail,3,0,,9.758
tx_pwr_avg,2,M,DH5,15,0,1500,Fail,3,0,,8.274
tx_pwr_avg,2,H,DH5,15,0,1500,Fail,3,0,,7.527
tx_pwr_avg,4,L,DH5,15,0,1500,Fail,3,0,,6.627
tx_pwr_avg,4,M,DH5,15,0,1500,Fail,3,0,,6.085
tx_pwr_avg,4,H,DH5,15,0,1500,Fail,3,0,,5.844
tx_pwr_avg,5,L,DH5,15,0,1500,Fail,3,0,,5.849
tx_pwr_avg,5,M,DH5,15,0,1500,Fail,3,0,,5.699
tx_pwr_avg,5,H,DH5,15,0,1500,Fail,3,0,,5.814
tx_pwr_avg,6,L,DH5,15,0,1500,Fail,3,0,,5.854
tx_pwr_avg,6,M,DH5,15,0,1500,Fail,3,0,,6.147
tx_pwr_avg,6,H,DH5,15,0,1500,Fail,3,0,,6.366
tx_pwr_avg,7,L,DH5,15,0,1500,Fail,3,0,,6.751
tx_pwr_avg,7,M,DH5,15,0,1500,Fail,3,0,,7.273
tx_pwr_avg,7,H,DH5,15,0,1500,Fail,3,0,,8.063
tx_pwr_DPSKPWR,0,L,8-DH5,15,0,1500,Fail,3,0,,2.607
tx_pwr_DPSKPWR,0,M,8-DH5,15,0,1500,Fail,3,0,,2.328
tx_pwr_DPSKPWR,0,H,8-DH5,15,0,1500,Fail,3,0,,1.781
tx_pwr_DPSKPWR,1,L,8-DH5,15,1,1500,Pass,3,0,,12.243
tx_pwr_DPSKPWR,1,M,8-DH5,15,1,1500,Pass,3,0,,13.402
tx_pwr_DPSKPWR,1,H,8-DH5,15,1,1500,Pass,3,0,,14.21
tx_pwr_DPSKPWR,2,L,8-DH5,15,0,1500,Fail,3,0,,6.935
tx_pwr_DPSKPWR,2,M,8-DH5,15,0,1500,Fail,3,0,,5.404
tx_pwr_DPSKPWR,2,H,8-DH5,15,0,1500,Fail,3,0,,4.634
tx_pwr_DPSKPWR,4,L,8-DH5,15,0,1500,Fail,3,0,,3.749
tx_pwr_DPSKPWR,4,M,8-DH5,15,0,1500,Fail,3,0,,3.152
tx_pwr_DPSKPWR,4,H,8-DH5,15,0,1500,Fail,3,0,,2.864
tx_pwr_DPSKPWR,5,L,8-DH5,15,0,1500,Fail,3,0,,2.823
tx_pwr_DPSKPWR,5,M,8-DH5,15,0,1500,Fail,3,0,,2.708
tx_pwr_DPSKPWR,5,H,8-DH5,15,0,1500,Fail,3,0,,2.827
tx_pwr_DPSKPWR,6,L,8-DH5,15,0,1500,Fail,3,0,,2.873
tx_pwr_DPSKPWR,6,M,8-DH5,15,0,1500,Fail,3,0,,3.167
tx_pwr_DPSKPWR,6,H,8-DH5,15,0,1500,Fail,3,0,,3.381
tx_pwr_DPSKPWR,7,L,8-DH5,15,0,1500,Fail,3,0,,3.724
tx_pwr_DPSKPWR,7,M,8-DH5,15,0,1500,Fail,3,0,,4.284
tx_pwr_DPSKPWR,7,H,8-DH5,15,0,1500,Fail,3,0,,5.091
tx_pwr_DPSKPWR,0,L,8-HDRP,15,0,1500,Fail,3,0,,2.439
tx_pwr_DPSKPWR,0,M,8-HDRP,15,0,1500,Fail,3,0,,2.13
tx_pwr_DPSKPWR,0,H,8-HDRP,15,0,1500,Fail,3,0,,1.546
tx_pwr_DPSKPWR,1,L,8-HDRP,15,1,1500,Pass,3,0,,11.875
tx_pwr_DPSKPWR,1,M,8-HDRP,15,1,1500,Pass,3,0,,13.012
tx_pwr_DPSKPWR,1,H,8-HDRP,15,1,1500,Pass,3,0,,13.84
tx_pwr_DPSKPWR,2,L,8-HDRP,15,0,1500,Fail,3,0,,6.581
tx_pwr_DPSKPWR,2,M,8-HDRP,15,0,1500,Fail,3,0,,5.047
tx_pwr_DPSKPWR,2,H,8-HDRP,15,0,1500,Fail,3,0,,4.265
tx_pwr_DPSKPWR,4,L,8-HDRP,15,0,1500,Fail,3,0,,3.37
tx_pwr_DPSKPWR,4,M,8-HDRP,15,0,1500,Fail,3,0,,2.782
tx_pwr_DPSKPWR,4,H,8-HDRP,15,0,1500,Fail,3,0,,2.538
tx_pwr_DPSKPWR,5,L,8-HDRP,15,0,1500,Fail,3,0,,2.498
tx_pwr_DPSKPWR,5,M,8-HDRP,15,0,1500,Fail,3,0,,2.383
tx_pwr_DPSKPWR,5,H,8-HDRP,15,0,1500,Fail,3,0,,2.496
tx_pwr_DPSKPWR,6,L,8-HDRP,15,0,1500,Fail,3,0,,2.545
tx_pwr_DPSKPWR,6,M,8-HDRP,15,0,1500,Fail,3,0,,2.844
tx_pwr_DPSKPWR,6,H,8-HDRP,15,0,1500,Fail,3,0,,3.057
tx_pwr_DPSKPWR,7,L,8-HDRP,15,0,1500,Fail,3,0,,3.406
tx_pwr_DPSKPWR,7,M,8-HDRP,15,0,1500,Fail,3,0,,3.957
tx_pwr_DPSKPWR,7,H,8-HDRP,15,0,1500,Fail,3,0,,4.774
tx_pwr_avg,0,L,DH5,15,0,1500,Fail,3,30,,4.238
tx_pwr_avg,0,M,DH5,15,0,1500,Fail,3,30,,4.234
tx_pwr_avg,0,H,DH5,15,0,1500,Fail,3,30,,4.039
tx_pwr_avg,1,L,DH5,15,1,1500,Pass,3,30,,16.67
tx_pwr_avg,1,M,DH5,15,1,1500,Pass,3,30,,16.435
tx_pwr_avg,1,H,DH5,15,1,1500,Pass,3,30,,16.133
tx_pwr_avg,2,L,DH5,15,0,1500,Fail,3,30,,8.706
tx_pwr_avg,2,M,DH5,15,0,1500,Fail,3,30,,7.537
tx_pwr_avg,2,H,DH5,15,0,1500,Fail,3,30,,7.057
tx_pwr_avg,4,L,DH5,15,0,1500,Fail,3,30,,6.354
tx_pwr_avg,4,M,DH5,15,0,1500,Fail,3,30,,6.028
tx_pwr_avg,4,H,DH5,15,0,1500,Fail,3,30,,5.927
tx_pwr_avg,5,L,DH5,15,0,1500,Fail,3,30,,6.009
tx_pwr_avg,5,M,DH5,15,0,1500,Fail,3,30,,6.06
tx_pwr_avg,5,H,DH5,15,0,1500,Fail,3,30,,6.371
tx_pwr_avg,6,L,DH5,15,0,1500,Fail,3,30,,6.503
tx_pwr_avg,6,M,DH5,15,0,1500,Fail,3,30,,6.926
tx_pwr_avg,6,H,DH5,15,0,1500,Fail,3,30,,7.305
tx_pwr_avg,7,L,DH5,15,0,1500,Fail,3,30,,7.774
tx_pwr_avg,7,M,DH5,15,0,1500,Fail,3,30,,8.425
tx_pwr_avg,7,H,DH5,15,0,1500,Fail,3,30,,9.362
tx_pwr_DPSKPWR,0,L,8-DH5,15,0,1500,Fail,3,30,,2.287
tx_pwr_DPSKPWR,0,M,8-DH5,15,0,1500,Fail,3,30,,2.126
tx_pwr_DPSKPWR,0,H,8-DH5,15,0,1500,Fail,3,30,,1.714
tx_pwr_DPSKPWR,1,L,8-DH5,15,1,1500,Pass,3,30,,13.742
tx_pwr_DPSKPWR,1,M,8-DH5,15,1,1500,Pass,3,30,,13.534
tx_pwr_DPSKPWR,1,H,8-DH5,15,1,1500,Pass,3,30,,13.331
tx_pwr_DPSKPWR,2,L,8-DH5,15,0,1500,Fail,3,30,,5.833
tx_pwr_DPSKPWR,2,M,8-DH5,15,0,1500,Fail,3,30,,4.597
tx_pwr_DPSKPWR,2,H,8-DH5,15,0,1500,Fail,3,30,,4.09
tx_pwr_DPSKPWR,4,L,8-DH5,15,0,1500,Fail,3,30,,3.442
tx_pwr_DPSKPWR,4,M,8-DH5,15,0,1500,Fail,3,30,,3.099
tx_pwr_DPSKPWR,4,H,8-DH5,15,0,1500,Fail,3,30,,2.996
tx_pwr_DPSKPWR,5,L,8-DH5,15,0,1500,Fail,3,30,,3.011
tx_pwr_DPSKPWR,5,M,8-DH5,15,0,1500,Fail,3,30,,3.12
tx_pwr_DPSKPWR,5,H,8-DH5,15,0,1500,Fail,3,30,,3.437
tx_pwr_DPSKPWR,6,L,8-DH5,15,0,1500,Fail,3,30,,3.55
tx_pwr_DPSKPWR,6,M,8-DH5,15,0,1500,Fail,3,30,,4.022
tx_pwr_DPSKPWR,6,H,8-DH5,15,0,1500,Fail,3,30,,4.413
tx_pwr_DPSKPWR,7,L,8-DH5,15,0,1500,Fail,3,30,,4.763
tx_pwr_DPSKPWR,7,M,8-DH5,15,0,1500,Fail,3,30,,5.48
tx_pwr_DPSKPWR,7,H,8-DH5,15,0,1500,Fail,3,30,,6.479
tx_pwr_DPSKPWR,0,L,8-HDRP,15,0,1500,Fail,3,30,,2.135
tx_pwr_DPSKPWR,0,M,8-HDRP,15,0,1500,Fail,3,30,,1.943
tx_pwr_DPSKPWR,0,H,8-HDRP,15,0,1500,Fail,3,30,,1.482
tx_pwr_DPSKPWR,1,L,8-HDRP,15,1,1500,Pass,3,30,,13.436
tx_pwr_DPSKPWR,1,M,8-HDRP,15,1,1500,Pass,3,30,,13.247
tx_pwr_DPSKPWR,1,H,8-HDRP,15,1,1500,Pass,3,30,,13.077
tx_pwr_DPSKPWR,2,L,8-HDRP,15,0,1500,Fail,3,30,,5.542
tx_pwr_DPSKPWR,2,M,8-HDRP,15,0,1500,Fail,3,30,,4.296
tx_pwr_DPSKPWR,2,H,8-HDRP,15,0,1500,Fail,3,30,,3.784
tx_pwr_DPSKPWR,4,L,8-HDRP,15,0,1500,Fail,3,30,,3.13
tx_pwr_DPSKPWR,4,M,8-HDRP,15,0,1500,Fail,3,30,,2.75
tx_pwr_DPSKPWR,4,H,8-HDRP,15,0,1500,Fail,3,30,,2.643
tx_pwr_DPSKPWR,5,L,8-HDRP,15,0,1500,Fail,3,30,,2.656
tx_pwr_DPSKPWR,5,M,8-HDRP,15,0,1500,Fail,3,30,,2.765
tx_pwr_DPSKPWR,5,H,8-HDRP,15,0,1500,Fail,3,30,,3.082
tx_pwr_DPSKPWR,6,L,8-HDRP,15,0,1500,Fail,3,30,,3.187
tx_pwr_DPSKPWR,6,M,8-HDRP,15,0,1500,Fail,3,30,,3.658
tx_pwr_DPSKPWR,6,H,8-HDRP,15,0,1500,Fail,3,30,,4.078
tx_pwr_DPSKPWR,7,L,8-HDRP,15,0,1500,Fail,3,30,,4.402
tx_pwr_DPSKPWR,7,M,8-HDRP,15,0,1500,Fail,3,30,,5.118
tx_pwr_DPSKPWR,7,H,8-HDRP,15,0,1500,Fail,3,30,,6.131
tx_pwr_avg,0,L,DH5,15,0,1500,Fail,3,60,,4.36
tx_pwr_avg,0,M,DH5,15,0,1500,Fail,3,60,,4.459
tx_pwr_avg,0,H,DH5,15,0,1500,Fail,3,60,,4.395
tx_pwr_avg,1,L,DH5,15,1,1500,Pass,3,60,,14.354
tx_pwr_avg,1,M,DH5,15,1,1500,Pass,3,60,,13.989
tx_pwr_avg,1,H,DH5,15,1,1500,Pass,3,60,,13.572
tx_pwr_avg,2,L,DH5,15,0,1500,Fail,3,60,,8.088
tx_pwr_avg,2,M,DH5,15,0,1500,Fail,3,60,,7.255
tx_pwr_avg,2,H,DH5,15,0,1500,Fail,3,60,,6.934
tx_pwr_avg,4,L,DH5,15,0,1500,Fail,3,60,,6.616
tx_pwr_avg,4,M,DH5,15,0,1500,Fail,3,60,,6.502
tx_pwr_avg,4,H,DH5,15,0,1500,Fail,3,60,,6.567
tx_pwr_avg,5,L,DH5,15,0,1500,Fail,3,60,,6.739
tx_pwr_avg,5,M,DH5,15,0,1500,Fail,3,60,,7.011
tx_pwr_avg,5,H,DH5,15,0,1500,Fail,3,60,,7.52
tx_pwr_avg,6,L,DH5,15,0,1500,Fail,3,60,,7.624
tx_pwr_avg,6,M,DH5,15,0,1500,Fail,3,60,,8.288
tx_pwr_avg,6,H,DH5,15,0,1500,Fail,3,60,,8.769
tx_pwr_avg,7,L,DH5,15,0,1500,Fail,3,60,,9.399
tx_pwr_avg,7,M,DH5,15,0,1500,Fail,3,60,,10.125
tx_pwr_avg,7,H,DH5,15,0,1500,Pass,3,60,,11.349
tx_pwr_DPSKPWR,0,L,8-DH5,15,0,1500,Fail,3,60,,2.407
tx_pwr_DPSKPWR,0,M,8-DH5,15,0,1500,Fail,3,60,,2.359
tx_pwr_DPSKPWR,0,H,8-DH5,15,0,1500,Fail,3,60,,2.063
tx_pwr_DPSKPWR,1,L,8-DH5,15,1,1500,Pass,3,60,,11.47
tx_pwr_DPSKPWR,1,M,8-DH5,15,1,1500,Pass,3,60,,11.111
tx_pwr_DPSKPWR,1,H,8-DH5,15,1,1500,Pass,3,60,,10.8
tx_pwr_DPSKPWR,2,L,8-DH5,15,0,1500,Fail,3,60,,5.256
tx_pwr_DPSKPWR,2,M,8-DH5,15,0,1500,Fail,3,60,,4.345
tx_pwr_DPSKPWR,2,H,8-DH5,15,0,1500,Fail,3,60,,3.999
tx_pwr_DPSKPWR,4,L,8-DH5,15,0,1500,Fail,3,60,,3.665
tx_pwr_DPSKPWR,4,M,8-DH5,15,0,1500,Fail,3,60,,3.535
tx_pwr_DPSKPWR,4,H,8-DH5,15,0,1500,Fail,3,60,,3.599
tx_pwr_DPSKPWR,5,L,8-DH5,15,0,1500,Fail,3,60,,3.68
tx_pwr_DPSKPWR,5,M,8-DH5,15,0,1500,Fail,3,60,,4.03
tx_pwr_DPSKPWR,5,H,8-DH5,15,0,1500,Fail,3,60,,4.541
tx_pwr_DPSKPWR,6,L,8-DH5,15,0,1500,Fail,3,60,,4.612
tx_pwr_DPSKPWR,6,M,8-DH5,15,0,1500,Fail,3,60,,5.33
tx_pwr_DPSKPWR,6,H,8-DH5,15,0,1500,Fail,3,60,,5.823
tx_pwr_DPSKPWR,7,L,8-DH5,15,0,1500,Fail,3,60,,6.236
tx_pwr_DPSKPWR,7,M,8-DH5,15,0,1500,Fail,3,60,,7.147
tx_pwr_DPSKPWR,7,H,8-DH5,15,0,1500,Pass,3,60,,8.379
tx_pwr_DPSKPWR,0,L,8-HDRP,15,0,1500,Fail,3,60,,2.237
tx_pwr_DPSKPWR,0,M,8-HDRP,15,0,1500,Fail,3,60,,2.152
tx_pwr_DPSKPWR,0,H,8-HDRP,15,0,1500,Fail,3,60,,1.816
tx_pwr_DPSKPWR,1,L,8-HDRP,15,1,1500,Pass,3,60,,10.95
tx_pwr_DPSKPWR,1,M,8-HDRP,15,1,1500,Pass,3,60,,10.763
tx_pwr_DPSKPWR,1,H,8-HDRP,15,1,1500,Pass,3,60,,10.46
tx_pwr_DPSKPWR,2,L,8-HDRP,15,0,1500,Fail,3,60,,4.898
tx_pwr_DPSKPWR,2,M,8-HDRP,15,0,1500,Fail,3,60,,3.986
tx_pwr_DPSKPWR,2,H,8-HDRP,15,0,1500,Fail,3,60,,3.677
tx_pwr_DPSKPWR,4,L,8-HDRP,15,0,1500,Fail,3,60,,3.341
tx_pwr_DPSKPWR,4,M,8-HDRP,15,0,1500,Fail,3,60,,3.203
tx_pwr_DPSKPWR,4,H,8-HDRP,15,0,1500,Fail,3,60,,3.278
tx_pwr_DPSKPWR,5,L,8-HDRP,15,0,1500,Fail,3,60,,3.368
tx_pwr_DPSKPWR,5,M,8-HDRP,15,0,1500,Fail,3,60,,3.717
tx_pwr_DPSKPWR,5,H,8-HDRP,15,0,1500,Fail,3,60,,4.237
tx_pwr_DPSKPWR,6,L,8-HDRP,15,0,1500,Fail,3,60,,4.313
tx_pwr_DPSKPWR,6,M,8-HDRP,15,0,1500,Fail,3,60,,5.036
tx_pwr_DPSKPWR,6,H,8-HDRP,15,0,1500,Fail,3,60,,5.56
tx_pwr_DPSKPWR,7,L,8-HDRP,15,0,1500,Fail,3,60,,5.965
tx_pwr_DPSKPWR,7,M,8-HDRP,15,0,1500,Fail,3,60,,6.881
tx_pwr_DPSKPWR,7,H,8-HDRP,15,0,1500,Pass,3,60,,8.108
tx_pwr_avg,0,L,DH5,15,0,1500,Fail,3,90,,4.885
tx_pwr_avg,0,M,DH5,15,0,1500,Fail,3,90,,5.131
tx_pwr_avg,0,H,DH5,15,0,1500,Fail,3,90,,5.175
tx_pwr_avg,1,L,DH5,15,1,1500,Pass,3,90,,11.561
tx_pwr_avg,1,M,DH5,15,1,1500,Pass,3,90,,11.512
tx_pwr_avg,1,H,DH5,15,1,1500,Pass,3,90,,11.394
tx_pwr_avg,2,L,DH5,15,0,1500,Fail,3,90,,8.086
tx_pwr_avg,2,M,DH5,15,0,1500,Fail,3,90,,7.575
tx_pwr_avg,2,H,DH5,15,0,1500,Fail,3,90,,7.441
tx_pwr_avg,4,L,DH5,15,0,1500,Fail,3,90,,7.444
tx_pwr_avg,4,M,DH5,15,0,1500,Fail,3,90,,7.583
tx_pwr_avg,4,H,DH5,15,0,1500,Fail,3,90,,7.944
tx_pwr_avg,5,L,DH5,15,0,1500,Fail,3,90,,8.207
tx_pwr_avg,5,M,DH5,15,0,1500,Fail,3,90,,8.732
tx_pwr_avg,5,H,DH5,15,0,1500,Fail,3,90,,9.259
tx_pwr_avg,6,L,DH5,15,0,1500,Fail,3,90,,9.601
tx_pwr_avg,6,M,DH5,15,0,1500,Fail,3,90,,10.743
tx_pwr_avg,6,H,DH5,15,0,1500,Pass,3,90,,11.083
tx_pwr_avg,7,L,DH5,15,0,1500,Pass,3,90,,11.806
tx_pwr_avg,7,M,DH5,15,0,1500,Pass,3,90,,12.67
tx_pwr_avg,7,H,DH5,15,0,1500,Pass,3,90,,14.036
tx_pwr_DPSKPWR,0,L,8-DH5,15,0,1500,Fail,3,90,,2.97
tx_pwr_DPSKPWR,0,M,8-DH5,15,0,1500,Fail,3,90,,3.044
tx_pwr_DPSKPWR,0,H,8-DH5,15,0,1500,Fail,3,90,,2.876
tx_pwr_DPSKPWR,1,L,8-DH5,15,1,1500,Pass,3,90,,8.715
tx_pwr_DPSKPWR,1,M,8-DH5,15,1,1500,Pass,3,90,,8.744
tx_pwr_DPSKPWR,1,H,8-DH5,15,1,1500,Pass,3,90,,8.671
tx_pwr_DPSKPWR,2,L,8-DH5,15,0,1500,Fail,3,90,,5.313
tx_pwr_DPSKPWR,2,M,8-DH5,15,0,1500,Fail,3,90,,4.723
tx_pwr_DPSKPWR,2,H,8-DH5,15,0,1500,Fail,3,90,,4.584
tx_pwr_DPSKPWR,4,L,8-DH5,15,0,1500,Fail,3,90,,4.504
tx_pwr_DPSKPWR,4,M,8-DH5,15,0,1500,Fail,3,90,,4.662
tx_pwr_DPSKPWR,4,H,8-DH5,15,0,1500,Fail,3,90,,5
tx_pwr_DPSKPWR,5,L,8-DH5,15,0,1500,Fail,3,90,,5.132
tx_pwr_DPSKPWR,5,M,8-DH5,15,0,1500,Fail,3,90,,5.785
tx_pwr_DPSKPWR,5,H,8-DH5,15,0,1500,Fail,3,90,,6.321
tx_pwr_DPSKPWR,6,L,8-DH5,15,0,1500,Fail,3,90,,6.576
tx_pwr_DPSKPWR,6,M,8-DH5,15,0,1500,Fail,3,90,,7.798
tx_pwr_DPSKPWR,6,H,8-DH5,15,0,1500,Pass,3,90,,8.082
tx_pwr_DPSKPWR,7,L,8-DH5,15,0,1500,Pass,3,90,,8.661
tx_pwr_DPSKPWR,7,M,8-DH5,15,0,1500,Pass,3,90,,9.708
tx_pwr_DPSKPWR,7,H,8-DH5,15,0,1500,Pass,3,90,,11.07
tx_pwr_DPSKPWR,0,L,8-HDRP,15,0,1500,Fail,3,90,,2.806
tx_pwr_DPSKPWR,0,M,8-HDRP,15,0,1500,Fail,3,90,,2.846
tx_pwr_DPSKPWR,0,H,8-HDRP,15,0,1500,Fail,3,90,,2.633
tx_pwr_DPSKPWR,1,L,8-HDRP,15,1,1500,Pass,3,90,,8.368
tx_pwr_DPSKPWR,1,M,8-HDRP,15,1,1500,Pass,3,90,,8.383
tx_pwr_DPSKPWR,1,H,8-HDRP,15,1,1500,Pass,3,90,,8.332
tx_pwr_DPSKPWR,2,L,8-HDRP,15,0,1500,Fail,3,90,,4.98
tx_pwr_DPSKPWR,2,M,8-HDRP,15,0,1500,Fail,3,90,,4.374
tx_pwr_DPSKPWR,2,H,8-HDRP,15,0,1500,Fail,3,90,,4.218
tx_pwr_DPSKPWR,4,L,8-HDRP,15,0,1500,Fail,3,90,,4.145
tx_pwr_DPSKPWR,4,M,8-HDRP,15,0,1500,Fail,3,90,,4.292
tx_pwr_DPSKPWR,4,H,8-HDRP,15,0,1500,Fail,3,90,,4.637
tx_pwr_DPSKPWR,5,L,8-HDRP,15,0,1500,Fail,3,90,,4.775
tx_pwr_DPSKPWR,5,M,8-HDRP,15,0,1500,Fail,3,90,,5.419
tx_pwr_DPSKPWR,5,H,8-HDRP,15,0,1500,Fail,3,90,,5.95
tx_pwr_DPSKPWR,6,L,8-HDRP,15,0,1500,Fail,3,90,,6.215
tx_pwr_DPSKPWR,6,M,8-HDRP,15,0,1500,Fail,3,90,,7.419
tx_pwr_DPSKPWR,6,H,8-HDRP,15,0,1500,Fail,3,90,,7.712
tx_pwr_DPSKPWR,7,L,8-HDRP,15,0,1500,Pass,3,90,,8.292
tx_pwr_DPSKPWR,7,M,8-HDRP,15,0,1500,Pass,3,90,,9.352
tx_pwr_DPSKPWR,7,H,8-HDRP,15,0,1500,Pass,3,90,,10.713
tx_pwr_avg,0,L,DH5,15,0,1500,Fail,3,120,,5.89
tx_pwr_avg,0,M,DH5,15,0,1500,Fail,3,120,,6.274
tx_pwr_avg,0,H,DH5,15,0,1500,Fail,3,120,,6.473
tx_pwr_avg,1,L,DH5,15,1,1500,Fail,3,120,,9.495
tx_pwr_avg,1,M,DH5,15,1,1500,Fail,3,120,,9.686
tx_pwr_avg,1,H,DH5,15,1,1500,Fail,3,120,,9.804
tx_pwr_avg,2,L,DH5,15,0,1500,Fail,3,120,,8.549
tx_pwr_avg,2,M,DH5,15,0,1500,Fail,3,120,,8.391
tx_pwr_avg,2,H,DH5,15,0,1500,Fail,3,120,,8.515
tx_pwr_avg,4,L,DH5,15,0,1500,Fail,3,120,,8.843
tx_pwr_avg,4,M,DH5,15,0,1500,Fail,3,120,,9.339
tx_pwr_avg,4,H,DH5,15,0,1500,Fail,3,120,,9.966
tx_pwr_avg,5,L,DH5,15,0,1500,Fail,3,120,,10.36
tx_pwr_avg,5,M,DH5,15,0,1500,Pass,3,120,,11.076
tx_pwr_avg,5,H,DH5,15,0,1500,Pass,3,120,,12.071
tx_pwr_avg,6,L,DH5,15,0,1500,Pass,3,120,,12.459
tx_pwr_avg,6,M,DH5,15,0,1500,Pass,3,120,,13.546
tx_pwr_avg,6,H,DH5,15,0,1500,Pass,3,120,,13.897
tx_pwr_avg,7,L,DH5,15,0,1500,Pass,3,120,,14.54
tx_pwr_avg,7,M,DH5,15,0,1500,Pass,3,120,,15.192
tx_pwr_avg,7,H,DH5,15,0,1500,Pass,3,120,,15.644
tx_pwr_DPSKPWR,0,L,8-DH5,15,0,1500,Fail,3,120,,3.971
tx_pwr_DPSKPWR,0,M,8-DH5,15,0,1500,Fail,3,120,,4.167
tx_pwr_DPSKPWR,0,H,8-DH5,15,0,1500,Fail,3,120,,4.138
tx_pwr_DPSKPWR,1,L,8-DH5,15,1,1500,Fail,3,120,,6.604
tx_pwr_DPSKPWR,1,M,8-DH5,15,1,1500,Fail,3,120,,6.852
tx_pwr_DPSKPWR,1,H,8-DH5,15,1,1500,Fail,3,120,,7.013
tx_pwr_DPSKPWR,2,L,8-DH5,15,0,1500,Fail,3,120,,5.792
tx_pwr_DPSKPWR,2,M,8-DH5,15,0,1500,Fail,3,120,,5.464
tx_pwr_DPSKPWR,2,H,8-DH5,15,0,1500,Fail,3,120,,5.608
tx_pwr_DPSKPWR,4,L,8-DH5,15,0,1500,Fail,3,120,,5.937
tx_pwr_DPSKPWR,4,M,8-DH5,15,0,1500,Fail,3,120,,6.382
tx_pwr_DPSKPWR,4,H,8-DH5,15,0,1500,Fail,3,120,,7.006
tx_pwr_DPSKPWR,5,L,8-DH5,15,0,1500,Fail,3,120,,7.199
tx_pwr_DPSKPWR,5,M,8-DH5,15,0,1500,Pass,3,120,,8.119
tx_pwr_DPSKPWR,5,H,8-DH5,15,0,1500,Pass,3,120,,9.106
tx_pwr_DPSKPWR,6,L,8-DH5,15,0,1500,Pass,3,120,,9.341
tx_pwr_DPSKPWR,6,M,8-DH5,15,0,1500,Pass,3,120,,10.484
tx_pwr_DPSKPWR,6,H,8-DH5,15,0,1500,Pass,3,120,,10.973
tx_pwr_DPSKPWR,7,L,8-DH5,15,0,1500,Pass,3,120,,11.558
tx_pwr_DPSKPWR,7,M,8-DH5,15,0,1500,Pass,3,120,,12.331
tx_pwr_DPSKPWR,7,H,8-DH5,15,0,1500,Pass,3,120,,12.817
tx_pwr_DPSKPWR,0,L,8-HDRP,15,0,1500,Fail,3,120,,3.799
tx_pwr_DPSKPWR,0,M,8-HDRP,15,0,1500,Fail,3,120,,3.97
tx_pwr_DPSKPWR,0,H,8-HDRP,15,0,1500,Fail,3,120,,3.91
tx_pwr_DPSKPWR,1,L,8-HDRP,15,1,1500,Fail,3,120,,6.31
tx_pwr_DPSKPWR,1,M,8-HDRP,15,1,1500,Fail,3,120,,6.565
tx_pwr_DPSKPWR,1,H,8-HDRP,15,1,1500,Fail,3,120,,6.754
tx_pwr_DPSKPWR,2,L,8-HDRP,15,0,1500,Fail,3,120,,5.559
tx_pwr_DPSKPWR,2,M,8-HDRP,15,0,1500,Fail,3,120,,5.22
tx_pwr_DPSKPWR,2,H,8-HDRP,15,0,1500,Fail,3,120,,5.374
tx_pwr_DPSKPWR,4,L,8-HDRP,15,0,1500,Fail,3,120,,5.686
tx_pwr_DPSKPWR,4,M,8-HDRP,15,0,1500,Fail,3,120,,6.101
tx_pwr_DPSKPWR,4,H,8-HDRP,15,0,1500,Fail,3,120,,6.734
tx_pwr_DPSKPWR,5,L,8-HDRP,15,0,1500,Fail,3,120,,6.929
tx_pwr_DPSKPWR,5,M,8-HDRP,15,0,1500,Fail,3,120,,7.847
tx_pwr_DPSKPWR,5,H,8-HDRP,15,0,1500,Pass,3,120,,8.884
tx_pwr_DPSKPWR,6,L,8-HDRP,15,0,1500,Pass,3,120,,9.089
tx_pwr_DPSKPWR,6,M,8-HDRP,15,0,1500,Pass,3,120,,10.214
tx_pwr_DPSKPWR,6,H,8-HDRP,15,0,1500,Pass,3,120,,10.738
tx_pwr_DPSKPWR,7,L,8-HDRP,15,0,1500,Pass,3,120,,11.234
tx_pwr_DPSKPWR,7,M,8-HDRP,15,0,1500,Pass,3,120,,12.019
tx_pwr_DPSKPWR,7,H,8-HDRP,15,0,1500,Pass,3,120,,12.5
tx_pwr_avg,0,L,DH5,15,0,1500,Fail,3,150,,7.542
tx_pwr_avg,0,M,DH5,15,0,1500,Fail,3,150,,8.142
tx_pwr_avg,0,H,DH5,15,0,1500,Fail,3,150,,8.542
tx_pwr_avg,1,L,DH5,15,1,1500,Fail,3,150,,8.248
tx_pwr_avg,1,M,DH5,15,1,1500,Fail,3,150,,8.557
tx_pwr_avg,1,H,DH5,15,1,1500,Fail,3,150,,8.851
tx_pwr_avg,2,L,DH5,15,0,1500,Fail,3,150,,9.793
tx_pwr_avg,2,M,DH5,15,0,1500,Fail,3,150,,9.947
tx_pwr_avg,2,H,DH5,15,0,1500,Fail,3,150,,10.382
tx_pwr_avg,4,L,DH5,15,0,1500,Pass,3,150,,11.16
tx_pwr_avg,4,M,DH5,15,0,1500,Pass,3,150,,12.012
tx_pwr_avg,4,H,DH5,15,0,1500,Pass,3,150,,12.864
tx_pwr_avg,5,L,DH5,15,0,1500,Pass,3,150,,13.282
tx_pwr_avg,5,M,DH5,15,0,1500,Pass,3,150,,14.297
tx_pwr_avg,5,H,DH5,15,0,1500,Pass,3,150,,15.096
tx_pwr_avg,6,L,DH5,15,0,1500,Pass,3,150,,15.3
tx_pwr_avg,6,M,DH5,15,0,1500,Pass,3,150,,15.627
tx_pwr_avg,6,H,DH5,15,0,1500,Pass,3,150,,15.47
tx_pwr_avg,7,L,DH5,15,0,1500,Pass,3,150,,15.491
tx_pwr_avg,7,M,DH5,15,0,1500,Pass,3,150,,14.942
tx_pwr_avg,7,H,DH5,15,0,1500,Pass,3,150,,13.928
tx_pwr_DPSKPWR,0,L,8-DH5,15,0,1500,Fail,3,150,,5.566
tx_pwr_DPSKPWR,0,M,8-DH5,15,0,1500,Fail,3,150,,6.012
tx_pwr_DPSKPWR,0,H,8-DH5,15,0,1500,Fail,3,150,,6.201
tx_pwr_DPSKPWR,1,L,8-DH5,15,1,1500,Fail,3,150,,5.298
tx_pwr_DPSKPWR,1,M,8-DH5,15,1,1500,Fail,3,150,,5.64
tx_pwr_DPSKPWR,1,H,8-DH5,15,1,1500,Fail,3,150,,5.985
tx_pwr_DPSKPWR,2,L,8-DH5,15,0,1500,Fail,3,150,,6.987
tx_pwr_DPSKPWR,2,M,8-DH5,15,0,1500,Fail,3,150,,7.06
tx_pwr_DPSKPWR,2,H,8-DH5,15,0,1500,Fail,3,150,,7.465
tx_pwr_DPSKPWR,4,L,8-DH5,15,0,1500,Pass,3,150,,8.298
tx_pwr_DPSKPWR,4,M,8-DH5,15,0,1500,Pass,3,150,,9.073
tx_pwr_DPSKPWR,4,H,8-DH5,15,0,1500,Pass,3,150,,9.997
tx_pwr_DPSKPWR,5,L,8-DH5,15,0,1500,Pass,3,150,,10.061
tx_pwr_DPSKPWR,5,M,8-DH5,15,0,1500,Pass,3,150,,11.34
tx_pwr_DPSKPWR,5,H,8-DH5,15,0,1500,Pass,3,150,,12.174
tx_pwr_DPSKPWR,6,L,8-DH5,15,0,1500,Pass,3,150,,12.315
tx_pwr_DPSKPWR,6,M,8-DH5,15,0,1500,Pass,3,150,,12.694
tx_pwr_DPSKPWR,6,H,8-DH5,15,0,1500,Pass,3,150,,12.568
tx_pwr_DPSKPWR,7,L,8-DH5,15,0,1500,Pass,3,150,,12.654
tx_pwr_DPSKPWR,7,M,8-DH5,15,0,1500,Pass,3,150,,12.072
tx_pwr_DPSKPWR,7,H,8-DH5,15,0,1500,Pass,3,150,,11.066
tx_pwr_DPSKPWR,0,L,8-HDRP,15,0,1500,Fail,3,150,,5.38
tx_pwr_DPSKPWR,0,M,8-HDRP,15,0,1500,Fail,3,150,,5.807
tx_pwr_DPSKPWR,0,H,8-HDRP,15,0,1500,Fail,3,150,,5.96
tx_pwr_DPSKPWR,1,L,8-HDRP,15,1,1500,Fail,3,150,,4.959
tx_pwr_DPSKPWR,1,M,8-HDRP,15,1,1500,Fail,3,150,,5.31
tx_pwr_DPSKPWR,1,H,8-HDRP,15,1,1500,Fail,3,150,,5.663
tx_pwr_DPSKPWR,2,L,8-HDRP,15,0,1500,Fail,3,150,,6.672
tx_pwr_DPSKPWR,2,M,8-HDRP,15,0,1500,Fail,3,150,,6.754
tx_pwr_DPSKPWR,2,H,8-HDRP,15,0,1500,Fail,3,150,,7.143
tx_pwr_DPSKPWR,4,L,8-HDRP,15,0,1500,Pass,3,150,,7.923
tx_pwr_DPSKPWR,4,M,8-HDRP,15,0,1500,Pass,3,150,,8.7
tx_pwr_DPSKPWR,4,H,8-HDRP,15,0,1500,Pass,3,150,,9.647
tx_pwr_DPSKPWR,5,L,8-HDRP,15,0,1500,Pass,3,150,,9.703
tx_pwr_DPSKPWR,5,M,8-HDRP,15,0,1500,Pass,3,150,,10.986
tx_pwr_DPSKPWR,5,H,8-HDRP,15,0,1500,Pass,3,150,,11.797
tx_pwr_DPSKPWR,6,L,8-HDRP,15,0,1500,Pass,3,150,,11.939
tx_pwr_DPSKPWR,6,M,8-HDRP,15,0,1500,Pass,3,150,,12.331
tx_pwr_DPSKPWR,6,H,8-HDRP,15,0,1500,Pass,3,150,,12.195
tx_pwr_DPSKPWR,7,L,8-HDRP,15,0,1500,Pass,3,150,,12.272
tx_pwr_DPSKPWR,7,M,8-HDRP,15,0,1500,Pass,3,150,,11.71
tx_pwr_DPSKPWR,7,H,8-HDRP,15,0,1500,Pass,3,150,,10.725
tx_pwr_avg,0,L,DH5,15,0,1500,Fail,3,180,,10.07
tx_pwr_avg,0,M,DH5,15,0,1500,Fail,3,180,,10.855
tx_pwr_avg,0,H,DH5,15,0,1500,Pass,3,180,,11.364
tx_pwr_avg,1,L,DH5,15,1,1500,Fail,3,180,,7.606
tx_pwr_avg,1,M,DH5,15,1,1500,Fail,3,180,,7.992
tx_pwr_avg,1,H,DH5,15,1,1500,Fail,3,180,,8.453
tx_pwr_avg,2,L,DH5,15,0,1500,Pass,3,180,,11.725
tx_pwr_avg,2,M,DH5,15,0,1500,Pass,3,180,,12.43
tx_pwr_avg,2,H,DH5,15,0,1500,Pass,3,180,,13.162
tx_pwr_avg,4,L,DH5,15,0,1500,Pass,3,180,,14.307
tx_pwr_avg,4,M,DH5,15,0,1500,Pass,3,180,,15.188
tx_pwr_avg,4,H,DH5,15,0,1500,Pass,3,180,,15.742
tx_pwr_avg,5,L,DH5,15,0,1500,Pass,3,180,,15.89
tx_pwr_avg,5,M,DH5,15,0,1500,Pass,3,180,,15.647
tx_pwr_avg,5,H,DH5,15,0,1500,Pass,3,180,,15.182
tx_pwr_avg,6,L,DH5,15,0,1500,Pass,3,180,,14.906
tx_pwr_avg,6,M,DH5,15,0,1500,Pass,3,180,,14.142
tx_pwr_avg,6,H,DH5,15,0,1500,Pass,3,180,,13.319
tx_pwr_avg,7,L,DH5,15,0,1500,Pass,3,180,,12.961
tx_pwr_avg,7,M,DH5,15,0,1500,Pass,3,180,,12.146
tx_pwr_avg,7,H,DH5,15,0,1500,Pass,3,180,,11.307
tx_pwr_DPSKPWR,0,L,8-DH5,15,0,1500,Fail,3,180,,8.08
tx_pwr_DPSKPWR,0,M,8-DH5,15,0,1500,Fail,3,180,,8.716
tx_pwr_DPSKPWR,0,H,8-DH5,15,0,1500,Fail,3,180,,9.018
tx_pwr_DPSKPWR,1,L,8-DH5,15,1,1500,Fail,3,180,,4.69
tx_pwr_DPSKPWR,1,M,8-DH5,15,1,1500,Fail,3,180,,5.109
tx_pwr_DPSKPWR,1,H,8-DH5,15,1,1500,Fail,3,180,,5.621
tx_pwr_DPSKPWR,2,L,8-DH5,15,0,1500,Pass,3,180,,8.924
tx_pwr_DPSKPWR,2,M,8-DH5,15,0,1500,Pass,3,180,,9.573
tx_pwr_DPSKPWR,2,H,8-DH5,15,0,1500,Pass,3,180,,10.197
tx_pwr_DPSKPWR,4,L,8-DH5,15,0,1500,Pass,3,180,,11.447
tx_pwr_DPSKPWR,4,M,8-DH5,15,0,1500,Pass,3,180,,12.231
tx_pwr_DPSKPWR,4,H,8-DH5,15,0,1500,Pass,3,180,,12.874
tx_pwr_DPSKPWR,5,L,8-DH5,15,0,1500,Pass,3,180,,12.937
tx_pwr_DPSKPWR,5,M,8-DH5,15,0,1500,Pass,3,180,,12.828
tx_pwr_DPSKPWR,5,H,8-DH5,15,0,1500,Pass,3,180,,12.346
tx_pwr_DPSKPWR,6,L,8-DH5,15,0,1500,Pass,3,180,,12.187
tx_pwr_DPSKPWR,6,M,8-DH5,15,0,1500,Pass,3,180,,11.336
tx_pwr_DPSKPWR,6,H,8-DH5,15,0,1500,Pass,3,180,,10.532
tx_pwr_DPSKPWR,7,L,8-DH5,15,0,1500,Pass,3,180,,10.324
tx_pwr_DPSKPWR,7,M,8-DH5,15,0,1500,Pass,3,180,,9.319
tx_pwr_DPSKPWR,7,H,8-DH5,15,0,1500,Pass,3,180,,8.515
tx_pwr_DPSKPWR,0,L,8-HDRP,15,0,1500,Fail,3,180,,7.913
tx_pwr_DPSKPWR,0,M,8-HDRP,15,0,1500,Fail,3,180,,8.525
tx_pwr_DPSKPWR,0,H,8-HDRP,15,0,1500,Pass,3,180,,8.795
tx_pwr_DPSKPWR,1,L,8-HDRP,15,1,1500,Fail,3,180,,4.391
tx_pwr_DPSKPWR,1,M,8-HDRP,15,1,1500,Fail,3,180,,4.821
tx_pwr_DPSKPWR,1,H,8-HDRP,15,1,1500,Fail,3,180,,5.315
tx_pwr_DPSKPWR,2,L,8-HDRP,15,0,1500,Pass,3,180,,8.635
tx_pwr_DPSKPWR,2,M,8-HDRP,15,0,1500,Pass,3,180,,9.249
tx_pwr_DPSKPWR,2,H,8-HDRP,15,0,1500,Pass,3,180,,9.901
tx_pwr_DPSKPWR,4,L,8-HDRP,15,0,1500,Pass,3,180,,11.144
tx_pwr_DPSKPWR,4,M,8-HDRP,15,0,1500,Pass,3,180,,11.937
tx_pwr_DPSKPWR,4,H,8-HDRP,15,0,1500,Pass,3,180,,12.572
tx_pwr_DPSKPWR,5,L,8-HDRP,15,0,1500,Pass,3,180,,12.652
tx_pwr_DPSKPWR,5,M,8-HDRP,15,0,1500,Pass,3,180,,12.55
tx_pwr_DPSKPWR,5,H,8-HDRP,15,0,1500,Pass,3,180,,12.041
tx_pwr_DPSKPWR,6,L,8-HDRP,15,0,1500,Pass,3,180,,11.927
tx_pwr_DPSKPWR,6,M,8-HDRP,15,0,1500,Pass,3,180,,11.05
tx_pwr_DPSKPWR,6,H,8-HDRP,15,0,1500,Pass,3,180,,10.261
tx_pwr_DPSKPWR,7,L,8-HDRP,15,0,1500,Pass,3,180,,10.044
tx_pwr_DPSKPWR,7,M,8-HDRP,15,0,1500,Pass,3,180,,9.062
tx_pwr_DPSKPWR,7,H,8-HDRP,15,0,1500,Pass,3,180,,8.252
tx_pwr_avg,0,L,DH5,15,0,1500,Pass,3,210,,12.995
tx_pwr_avg,0,M,DH5,15,0,1500,Pass,3,210,,13.376
tx_pwr_avg,0,H,DH5,15,0,1500,Pass,3,210,,13.177
tx_pwr_avg,1,L,DH5,15,1,1500,Fail,3,210,,7.388
tx_pwr_avg,1,M,DH5,15,1,1500,Fail,3,210,,7.899
tx_pwr_avg,1,H,DH5,15,1,1500,Fail,3,210,,8.568
tx_pwr_avg,2,L,DH5,15,0,1500,Pass,3,210,,14.398
tx_pwr_avg,2,M,DH5,15,0,1500,Pass,3,210,,15.25
tx_pwr_avg,2,H,DH5,15,0,1500,Pass,3,210,,15.892
tx_pwr_avg,4,L,DH5,15,0,1500,Pass,3,210,,16.359
tx_pwr_avg,4,M,DH5,15,0,1500,Pass,3,210,,15.779
tx_pwr_avg,4,H,DH5,15,0,1500,Pass,3,210,,14.79
tx_pwr_avg,5,L,DH5,15,0,1500,Pass,3,210,,14.259
tx_pwr_avg,5,M,DH5,15,0,1500,Pass,3,210,,13.368
tx_pwr_avg,5,H,DH5,15,0,1500,Pass,3,210,,12.561
tx_pwr_avg,6,L,DH5,15,0,1500,Pass,3,210,,11.915
tx_pwr_avg,6,M,DH5,15,0,1500,Pass,3,210,,11.221
tx_pwr_avg,6,H,DH5,15,0,1500,Fail,3,210,,10.504
tx_pwr_avg,7,L,DH5,15,0,1500,Fail,3,210,,10.223
tx_pwr_avg,7,M,DH5,15,0,1500,Fail,3,210,,9.634
tx_pwr_avg,7,H,DH5,15,0,1500,Fail,3,210,,9.339
tx_pwr_DPSKPWR,0,L,8-DH5,15,0,1500,Fail,3,210,,10.867
tx_pwr_DPSKPWR,0,M,8-DH5,15,0,1500,Fail,3,210,,11.088
tx_pwr_DPSKPWR,0,H,8-DH5,15,0,1500,Fail,3,210,,10.7
tx_pwr_DPSKPWR,1,L,8-DH5,15,1,1500,Fail,3,210,,4.425
tx_pwr_DPSKPWR,1,M,8-DH5,15,1,1500,Fail,3,210,,4.965
tx_pwr_DPSKPWR,1,H,8-DH5,15,1,1500,Fail,3,210,,5.681
tx_pwr_DPSKPWR,2,L,8-DH5,15,0,1500,Pass,3,210,,11.606
tx_pwr_DPSKPWR,2,M,8-DH5,15,0,1500,Pass,3,210,,12.344
tx_pwr_DPSKPWR,2,H,8-DH5,15,0,1500,Pass,3,210,,12.973
tx_pwr_DPSKPWR,4,L,8-DH5,15,0,1500,Pass,3,210,,13.358
tx_pwr_DPSKPWR,4,M,8-DH5,15,0,1500,Pass,3,210,,12.831
tx_pwr_DPSKPWR,4,H,8-DH5,15,0,1500,Pass,3,210,,11.919
tx_pwr_DPSKPWR,5,L,8-DH5,15,0,1500,Pass,3,210,,11.702
tx_pwr_DPSKPWR,5,M,8-DH5,15,0,1500,Pass,3,210,,10.372
tx_pwr_DPSKPWR,5,H,8-DH5,15,0,1500,Pass,3,210,,9.653
tx_pwr_DPSKPWR,6,L,8-DH5,15,0,1500,Pass,3,210,,9.197
tx_pwr_DPSKPWR,6,M,8-DH5,15,0,1500,Pass,3,210,,8.3
tx_pwr_DPSKPWR,6,H,8-DH5,15,0,1500,Fail,3,210,,7.598
tx_pwr_DPSKPWR,7,L,8-DH5,15,0,1500,Fail,3,210,,7.447
tx_pwr_DPSKPWR,7,M,8-DH5,15,0,1500,Fail,3,210,,6.729
tx_pwr_DPSKPWR,7,H,8-DH5,15,0,1500,Fail,3,210,,6.446
tx_pwr_DPSKPWR,0,L,8-HDRP,15,0,1500,Pass,3,210,,10.647
tx_pwr_DPSKPWR,0,M,8-HDRP,15,0,1500,Pass,3,210,,10.835
tx_pwr_DPSKPWR,0,H,8-HDRP,15,0,1500,Pass,3,210,,10.415
tx_pwr_DPSKPWR,1,L,8-HDRP,15,1,1500,Fail,3,210,,4.076
tx_pwr_DPSKPWR,1,M,8-HDRP,15,1,1500,Fail,3,210,,4.625
tx_pwr_DPSKPWR,1,H,8-HDRP,15,1,1500,Fail,3,210,,5.35
tx_pwr_DPSKPWR,2,L,8-HDRP,15,0,1500,Pass,3,210,,11.312
tx_pwr_DPSKPWR,2,M,8-HDRP,15,0,1500,Pass,3,210,,12.055
tx_pwr_DPSKPWR,2,H,8-HDRP,15,0,1500,Pass,3,210,,12.648
tx_pwr_DPSKPWR,4,L,8-HDRP,15,0,1500,Pass,3,210,,13.038
tx_pwr_DPSKPWR,4,M,8-HDRP,15,0,1500,Pass,3,210,,12.493
tx_pwr_DPSKPWR,4,H,8-HDRP,15,0,1500,Pass,3,210,,11.568
tx_pwr_DPSKPWR,5,L,8-HDRP,15,0,1500,Pass,3,210,,11.336
tx_pwr_DPSKPWR,5,M,8-HDRP,15,0,1500,Pass,3,210,,10.051
tx_pwr_DPSKPWR,5,H,8-HDRP,15,0,1500,Pass,3,210,,9.296
tx_pwr_DPSKPWR,6,L,8-HDRP,15,0,1500,Pass,3,210,,8.85
tx_pwr_DPSKPWR,6,M,8-HDRP,15,0,1500,Pass,3,210,,7.947
tx_pwr_DPSKPWR,6,H,8-HDRP,15,0,1500,Fail,3,210,,7.246
tx_pwr_DPSKPWR,7,L,8-HDRP,15,0,1500,Fail,3,210,,7.106
tx_pwr_DPSKPWR,7,M,8-HDRP,15,0,1500,Fail,3,210,,6.375
tx_pwr_DPSKPWR,7,H,8-HDRP,15,0,1500,Fail,3,210,,6.093
tx_pwr_avg,0,L,DH5,15,0,1500,Pass,3,240,,12.755
tx_pwr_avg,0,M,DH5,15,0,1500,Pass,3,240,,12.015
tx_pwr_avg,0,H,DH5,15,0,1500,Fail,3,240,,10.981
tx_pwr_avg,1,L,DH5,15,1,1500,Fail,3,240,,7.573
tx_pwr_avg,1,M,DH5,15,1,1500,Fail,3,240,,8.279
tx_pwr_avg,1,H,DH5,15,1,1500,Fail,3,240,,9.164
tx_pwr_avg,2,L,DH5,15,0,1500,Pass,3,240,,16.725
tx_pwr_avg,2,M,DH5,15,0,1500,Pass,3,240,,16.698
tx_pwr_avg,2,H,DH5,15,0,1500,Pass,3,240,,16.203
tx_pwr_avg,4,L,DH5,15,0,1500,Pass,3,240,,14.621
tx_pwr_avg,4,M,DH5,15,0,1500,Pass,3,240,,12.951
tx_pwr_avg,4,H,DH5,15,0,1500,Pass,3,240,,11.63
tx_pwr_avg,5,L,DH5,15,0,1500,Pass,3,240,,11.228
tx_pwr_avg,5,M,DH5,15,0,1500,Fail,3,240,,10.255
tx_pwr_avg,5,H,DH5,15,0,1500,Fail,3,240,,9.755
tx_pwr_avg,6,L,DH5,15,0,1500,Fail,3,240,,9.447
tx_pwr_avg,6,M,DH5,15,0,1500,Fail,3,240,,8.811
tx_pwr_avg,6,H,DH5,15,0,1500,Fail,3,240,,8.291
tx_pwr_avg,7,L,DH5,15,0,1500,Fail,3,240,,8.152
tx_pwr_avg,7,M,DH5,15,0,1500,Fail,3,240,,7.974
tx_pwr_avg,7,H,DH5,15,0,1500,Fail,3,240,,8.033
tx_pwr_DPSKPWR,0,L,8-DH5,15,0,1500,Fail,3,240,,10.591
tx_pwr_DPSKPWR,0,M,8-DH5,15,0,1500,Fail,3,240,,9.707
tx_pwr_DPSKPWR,0,H,8-DH5,15,0,1500,Fail,3,240,,8.494
tx_pwr_DPSKPWR,1,L,8-DH5,15,1,1500,Fail,3,240,,4.602
tx_pwr_DPSKPWR,1,M,8-DH5,15,1,1500,Fail,3,240,,5.327
tx_pwr_DPSKPWR,1,H,8-DH5,15,1,1500,Fail,3,240,,6.257
tx_pwr_DPSKPWR,2,L,8-DH5,15,0,1500,Pass,3,240,,13.852
tx_pwr_DPSKPWR,2,M,8-DH5,15,0,1500,Pass,3,240,,13.731
tx_pwr_DPSKPWR,2,H,8-DH5,15,0,1500,Pass,3,240,,13.204
tx_pwr_DPSKPWR,4,L,8-DH5,15,0,1500,Pass,3,240,,11.616
tx_pwr_DPSKPWR,4,M,8-DH5,15,0,1500,Pass,3,240,,10.04
tx_pwr_DPSKPWR,4,H,8-DH5,15,0,1500,Pass,3,240,,8.694
tx_pwr_DPSKPWR,5,L,8-DH5,15,0,1500,Pass,3,240,,8.704
tx_pwr_DPSKPWR,5,M,8-DH5,15,0,1500,Fail,3,240,,7.482
tx_pwr_DPSKPWR,5,H,8-DH5,15,0,1500,Fail,3,240,,6.864
tx_pwr_DPSKPWR,6,L,8-DH5,15,0,1500,Fail,3,240,,6.717
tx_pwr_DPSKPWR,6,M,8-DH5,15,0,1500,Fail,3,240,,5.913
tx_pwr_DPSKPWR,6,H,8-DH5,15,0,1500,Fail,3,240,,5.393
tx_pwr_DPSKPWR,7,L,8-DH5,15,0,1500,Fail,3,240,,5.376
tx_pwr_DPSKPWR,7,M,8-DH5,15,0,1500,Fail,3,240,,5.06
tx_pwr_DPSKPWR,7,H,8-DH5,15,0,1500,Fail,3,240,,5.148
tx_pwr_DPSKPWR,0,L,8-HDRP,15,0,1500,Pass,3,240,,10.387
tx_pwr_DPSKPWR,0,M,8-HDRP,15,0,1500,Pass,3,240,,9.469
tx_pwr_DPSKPWR,0,H,8-HDRP,15,0,1500,Pass,3,240,,8.237
tx_pwr_DPSKPWR,1,L,8-HDRP,15,1,1500,Fail,3,240,,4.304
tx_pwr_DPSKPWR,1,M,8-HDRP,15,1,1500,Fail,3,240,,5.033
tx_pwr_DPSKPWR,1,H,8-HDRP,15,1,1500,Fail,3,240,,5.971
tx_pwr_DPSKPWR,2,L,8-HDRP,15,0,1500,Pass,3,240,,13.565
tx_pwr_DPSKPWR,2,M,8-HDRP,15,0,1500,Pass,3,240,,13.422
tx_pwr_DPSKPWR,2,H,8-HDRP,15,0,1500,Pass,3,240,,12.882
tx_pwr_DPSKPWR,4,L,8-HDRP,15,0,1500,Pass,3,240,,11.236
tx_pwr_DPSKPWR,4,M,8-HDRP,15,0,1500,Pass,3,240,,9.7
tx_pwr_DPSKPWR,4,H,8-HDRP,15,0,1500,Pass,3,240,,8.361
tx_pwr_DPSKPWR,5,L,8-HDRP,15,0,1500,Pass,3,240,,8.34
tx_pwr_DPSKPWR,5,M,8-HDRP,15,0,1500,Fail,3,240,,7.143
tx_pwr_DPSKPWR,5,H,8-HDRP,15,0,1500,Fail,3,240,,6.521
tx_pwr_DPSKPWR,6,L,8-HDRP,15,0,1500,Fail,3,240,,6.377
tx_pwr_DPSKPWR,6,M,8-HDRP,15,0,1500,Fail,3,240,,5.574
tx_pwr_DPSKPWR,6,H,8-HDRP,15,0,1500,Fail,3,240,,5.054
tx_pwr_DPSKPWR,7,L,8-HDRP,15,0,1500,Fail,3,240,,5.037
tx_pwr_DPSKPWR,7,M,8-HDRP,15,0,1500,Fail,3,240,,4.74
tx_pwr_DPSKPWR,7,H,8-HDRP,15,0,1500,Fail,3,240,,4.828
tx_pwr_avg,0,L,DH5,15,0,1500,Fail,3,270,,9.697
tx_pwr_avg,0,M,DH5,15,0,1500,Fail,3,270,,8.942
tx_pwr_avg,0,H,DH5,15,0,1500,Fail,3,270,,8.03
tx_pwr_avg,1,L,DH5,15,1,1500,Fail,3,270,,8.354
tx_pwr_avg,1,M,DH5,15,1,1500,Fail,3,270,,9.328
tx_pwr_avg,1,H,DH5,15,1,1500,Fail,3,270,,10.349
tx_pwr_avg,2,L,DH5,15,0,1500,Pass,3,270,,16.595
tx_pwr_avg,2,M,DH5,15,0,1500,Pass,3,270,,14.774
tx_pwr_avg,2,H,DH5,15,0,1500,Pass,3,270,,13.48
tx_pwr_avg,4,L,DH5,15,0,1500,Pass,3,270,,11.491
tx_pwr_avg,4,M,DH5,15,0,1500,Fail,3,270,,10.287
tx_pwr_avg,4,H,DH5,15,0,1500,Fail,3,270,,9.242
tx_pwr_avg,5,L,DH5,15,0,1500,Fail,3,270,,8.98
tx_pwr_avg,5,M,DH5,15,0,1500,Fail,3,270,,8.283
tx_pwr_avg,5,H,DH5,15,0,1500,Fail,3,270,,7.786
tx_pwr_avg,6,L,DH5,15,0,1500,Fail,3,270,,7.591
tx_pwr_avg,6,M,DH5,15,0,1500,Fail,3,270,,7.208
tx_pwr_avg,6,H,DH5,15,0,1500,Fail,3,270,,6.919
tx_pwr_avg,7,L,DH5,15,0,1500,Fail,3,270,,6.948
tx_pwr_avg,7,M,DH5,15,0,1500,Fail,3,270,,7.035
tx_pwr_avg,7,H,DH5,15,0,1500,Fail,3,270,,7.289
tx_pwr_DPSKPWR,0,L,8-DH5,15,0,1500,Fail,3,270,,7.685
tx_pwr_DPSKPWR,0,M,8-DH5,15,0,1500,Fail,3,270,,6.769
tx_pwr_DPSKPWR,0,H,8-DH5,15,0,1500,Fail,3,270,,5.654
tx_pwr_DPSKPWR,1,L,8-DH5,15,1,1500,Fail,3,270,,5.414
tx_pwr_DPSKPWR,1,M,8-DH5,15,1,1500,Fail,3,270,,6.4
tx_pwr_DPSKPWR,1,H,8-DH5,15,1,1500,Fail,3,270,,7.462
tx_pwr_DPSKPWR,2,L,8-DH5,15,0,1500,Pass,3,270,,13.699
tx_pwr_DPSKPWR,2,M,8-DH5,15,0,1500,Pass,3,270,,11.925
tx_pwr_DPSKPWR,2,H,8-DH5,15,0,1500,Pass,3,270,,10.612
tx_pwr_DPSKPWR,4,L,8-DH5,15,0,1500,Pass,3,270,,8.583
tx_pwr_DPSKPWR,4,M,8-DH5,15,0,1500,Fail,3,270,,7.328
tx_pwr_DPSKPWR,4,H,8-DH5,15,0,1500,Fail,3,270,,6.342
tx_pwr_DPSKPWR,5,L,8-DH5,15,0,1500,Fail,3,270,,6.059
tx_pwr_DPSKPWR,5,M,8-DH5,15,0,1500,Fail,3,270,,5.395
tx_pwr_DPSKPWR,5,H,8-DH5,15,0,1500,Fail,3,270,,4.899
tx_pwr_DPSKPWR,6,L,8-DH5,15,0,1500,Fail,3,270,,4.725
tx_pwr_DPSKPWR,6,M,8-DH5,15,0,1500,Fail,3,270,,4.274
tx_pwr_DPSKPWR,6,H,8-DH5,15,0,1500,Fail,3,270,,3.98
tx_pwr_DPSKPWR,7,L,8-DH5,15,0,1500,Fail,3,270,,4.069
tx_pwr_DPSKPWR,7,M,8-DH5,15,0,1500,Fail,3,270,,4.112
tx_pwr_DPSKPWR,7,H,8-DH5,15,0,1500,Fail,3,270,,4.373
tx_pwr_DPSKPWR,0,L,8-HDRP,15,0,1500,Fail,3,270,,7.512
tx_pwr_DPSKPWR,0,M,8-HDRP,15,0,1500,Fail,3,270,,6.564
tx_pwr_DPSKPWR,0,H,8-HDRP,15,0,1500,Fail,3,270,,5.425
tx_pwr_DPSKPWR,1,L,8-HDRP,15,1,1500,Fail,3,270,,5.093
tx_pwr_DPSKPWR,1,M,8-HDRP,15,1,1500,Fail,3,270,,6.081
tx_pwr_DPSKPWR,1,H,8-HDRP,15,1,1500,Fail,3,270,,7.155
tx_pwr_DPSKPWR,2,L,8-HDRP,15,0,1500,Pass,3,270,,13.38
tx_pwr_DPSKPWR,2,M,8-HDRP,15,0,1500,Pass,3,270,,11.598
tx_pwr_DPSKPWR,2,H,8-HDRP,15,0,1500,Pass,3,270,,10.293
tx_pwr_DPSKPWR,4,L,8-HDRP,15,0,1500,Pass,3,270,,8.249
tx_pwr_DPSKPWR,4,M,8-HDRP,15,0,1500,Fail,3,270,,6.998
tx_pwr_DPSKPWR,4,H,8-HDRP,15,0,1500,Fail,3,270,,6.028
tx_pwr_DPSKPWR,5,L,8-HDRP,15,0,1500,Fail,3,270,,5.734
tx_pwr_DPSKPWR,5,M,8-HDRP,15,0,1500,Fail,3,270,,5.029
tx_pwr_DPSKPWR,5,H,8-HDRP,15,0,1500,Fail,3,270,,4.549
tx_pwr_DPSKPWR,6,L,8-HDRP,15,0,1500,Fail,3,270,,4.372
tx_pwr_DPSKPWR,6,M,8-HDRP,15,0,1500,Fail,3,270,,3.957
tx_pwr_DPSKPWR,6,H,8-HDRP,15,0,1500,Fail,3,270,,3.682
tx_pwr_DPSKPWR,7,L,8-HDRP,15,0,1500,Fail,3,270,,3.764
tx_pwr_DPSKPWR,7,M,8-HDRP,15,0,1500,Fail,3,270,,3.811
tx_pwr_DPSKPWR,7,H,8-HDRP,15,0,1500,Fail,3,270,,4.104
tx_pwr_avg,0,L,DH5,15,0,1500,Fail,3,300,,7.139
tx_pwr_avg,0,M,DH5,15,0,1500,Fail,3,300,,6.679
tx_pwr_avg,0,H,DH5,15,0,1500,Fail,3,300,,5.957
tx_pwr_avg,1,L,DH5,15,1,1500,Fail,3,300,,9.953
tx_pwr_avg,1,M,DH5,15,1,1500,Pass,3,300,,11.044
tx_pwr_avg,1,H,DH5,15,1,1500,Pass,3,300,,12.314
tx_pwr_avg,2,L,DH5,15,0,1500,Pass,3,300,,14.169
tx_pwr_avg,2,M,DH5,15,0,1500,Pass,3,300,,12.027
tx_pwr_avg,2,H,DH5,15,0,1500,Fail,3,300,,10.898
tx_pwr_avg,4,L,DH5,15,0,1500,Fail,3,300,,9.231
tx_pwr_avg,4,M,DH5,15,0,1500,Fail,3,300,,8.358
tx_pwr_avg,4,H,DH5,15,0,1500,Fail,3,300,,7.449
tx_pwr_avg,5,L,DH5,15,0,1500,Fail,3,300,,7.206
tx_pwr_avg,5,M,DH5,15,0,1500,Fail,3,300,,6.8
tx_pwr_avg,5,H,DH5,15,0,1500,Fail,3,300,,6.531
tx_pwr_avg,6,L,DH5,15,0,1500,Fail,3,300,,6.418
tx_pwr_avg,6,M,DH5,15,0,1500,Fail,3,300,,6.293
tx_pwr_avg,6,H,DH5,15,0,1500,Fail,3,300,,6.185
tx_pwr_avg,7,L,DH5,15,0,1500,Fail,3,300,,6.398
tx_pwr_avg,7,M,DH5,15,0,1500,Fail,3,300,,6.604
tx_pwr_avg,7,H,DH5,15,0,1500,Fail,3,300,,7.078
tx_pwr_DPSKPWR,0,L,8-DH5,15,0,1500,Fail,3,300,,5.17
tx_pwr_DPSKPWR,0,M,8-DH5,15,0,1500,Fail,3,300,,4.552
tx_pwr_DPSKPWR,0,H,8-DH5,15,0,1500,Fail,3,300,,3.606
tx_pwr_DPSKPWR,1,L,8-DH5,15,1,1500,Fail,3,300,,6.998
tx_pwr_DPSKPWR,1,M,8-DH5,15,1,1500,Pass,3,300,,8.149
tx_pwr_DPSKPWR,1,H,8-DH5,15,1,1500,Pass,3,300,,9.51
tx_pwr_DPSKPWR,2,L,8-DH5,15,0,1500,Pass,3,300,,11.269
tx_pwr_DPSKPWR,2,M,8-DH5,15,0,1500,Pass,3,300,,9.123
tx_pwr_DPSKPWR,2,H,8-DH5,15,0,1500,Fail,3,300,,7.979
tx_pwr_DPSKPWR,4,L,8-DH5,15,0,1500,Fail,3,300,,6.318
tx_pwr_DPSKPWR,4,M,8-DH5,15,0,1500,Fail,3,300,,5.441
tx_pwr_DPSKPWR,4,H,8-DH5,15,0,1500,Fail,3,300,,4.499
tx_pwr_DPSKPWR,5,L,8-DH5,15,0,1500,Fail,3,300,,4.427
tx_pwr_DPSKPWR,5,M,8-DH5,15,0,1500,Fail,3,300,,3.894
tx_pwr_DPSKPWR,5,H,8-DH5,15,0,1500,Fail,3,300,,3.609
tx_pwr_DPSKPWR,6,L,8-DH5,15,0,1500,Fail,3,300,,3.545
tx_pwr_DPSKPWR,6,M,8-DH5,15,0,1500,Fail,3,300,,3.368
tx_pwr_DPSKPWR,6,H,8-DH5,15,0,1500,Fail,3,300,,3.216
tx_pwr_DPSKPWR,7,L,8-DH5,15,0,1500,Fail,3,300,,3.444
tx_pwr_DPSKPWR,7,M,8-DH5,15,0,1500,Fail,3,300,,3.656
tx_pwr_DPSKPWR,7,H,8-DH5,15,0,1500,Fail,3,300,,4.137
tx_pwr_DPSKPWR,0,L,8-HDRP,15,0,1500,Fail,3,300,,5.015
tx_pwr_DPSKPWR,0,M,8-HDRP,15,0,1500,Fail,3,300,,4.353
tx_pwr_DPSKPWR,0,H,8-HDRP,15,0,1500,Fail,3,300,,3.376
tx_pwr_DPSKPWR,1,L,8-HDRP,15,1,1500,Fail,3,300,,6.662
tx_pwr_DPSKPWR,1,M,8-HDRP,15,1,1500,Fail,3,300,,7.83
tx_pwr_DPSKPWR,1,H,8-HDRP,15,1,1500,Pass,3,300,,9.135
tx_pwr_DPSKPWR,2,L,8-HDRP,15,0,1500,Pass,3,300,,10.939
tx_pwr_DPSKPWR,2,M,8-HDRP,15,0,1500,Pass,3,300,,8.808
tx_pwr_DPSKPWR,2,H,8-HDRP,15,0,1500,Fail,3,300,,7.647
tx_pwr_DPSKPWR,4,L,8-HDRP,15,0,1500,Fail,3,300,,5.988
tx_pwr_DPSKPWR,4,M,8-HDRP,15,0,1500,Fail,3,300,,5.087
tx_pwr_DPSKPWR,4,H,8-HDRP,15,0,1500,Fail,3,300,,4.169
tx_pwr_DPSKPWR,5,L,8-HDRP,15,0,1500,Fail,3,300,,4.1
tx_pwr_DPSKPWR,5,M,8-HDRP,15,0,1500,Fail,3,300,,3.559
tx_pwr_DPSKPWR,5,H,8-HDRP,15,0,1500,Fail,3,300,,3.283
tx_pwr_DPSKPWR,6,L,8-HDRP,15,0,1500,Fail,3,300,,3.21
tx_pwr_DPSKPWR,6,M,8-HDRP,15,0,1500,Fail,3,300,,3.043
tx_pwr_DPSKPWR,6,H,8-HDRP,15,0,1500,Fail,3,300,,2.93
tx_pwr_DPSKPWR,7,L,8-HDRP,15,0,1500,Fail,3,300,,3.143
tx_pwr_DPSKPWR,7,M,8-HDRP,15,0,1500,Fail,3,300,,3.366
tx_pwr_DPSKPWR,7,H,8-HDRP,15,0,1500,Fail,3,300,,3.854
tx_pwr_avg,0,L,DH5,15,0,1500,Fail,3,330,,5.532
tx_pwr_avg,0,M,DH5,15,0,1500,Fail,3,330,,5.258
tx_pwr_avg,0,H,DH5,15,0,1500,Fail,3,330,,4.755
tx_pwr_avg,1,L,DH5,15,1,1500,Pass,3,330,,12.126
tx_pwr_avg,1,M,DH5,15,1,1500,Pass,3,330,,13.578
tx_pwr_avg,1,H,DH5,15,1,1500,Pass,3,330,,14.862
tx_pwr_avg,2,L,DH5,15,0,1500,Pass,3,330,,11.61
tx_pwr_avg,2,M,DH5,15,0,1500,Fail,3,330,,9.813
tx_pwr_avg,2,H,DH5,15,0,1500,Fail,3,330,,8.808
tx_pwr_avg,4,L,DH5,15,0,1500,Fail,3,330,,7.684
tx_pwr_avg,4,M,DH5,15,0,1500,Fail,3,330,,6.785
tx_pwr_avg,4,H,DH5,15,0,1500,Fail,3,330,,6.327
tx_pwr_avg,5,L,DH5,15,0,1500,Fail,3,330,,6.297
tx_pwr_avg,5,M,DH5,15,0,1500,Fail,3,330,,5.925
tx_pwr_avg,5,H,DH5,15,0,1500,Fail,3,330,,5.858
tx_pwr_avg,6,L,DH5,15,0,1500,Fail,3,330,,5.818
tx_pwr_avg,6,M,DH5,15,0,1500,Fail,3,330,,5.914
tx_pwr_avg,6,H,DH5,15,0,1500,Fail,3,330,,5.973
tx_pwr_avg,7,L,DH5,15,0,1500,Fail,3,330,,6.242
tx_pwr_avg,7,M,DH5,15,0,1500,Fail,3,330,,6.628
tx_pwr_avg,7,H,DH5,15,0,1500,Fail,3,330,,7.294
tx_pwr_DPSKPWR,0,L,8-DH5,15,0,1500,Fail,3,330,,3.525
tx_pwr_DPSKPWR,0,M,8-DH5,15,0,1500,Fail,3,330,,3.095
tx_pwr_DPSKPWR,0,H,8-DH5,15,0,1500,Fail,3,330,,2.395
tx_pwr_DPSKPWR,1,L,8-DH5,15,1,1500,Pass,3,330,,9.186
tx_pwr_DPSKPWR,1,M,8-DH5,15,1,1500,Pass,3,330,,10.643
tx_pwr_DPSKPWR,1,H,8-DH5,15,1,1500,Pass,3,330,,12.029
tx_pwr_DPSKPWR,2,L,8-DH5,15,0,1500,Pass,3,330,,8.739
tx_pwr_DPSKPWR,2,M,8-DH5,15,0,1500,Fail,3,330,,6.889
tx_pwr_DPSKPWR,2,H,8-DH5,15,0,1500,Fail,3,330,,5.858
tx_pwr_DPSKPWR,4,L,8-DH5,15,0,1500,Fail,3,330,,4.676
tx_pwr_DPSKPWR,4,M,8-DH5,15,0,1500,Fail,3,330,,3.852
tx_pwr_DPSKPWR,4,H,8-DH5,15,0,1500,Fail,3,330,,3.336
tx_pwr_DPSKPWR,5,L,8-DH5,15,0,1500,Fail,3,330,,3.302
tx_pwr_DPSKPWR,5,M,8-DH5,15,0,1500,Fail,3,330,,2.935
tx_pwr_DPSKPWR,5,H,8-DH5,15,0,1500,Fail,3,330,,2.889
tx_pwr_DPSKPWR,6,L,8-DH5,15,0,1500,Fail,3,330,,2.926
tx_pwr_DPSKPWR,6,M,8-DH5,15,0,1500,Fail,3,330,,2.999
tx_pwr_DPSKPWR,6,H,8-DH5,15,0,1500,Fail,3,330,,3.076
tx_pwr_DPSKPWR,7,L,8-DH5,15,0,1500,Fail,3,330,,3.337
tx_pwr_DPSKPWR,7,M,8-DH5,15,0,1500,Fail,3,330,,3.727
tx_pwr_DPSKPWR,7,H,8-DH5,15,0,1500,Fail,3,330,,4.411
tx_pwr_DPSKPWR,0,L,8-HDRP,15,0,1500,Fail,3,330,,3.362
tx_pwr_DPSKPWR,0,M,8-HDRP,15,0,1500,Fail,3,330,,2.913
tx_pwr_DPSKPWR,0,H,8-HDRP,15,0,1500,Fail,3,330,,2.162
tx_pwr_DPSKPWR,1,L,8-HDRP,15,1,1500,Pass,3,330,,8.893
tx_pwr_DPSKPWR,1,M,8-HDRP,15,1,1500,Pass,3,330,,10.374
tx_pwr_DPSKPWR,1,H,8-HDRP,15,1,1500,Pass,3,330,,11.787
tx_pwr_DPSKPWR,2,L,8-HDRP,15,0,1500,Pass,3,330,,8.473
tx_pwr_DPSKPWR,2,M,8-HDRP,15,0,1500,Fail,3,330,,6.624
tx_pwr_DPSKPWR,2,H,8-HDRP,15,0,1500,Fail,3,330,,5.569
tx_pwr_DPSKPWR,4,L,8-HDRP,15,0,1500,Fail,3,330,,4.401
tx_pwr_DPSKPWR,4,M,8-HDRP,15,0,1500,Fail,3,330,,3.554
tx_pwr_DPSKPWR,4,H,8-HDRP,15,0,1500,Fail,3,330,,3.032
tx_pwr_DPSKPWR,5,L,8-HDRP,15,0,1500,Fail,3,330,,2.994
tx_pwr_DPSKPWR,5,M,8-HDRP,15,0,1500,Fail,3,330,,2.64
tx_pwr_DPSKPWR,5,H,8-HDRP,15,0,1500,Fail,3,330,,2.59
tx_pwr_DPSKPWR,6,L,8-HDRP,15,0,1500,Fail,3,330,,2.588
tx_pwr_DPSKPWR,6,M,8-HDRP,15,0,1500,Fail,3,330,,2.665
tx_pwr_DPSKPWR,6,H,8-HDRP,15,0,1500,Fail,3,330,,2.742
tx_pwr_DPSKPWR,7,L,8-HDRP,15,0,1500,Fail,3,330,,2.996
tx_pwr_DPSKPWR,7,M,8-HDRP,15,0,1500,Fail,3,330,,3.394
tx_pwr_DPSKPWR,7,H,8-HDRP,15,0,1500,Fail,3,330,,4.076
tx_pwr_avg,0,M,DH5,15,0,1200,Fail,1,0,,6.033
tx_pwr_avg,1,M,DH5,15,1,1200,Pass,1,0,,9.157
tx_pwr_avg,2,M,DH5,15,0,1200,Pass,1,0,,8.772
tx_pwr_avg,4,M,DH5,15,0,1200,Fail,1,0,,7.617
tx_pwr_avg,5,M,DH5,15,0,1200,Fail,1,0,,7.284
tx_pwr_avg,6,M,DH5,15,0,1200,Fail,1,0,,7.417
tx_pwr_avg,7,M,DH5,15,0,1200,Fail,1,0,,7.802
tx_pwr_DPSKPWR,0,M,8-DH5,15,0,1200,Fail,1,0,,3.487
tx_pwr_DPSKPWR,1,M,8-DH5,15,1,1200,Pass,1,0,,6.202
tx_pwr_DPSKPWR,2,M,8-DH5,15,0,1200,Pass,1,0,,5.818
tx_pwr_DPSKPWR,4,M,8-DH5,15,0,1200,Fail,1,0,,4.624
tx_pwr_DPSKPWR,5,M,8-DH5,15,0,1200,Fail,1,0,,4.306
tx_pwr_DPSKPWR,6,M,8-DH5,15,0,1200,Fail,1,0,,4.434
tx_pwr_DPSKPWR,7,M,8-DH5,15,0,1200,Fail,1,0,,4.828
tx_pwr_DPSKPWR,0,M,8-HDRP,15,0,1200,Fail,1,0,,3.217
tx_pwr_DPSKPWR,1,M,8-HDRP,15,1,1200,Pass,1,0,,5.858
tx_pwr_DPSKPWR,2,M,8-HDRP,15,0,1200,Pass,1,0,,5.47
tx_pwr_DPSKPWR,4,M,8-HDRP,15,0,1200,Fail,1,0,,4.273
tx_pwr_DPSKPWR,5,M,8-HDRP,15,0,1200,Fail,1,0,,3.948
tx_pwr_DPSKPWR,6,M,8-HDRP,15,0,1200,Fail,1,0,,4.081
tx_pwr_DPSKPWR,7,M,8-HDRP,15,0,1200,Fail,1,0,,4.48
tx_pwr_avg,0,M,DH5,15,0,1200,Fail,2,0,,4.008
tx_pwr_avg,1,M,DH5,15,1,1200,Pass,2,0,,12.318
tx_pwr_avg,2,M,DH5,15,0,1200,Fail,2,0,,7.139
tx_pwr_avg,4,M,DH5,15,0,1200,Fail,2,0,,5.091
tx_pwr_avg,5,M,DH5,15,0,1200,Fail,2,0,,4.736
tx_pwr_avg,6,M,DH5,15,0,1200,Fail,2,0,,5.158
tx_pwr_avg,7,M,DH5,15,0,1200,Fail,2,0,,6.095
tx_pwr_DPSKPWR,0,M,8-DH5,15,0,1200,Fail,2,0,,1.486
tx_pwr_DPSKPWR,1,M,8-DH5,15,1,1200,Pass,2,0,,9.4
tx_pwr_DPSKPWR,2,M,8-DH5,15,0,1200,Fail,2,0,,4.252
tx_pwr_DPSKPWR,4,M,8-DH5,15,0,1200,Fail,2,0,,2.163
tx_pwr_DPSKPWR,5,M,8-DH5,15,0,1200,Fail,2,0,,1.806
tx_pwr_DPSKPWR,6,M,8-DH5,15,0,1200,Fail,2,0,,2.153
tx_pwr_DPSKPWR,7,M,8-DH5,15,0,1200,Fail,2,0,,3.09
tx_pwr_DPSKPWR,0,M,8-HDRP,15,0,1200,Fail,2,0,,1.234
tx_pwr_DPSKPWR,1,M,8-HDRP,15,1,1200,Pass,2,0,,9.036
tx_pwr_DPSKPWR,2,M,8-HDRP,15,0,1200,Fail,2,0,,3.875
tx_pwr_DPSKPWR,4,M,8-HDRP,15,0,1200,Fail,2,0,,1.79
tx_pwr_DPSKPWR,5,M,8-HDRP,15,0,1200,Fail,2,0,,1.422
tx_pwr_DPSKPWR,6,M,8-HDRP,15,0,1200,Fail,2,0,,1.839
tx_pwr_DPSKPWR,7,M,8-HDRP,15,0,1200,Fail,2,0,,2.781
tx_pwr_avg,0,M,DH5,15,0,1200,Fail,2,30,,3.863
tx_pwr_avg,1,M,DH5,15,1,1200,Pass,2,30,,12.412
tx_pwr_avg,2,M,DH5,15,0,1200,Fail,2,30,,6.556
tx_pwr_avg,4,M,DH5,15,0,1200,Fail,2,30,,5.088
tx_pwr_avg,5,M,DH5,15,0,1200,Fail,2,30,,5.107
tx_pwr_avg,6,M,DH5,15,0,1200,Fail,2,30,,5.846
tx_pwr_avg,7,M,DH5,15,0,1200,Fail,2,30,,7.035
tx_pwr_DPSKPWR,0,M,8-DH5,15,0,1200,Fail,2,30,,1.348
tx_pwr_DPSKPWR,1,M,8-DH5,15,1,1200,Pass,2,30,,9.444
tx_pwr_DPSKPWR,2,M,8-DH5,15,0,1200,Fail,2,30,,3.61
tx_pwr_DPSKPWR,4,M,8-DH5,15,0,1200,Fail,2,30,,2.116
tx_pwr_DPSKPWR,5,M,8-DH5,15,0,1200,Fail,2,30,,2.14
tx_pwr_DPSKPWR,6,M,8-DH5,15,0,1200,Fail,2,30,,2.89
tx_pwr_DPSKPWR,7,M,8-DH5,15,0,1200,Fail,2,30,,4.077
tx_pwr_DPSKPWR,0,M,8-HDRP,15,0,1200,Fail,2,30,,1.082
tx_pwr_DPSKPWR,1,M,8-HDRP,15,1,1200,Pass,2,30,,9.132
tx_pwr_DPSKPWR,2,M,8-HDRP,15,0,1200,Fail,2,30,,3.27
tx_pwr_DPSKPWR,4,M,8-HDRP,15,0,1200,Fail,2,30,,1.764
tx_pwr_DPSKPWR,5,M,8-HDRP,15,0,1200,Fail,2,30,,1.788
tx_pwr_DPSKPWR,6,M,8-HDRP,15,0,1200,Fail,2,30,,2.526
tx_pwr_DPSKPWR,7,M,8-HDRP,15,0,1200,Fail,2,30,,3.734
tx_pwr_avg,0,M,DH5,15,0,1200,Fail,2,60,,4.038
tx_pwr_avg,1,M,DH5,15,1,1200,Pass,2,60,,11.198
tx_pwr_avg,2,M,DH5,15,0,1200,Fail,2,60,,6.394
tx_pwr_avg,4,M,DH5,15,0,1200,Fail,2,60,,5.565
tx_pwr_avg,5,M,DH5,15,0,1200,Fail,2,60,,5.956
tx_pwr_avg,6,M,DH5,15,0,1200,Fail,2,60,,7.1
tx_pwr_avg,7,M,DH5,15,0,1200,Pass,2,60,,8.446
tx_pwr_DPSKPWR,0,M,8-DH5,15,0,1200,Fail,2,60,,1.537
tx_pwr_DPSKPWR,1,M,8-DH5,15,1,1200,Pass,2,60,,8.311
tx_pwr_DPSKPWR,2,M,8-DH5,15,0,1200,Fail,2,60,,3.484
tx_pwr_DPSKPWR,4,M,8-DH5,15,0,1200,Fail,2,60,,2.625
tx_pwr_DPSKPWR,5,M,8-DH5,15,0,1200,Fail,2,60,,3.006
tx_pwr_DPSKPWR,6,M,8-DH5,15,0,1200,Fail,2,60,,4.155
tx_pwr_DPSKPWR,7,M,8-DH5,15,0,1200,Pass,2,60,,5.49
tx_pwr_DPSKPWR,0,M,8-HDRP,15,0,1200,Fail,2,60,,1.279
tx_pwr_DPSKPWR,1,M,8-HDRP,15,1,1200,Pass,2,60,,7.934
tx_pwr_DPSKPWR,2,M,8-HDRP,15,0,1200,Fail,2,60,,3.141
tx_pwr_DPSKPWR,4,M,8-HDRP,15,0,1200,Fail,2,60,,2.25
tx_pwr_DPSKPWR,5,M,8-HDRP,15,0,1200,Fail,2,60,,2.634
tx_pwr_DPSKPWR,6,M,8-HDRP,15,0,1200,Fail,2,60,,3.801
tx_pwr_DPSKPWR,7,M,8-HDRP,15,0,1200,Pass,2,60,,5.13
tx_pwr_avg,0,M,DH5,15,0,1200,Fail,2,90,,4.57
tx_pwr_avg,1,M,DH5,15,1,1200,Pass,2,90,,9.531
tx_pwr_avg,2,M,DH5,15,0,1200,Fail,2,90,,6.628
tx_pwr_avg,4,M,DH5,15,0,1200,Fail,2,90,,6.433
tx_pwr_avg,5,M,DH5,15,0,1200,Fail,2,90,,7.199
tx_pwr_avg,6,M,DH5,15,0,1200,Pass,2,90,,8.564
tx_pwr_avg,7,M,DH5,15,0,1200,Pass,2,90,,9.951
tx_pwr_DPSKPWR,0,M,8-DH5,15,0,1200,Fail,2,90,,2.037
tx_pwr_DPSKPWR,1,M,8-DH5,15,1,1200,Pass,2,90,,6.664
tx_pwr_DPSKPWR,2,M,8-DH5,15,0,1200,Fail,2,90,,3.702
tx_pwr_DPSKPWR,4,M,8-DH5,15,0,1200,Fail,2,90,,3.471
tx_pwr_DPSKPWR,5,M,8-DH5,15,0,1200,Fail,2,90,,4.244
tx_pwr_DPSKPWR,6,M,8-DH5,15,0,1200,Pass,2,90,,5.594
tx_pwr_DPSKPWR,7,M,8-DH5,15,0,1200,Pass,2,90,,6.993
tx_pwr_DPSKPWR,0,M,8-HDRP,15,0,1200,Fail,2,90,,1.765
tx_pwr_DPSKPWR,1,M,8-HDRP,15,1,1200,Pass,2,90,,6.334
tx_pwr_DPSKPWR,2,M,8-HDRP,15,0,1200,Fail,2,90,,3.351
tx_pwr_DPSKPWR,4,M,8-HDRP,15,0,1200,Fail,2,90,,3.098
tx_pwr_DPSKPWR,5,M,8-HDRP,15,0,1200,Fail,2,90,,3.872
tx_pwr_DPSKPWR,6,M,8-HDRP,15,0,1200,Pass,2,90,,5.241
tx_pwr_DPSKPWR,7,M,8-HDRP,15,0,1200,Pass,2,90,,6.612
tx_pwr_avg,0,M,DH5,15,0,1200,Fail,2,120,,5.584
tx_pwr_avg,1,M,DH5,15,1,1200,Pass,2,120,,8.353
tx_pwr_avg,2,M,DH5,15,0,1200,Fail,2,120,,7.488
tx_pwr_avg,4,M,DH5,15,0,1200,Fail,2,120,,7.79
tx_pwr_avg,5,M,DH5,15,0,1200,Pass,2,120,,8.919
tx_pwr_avg,6,M,DH5,15,0,1200,Pass,2,120,,10.235
tx_pwr_avg,7,M,DH5,15,0,1200,Pass,2,120,,11.249
tx_pwr_DPSKPWR,0,M,8-DH5,15,0,1200,Fail,2,120,,3.071
tx_pwr_DPSKPWR,1,M,8-DH5,15,1,1200,Pass,2,120,,5.455
tx_pwr_DPSKPWR,2,M,8-DH5,15,0,1200,Fail,2,120,,4.561
tx_pwr_DPSKPWR,4,M,8-DH5,15,0,1200,Fail,2,120,,4.884
tx_pwr_DPSKPWR,5,M,8-DH5,15,0,1200,Pass,2,120,,5.952
tx_pwr_DPSKPWR,6,M,8-DH5,15,0,1200,Pass,2,120,,7.285
tx_pwr_DPSKPWR,7,M,8-DH5,15,0,1200,Pass,2,120,,8.301
tx_pwr_DPSKPWR,0,M,8-HDRP,15,0,1200,Fail,2,120,,2.792
tx_pwr_DPSKPWR,1,M,8-HDRP,15,1,1200,Pass,2,120,,5.072
tx_pwr_DPSKPWR,2,M,8-HDRP,15,0,1200,Fail,2,120,,4.205
tx_pwr_DPSKPWR,4,M,8-HDRP,15,0,1200,Fail,2,120,,4.523
tx_pwr_DPSKPWR,5,M,8-HDRP,15,0,1200,Pass,2,120,,5.598
tx_pwr_DPSKPWR,6,M,8-HDRP,15,0,1200,Pass,2,120,,6.913
tx_pwr_DPSKPWR,7,M,8-HDRP,15,0,1200,Pass,2,120,,7.944
tx_pwr_avg,0,M,DH5,15,0,1200,Fail,2,150,,6.907
tx_pwr_avg,1,M,DH5,15,1,1200,Pass,2,150,,9.072
tx_pwr_avg,2,M,DH5,15,0,1200,Pass,2,150,,9.052
tx_pwr_avg,4,M,DH5,15,0,1200,Fail,2,150,,7.933
tx_pwr_avg,5,M,DH5,15,0,1200,Fail,2,150,,7.391
tx_pwr_avg,6,M,DH5,15,0,1200,Fail,2,150,,7.591
tx_pwr_avg,7,M,DH5,15,0,1200,Pass,2,150,,8.046
tx_pwr_DPSKPWR,0,M,8-DH5,15,0,1200,Fail,2,150,,4.4
tx_pwr_DPSKPWR,1,M,8-DH5,15,1,1200,Pass,2,150,,6.165
tx_pwr_DPSKPWR,2,M,8-DH5,15,0,1200,Pass,2,150,,6.156
tx_pwr_DPSKPWR,4,M,8-DH5,15,0,1200,Fail,2,150,,4.978
tx_pwr_DPSKPWR,5,M,8-DH5,15,0,1200,Fail,2,150,,4.448
tx_pwr_DPSKPWR,6,M,8-DH5,15,0,1200,Fail,2,150,,4.676
tx_pwr_DPSKPWR,7,M,8-DH5,15,0,1200,Pass,2,150,,5.146
tx_pwr_DPSKPWR,0,M,8-HDRP,15,0,1200,Fail,2,150,,4.132
tx_pwr_DPSKPWR,1,M,8-HDRP,15,1,1200,Pass,2,150,,5.841
tx_pwr_DPSKPWR,2,M,8-HDRP,15,0,1200,Pass,2,150,,5.845
tx_pwr_DPSKPWR,4,M,8-HDRP,15,0,1200,Fail,2,150,,4.696
tx_pwr_DPSKPWR,5,M,8-HDRP,15,0,1200,Fail,2,150,,4.156
tx_pwr_DPSKPWR,6,M,8-HDRP,15,0,1200,Fail,2,150,,4.293
tx_pwr_DPSKPWR,7,M,8-HDRP,15,0,1200,Fail,2,150,,4.763
tx_pwr_avg,0,M,DH5,15,0,1200,Pass,2,180,,8.524
tx_pwr_avg,1,M,DH5,15,1,1200,Fail,2,180,,7.038
tx_pwr_avg,2,M,DH5,15,0,1200,Pass,2,180,,10.309
tx_pwr_avg,4,M,DH5,15,0,1200,Pass,2,180,,11.083
tx_pwr_avg,5,M,DH5,15,0,1200,Pass,2,180,,11.103
tx_pwr_avg,6,M,DH5,15,0,1200,Pass,2,180,,10.523
tx_pwr_avg,7,M,DH5,15,0,1200,Pass,2,180,,9.656
tx_pwr_DPSKPWR,0,M,8-DH5,15,0,1200,Pass,2,180,,5.956
tx_pwr_DPSKPWR,1,M,8-DH5,15,1,1200,Fail,2,180,,4.112
tx_pwr_DPSKPWR,2,M,8-DH5,15,0,1200,Pass,2,180,,7.394
tx_pwr_DPSKPWR,4,M,8-DH5,15,0,1200,Pass,2,180,,8.136
tx_pwr_DPSKPWR,5,M,8-DH5,15,0,1200,Pass,2,180,,8.155
tx_pwr_DPSKPWR,6,M,8-DH5,15,0,1200,Pass,2,180,,7.566
tx_pwr_DPSKPWR,7,M,8-DH5,15,0,1200,Pass,2,180,,6.723
tx_pwr_DPSKPWR,0,M,8-HDRP,15,0,1200,Pass,2,180,,5.679
tx_pwr_DPSKPWR,1,M,8-HDRP,15,1,1200,Fail,2,180,,3.756
tx_pwr_DPSKPWR,2,M,8-HDRP,15,0,1200,Pass,2,180,,7.039
tx_pwr_DPSKPWR,4,M,8-HDRP,15,0,1200,Pass,2,180,,7.772
tx_pwr_DPSKPWR,5,M,8-HDRP,15,0,1200,Pass,2,180,,7.788
tx_pwr_DPSKPWR,6,M,8-HDRP,15,0,1200,Pass,2,180,,7.219
tx_pwr_DPSKPWR,7,M,8-HDRP,15,0,1200,Pass,2,180,,6.368
tx_pwr_avg,0,M,DH5,15,0,1200,Pass,2,210,,9.43
tx_pwr_avg,1,M,DH5,15,1,1200,Fail,2,210,,6.915
tx_pwr_avg,2,M,DH5,15,0,1200,Pass,2,210,,11.797
tx_pwr_avg,4,M,DH5,15,0,1200,Pass,2,210,,11.243
tx_pwr_avg,5,M,DH5,15,0,1200,Pass,2,210,,9.967
tx_pwr_avg,6,M,DH5,15,0,1200,Pass,2,210,,8.784
tx_pwr_avg,7,M,DH5,15,0,1200,Fail,2,210,,7.944
tx_pwr_DPSKPWR,0,M,8-DH5,15,0,1200,Pass,2,210,,6.848
tx_pwr_DPSKPWR,1,M,8-DH5,15,1,1200,Fail,2,210,,3.981
tx_pwr_DPSKPWR,2,M,8-DH5,15,0,1200,Pass,2,210,,8.894
tx_pwr_DPSKPWR,4,M,8-DH5,15,0,1200,Pass,2,210,,8.318
tx_pwr_DPSKPWR,5,M,8-DH5,15,0,1200,Pass,2,210,,7.024
tx_pwr_DPSKPWR,6,M,8-DH5,15,0,1200,Pass,2,210,,5.861
tx_pwr_DPSKPWR,7,M,8-DH5,15,0,1200,Fail,2,210,,5.032
tx_pwr_DPSKPWR,0,M,8-HDRP,15,0,1200,Pass,2,210,,6.577
tx_pwr_DPSKPWR,1,M,8-HDRP,15,1,1200,Fail,2,210,,3.644
tx_pwr_DPSKPWR,2,M,8-HDRP,15,0,1200,Pass,2,210,,8.545
tx_pwr_DPSKPWR,4,M,8-HDRP,15,0,1200,Pass,2,210,,7.966
tx_pwr_DPSKPWR,5,M,8-HDRP,15,0,1200,Pass,2,210,,6.653
tx_pwr_DPSKPWR,6,M,8-HDRP,15,0,1200,Pass,2,210,,5.518
tx_pwr_DPSKPWR,7,M,8-HDRP,15,0,1200,Fail,2,210,,4.678
tx_pwr_avg,0,M,DH5,15,0,1200,Pass,2,240,,8.882
tx_pwr_avg,1,M,DH5,15,1,1200,Fail,2,240,,7.314
tx_pwr_avg,2,M,DH5,15,0,1200,Pass,2,240,,12.312
tx_pwr_avg,4,M,DH5,15,0,1200,Pass,2,240,,9.97
tx_pwr_avg,5,M,DH5,15,0,1200,Pass,2,240,,8.274
tx_pwr_avg,6,M,DH5,15,0,1200,Fail,2,240,,7.185
tx_pwr_avg,7,M,DH5,15,0,1200,Fail,2,240,,6.658
tx_pwr_DPSKPWR,0,M,8-DH5,15,0,1200,Pass,2,240,,6.284
tx_pwr_DPSKPWR,1,M,8-DH5,15,1,1200,Fail,2,240,,4.351
tx_pwr_DPSKPWR,2,M,8-DH5,15,0,1200,Pass,2,240,,9.358
tx_pwr_DPSKPWR,4,M,8-DH5,15,0,1200,Pass,2,240,,6.968
tx_pwr_DPSKPWR,5,M,8-DH5,15,0,1200,Pass,2,240,,5.277
tx_pwr_DPSKPWR,6,M,8-DH5,15,0,1200,Fail,2,240,,4.209
tx_pwr_DPSKPWR,7,M,8-DH5,15,0,1200,Fail,2,240,,3.779
tx_pwr_DPSKPWR,0,M,8-HDRP,15,0,1200,Pass,2,240,,6.004
tx_pwr_DPSKPWR,1,M,8-HDRP,15,1,1200,Fail,2,240,,4.026
tx_pwr_DPSKPWR,2,M,8-HDRP,15,0,1200,Pass,2,240,,8.996
tx_pwr_DPSKPWR,4,M,8-HDRP,15,0,1200,Pass,2,240,,6.594
tx_pwr_DPSKPWR,5,M,8-HDRP,15,0,1200,Pass,2,240,,4.884
tx_pwr_DPSKPWR,6,M,8-HDRP,15,0,1200,Fail,2,240,,3.838
tx_pwr_DPSKPWR,7,M,8-HDRP,15,0,1200,Fail,2,240,,3.407
tx_pwr_avg,0,M,DH5,15,0,1200,Fail,2,270,,7.381
tx_pwr_avg,1,M,DH5,15,1,1200,Pass,2,270,,8.162
tx_pwr_avg,2,M,DH5,15,0,1200,Pass,2,270,,11.492
tx_pwr_avg,4,M,DH5,15,0,1200,Pass,2,270,,8.292
tx_pwr_avg,5,M,DH5,15,0,1200,Fail,2,270,,6.744
tx_pwr_avg,6,M,DH5,15,0,1200,Fail,2,270,,6.012
tx_pwr_avg,7,M,DH5,15,0,1200,Fail,2,270,,5.902
tx_pwr_DPSKPWR,0,M,8-DH5,15,0,1200,Fail,2,270,,4.819
tx_pwr_DPSKPWR,1,M,8-DH5,15,1,1200,Pass,2,270,,5.217
tx_pwr_DPSKPWR,2,M,8-DH5,15,0,1200,Pass,2,270,,8.555
tx_pwr_DPSKPWR,4,M,8-DH5,15,0,1200,Pass,2,270,,5.352
tx_pwr_DPSKPWR,5,M,8-DH5,15,0,1200,Fail,2,270,,3.802
tx_pwr_DPSKPWR,6,M,8-DH5,15,0,1200,Fail,2,270,,3.051
tx_pwr_DPSKPWR,7,M,8-DH5,15,0,1200,Fail,2,270,,2.96
tx_pwr_DPSKPWR,0,M,8-HDRP,15,0,1200,Fail,2,270,,4.542
tx_pwr_DPSKPWR,1,M,8-HDRP,15,1,1200,Pass,2,270,,4.881
tx_pwr_DPSKPWR,2,M,8-HDRP,15,0,1200,Pass,2,270,,8.22
tx_pwr_DPSKPWR,4,M,8-HDRP,15,0,1200,Pass,2,270,,5.016
tx_pwr_DPSKPWR,5,M,8-HDRP,15,0,1200,Fail,2,270,,3.47
tx_pwr_DPSKPWR,6,M,8-HDRP,15,0,1200,Fail,2,270,,2.717
tx_pwr_DPSKPWR,7,M,8-HDRP,15,0,1200,Fail,2,270,,2.624
tx_pwr_avg,0,M,DH5,15,0,1200,Fail,2,300,,5.854
tx_pwr_avg,1,M,DH5,15,1,1200,Pass,2,300,,9.428
tx_pwr_avg,2,M,DH5,15,0,1200,Pass,2,300,,9.842
tx_pwr_avg,4,M,DH5,15,0,1200,Fail,2,300,,6.777
tx_pwr_avg,5,M,DH5,15,0,1200,Fail,2,300,,5.663
tx_pwr_avg,6,M,DH5,15,0,1200,Fail,2,300,,5.27
tx_pwr_avg,7,M,DH5,15,0,1200,Fail,2,300,,5.567
tx_pwr_DPSKPWR,0,M,8-DH5,15,0,1200,Fail,2,300,,3.3
tx_pwr_DPSKPWR,1,M,8-DH5,15,1,1200,Pass,2,300,,6.449
tx_pwr_DPSKPWR,2,M,8-DH5,15,0,1200,Pass,2,300,,6.879
tx_pwr_DPSKPWR,4,M,8-DH5,15,0,1200,Fail,2,300,,3.784
tx_pwr_DPSKPWR,5,M,8-DH5,15,0,1200,Fail,2,300,,2.676
tx_pwr_DPSKPWR,6,M,8-DH5,15,0,1200,Fail,2,300,,2.315
tx_pwr_DPSKPWR,7,M,8-DH5,15,0,1200,Fail,2,300,,2.596
tx_pwr_DPSKPWR,0,M,8-HDRP,15,0,1200,Fail,2,300,,3.022
tx_pwr_DPSKPWR,1,M,8-HDRP,15,1,1200,Pass,2,300,,6.133
tx_pwr_DPSKPWR,2,M,8-HDRP,15,0,1200,Pass,2,300,,6.56
tx_pwr_DPSKPWR,4,M,8-HDRP,15,0,1200,Fail,2,300,,3.46
tx_pwr_DPSKPWR,5,M,8-HDRP,15,0,1200,Fail,2,300,,2.355
tx_pwr_DPSKPWR,6,M,8-HDRP,15,0,1200,Fail,2,300,,1.972
tx_pwr_DPSKPWR,7,M,8-HDRP,15,0,1200,Fail,2,300,,2.251
tx_pwr_avg,0,M,DH5,15,0,1200,Fail,2,330,,4.732
tx_pwr_avg,1,M,DH5,15,1,1200,Pass,2,330,,11.027
tx_pwr_avg,2,M,DH5,15,0,1200,Pass,2,330,,8.311
tx_pwr_avg,4,M,DH5,15,0,1200,Fail,2,330,,5.717
tx_pwr_avg,5,M,DH5,15,0,1200,Fail,2,330,,4.962
tx_pwr_avg,6,M,DH5,15,0,1200,Fail,2,330,,4.964
tx_pwr_avg,7,M,DH5,15,0,1200,Fail,2,330,,5.566
tx_pwr_DPSKPWR,0,M,8-DH5,15,0,1200,Fail,2,330,,2.194
tx_pwr_DPSKPWR,1,M,8-DH5,15,1,1200,Pass,2,330,,8.076
tx_pwr_DPSKPWR,2,M,8-DH5,15,0,1200,Pass,2,330,,5.34
tx_pwr_DPSKPWR,4,M,8-DH5,15,0,1200,Fail,2,330,,2.713
tx_pwr_DPSKPWR,5,M,8-DH5,15,0,1200,Fail,2,330,,1.966
tx_pwr_DPSKPWR,6,M,8-DH5,15,0,1200,Fail,2,330,,1.983
tx_pwr_DPSKPWR,7,M,8-DH5,15,0,1200,Fail,2,330,,2.595
tx_pwr_DPSKPWR,0,M,8-HDRP,15,0,1200,Fail,2,330,,1.922
tx_pwr_DPSKPWR,1,M,8-HDRP,15,1,1200,Pass,2,330,,7.767
tx_pwr_DPSKPWR,2,M,8-HDRP,15,0,1200,Pass,2,330,,5.03
tx_pwr_DPSKPWR,4,M,8-HDRP,15,0,1200,Fail,2,330,,2.417
tx_pwr_DPSKPWR,5,M,8-HDRP,15,0,1200,Fail,2,330,,1.65
tx_pwr_DPSKPWR,6,M,8-HDRP,15,0,1200,Fail,2,330,,1.665
tx_pwr_DPSKPWR,7,M,8-HDRP,15,0,1200,Fail,2,330,,2.284
tx_pwr_avg,0,M,DH5,15,0,1200,Fail,3,0,,3.185
tx_pwr_avg,1,M,DH5,15,1,1200,Pass,3,0,,14.462
tx_pwr_avg,2,M,DH5,15,0,1200,Fail,3,0,,6.362
tx_pwr_avg,4,M,DH5,15,0,1200,Fail,3,0,,4.052
tx_pwr_avg,5,M,DH5,15,0,1200,Fail,3,0,,3.708
tx_pwr_avg,6,M,DH5,15,0,1200,Fail,3,0,,4.167
tx_pwr_avg,7,M,DH5,15,0,1200,Fail,3,0,,5.28
tx_pwr_DPSKPWR,0,M,8-DH5,15,0,1200,Fail,3,0,,0.659
tx_pwr_DPSKPWR,1,M,8-DH5,15,1,1200,Pass,3,0,,11.533
tx_pwr_DPSKPWR,2,M,8-DH5,15,0,1200,Fail,3,0,,3.44
tx_pwr_DPSKPWR,4,M,8-DH5,15,0,1200,Fail,3,0,,1.112
tx_pwr_DPSKPWR,5,M,8-DH5,15,0,1200,Fail,3,0,,0.729
tx_pwr_DPSKPWR,6,M,8-DH5,15,0,1200,Fail,3,0,,1.19
tx_pwr_DPSKPWR,7,M,8-DH5,15,0,1200,Fail,3,0,,2.319
tx_pwr_DPSKPWR,0,M,8-HDRP,15,0,1200,Fail,3,0,,0.39
tx_pwr_DPSKPWR,1,M,8-HDRP,15,1,1200,Pass,3,0,,11.206
tx_pwr_DPSKPWR,2,M,8-HDRP,15,0,1200,Fail,3,0,,3.122
tx_pwr_DPSKPWR,4,M,8-HDRP,15,0,1200,Fail,3,0,,0.793
tx_pwr_DPSKPWR,5,M,8-HDRP,15,0,1200,Fail,3,0,,0.422
tx_pwr_DPSKPWR,6,M,8-HDRP,15,0,1200,Fail,3,0,,0.885
tx_pwr_DPSKPWR,7,M,8-HDRP,15,0,1200,Fail,3,0,,2.006
tx_pwr_avg,0,M,DH5,15,0,1200,Fail,3,30,,3.009
tx_pwr_avg,1,M,DH5,15,1,1200,Pass,3,30,,14.537
tx_pwr_avg,2,M,DH5,15,0,1200,Fail,3,30,,5.586
tx_pwr_avg,4,M,DH5,15,0,1200,Fail,3,30,,4.073
tx_pwr_avg,5,M,DH5,15,0,1200,Fail,3,30,,4.086
tx_pwr_avg,6,M,DH5,15,0,1200,Fail,3,30,,4.993
tx_pwr_avg,7,M,DH5,15,0,1200,Fail,3,30,,6.428
tx_pwr_DPSKPWR,0,M,8-DH5,15,0,1200,Fail,3,30,,0.498
tx_pwr_DPSKPWR,1,M,8-DH5,15,1,1200,Pass,3,30,,11.623
tx_pwr_DPSKPWR,2,M,8-DH5,15,0,1200,Fail,3,30,,2.652
tx_pwr_DPSKPWR,4,M,8-DH5,15,0,1200,Fail,3,30,,1.106
tx_pwr_DPSKPWR,5,M,8-DH5,15,0,1200,Fail,3,30,,1.114
tx_pwr_DPSKPWR,6,M,8-DH5,15,0,1200,Fail,3,30,,2.025
tx_pwr_DPSKPWR,7,M,8-DH5,15,0,1200,Fail,3,30,,3.478
tx_pwr_DPSKPWR,0,M,8-HDRP,15,0,1200,Fail,3,30,,0.238
tx_pwr_DPSKPWR,1,M,8-HDRP,15,1,1200,Pass,3,30,,11.309
tx_pwr_DPSKPWR,2,M,8-HDRP,15,0,1200,Fail,3,30,,2.338
tx_pwr_DPSKPWR,4,M,8-HDRP,15,0,1200,Fail,3,30,,0.773
tx_pwr_DPSKPWR,5,M,8-HDRP,15,0,1200,Fail,3,30,,0.788
tx_pwr_DPSKPWR,6,M,8-HDRP,15,0,1200,Fail,3,30,,1.707
tx_pwr_DPSKPWR,7,M,8-HDRP,15,0,1200,Fail,3,30,,3.15
tx_pwr_avg,0,M,DH5,15,0,1200,Fail,3,60,,3.231
tx_pwr_avg,1,M,DH5,15,1,1200,Pass,3,60,,12.109
tx_pwr_avg,2,M,DH5,15,0,1200,Fail,3,60,,5.351
tx_pwr_avg,4,M,DH5,15,0,1200,Fail,3,60,,4.536
tx_pwr_avg,5,M,DH5,15,0,1200,Fail,3,60,,5.037
tx_pwr_avg,6,M,DH5,15,0,1200,Fail,3,60,,6.429
tx_pwr_avg,7,M,DH5,15,0,1200,Pass,3,60,,8.169
tx_pwr_DPSKPWR,0,M,8-DH5,15,0,1200,Fail,3,60,,0.73
tx_pwr_DPSKPWR,1,M,8-DH5,15,1,1200,Pass,3,60,,9.176
tx_pwr_DPSKPWR,2,M,8-DH5,15,0,1200,Fail,3,60,,2.424
tx_pwr_DPSKPWR,4,M,8-DH5,15,0,1200,Fail,3,60,,1.6
tx_pwr_DPSKPWR,5,M,8-DH5,15,0,1200,Fail,3,60,,2.083
tx_pwr_DPSKPWR,6,M,8-DH5,15,0,1200,Fail,3,60,,3.481
tx_pwr_DPSKPWR,7,M,8-DH5,15,0,1200,Pass,3,60,,5.272
tx_pwr_DPSKPWR,0,M,8-HDRP,15,0,1200,Fail,3,60,,0.465
tx_pwr_DPSKPWR,1,M,8-HDRP,15,1,1200,Pass,3,60,,8.873
tx_pwr_DPSKPWR,2,M,8-HDRP,15,0,1200,Fail,3,60,,2.116
tx_pwr_DPSKPWR,4,M,8-HDRP,15,0,1200,Fail,3,60,,1.283
tx_pwr_DPSKPWR,5,M,8-HDRP,15,0,1200,Fail,3,60,,1.766
tx_pwr_DPSKPWR,6,M,8-HDRP,15,0,1200,Fail,3,60,,3.175
tx_pwr_DPSKPWR,7,M,8-HDRP,15,0,1200,Pass,3,60,,4.959
tx_pwr_avg,0,M,DH5,15,0,1200,Fail,3,90,,3.938
tx_pwr_avg,1,M,DH5,15,1,1200,Pass,3,90,,9.663
tx_pwr_avg,2,M,DH5,15,0,1200,Fail,3,90,,5.656
tx_pwr_avg,4,M,DH5,15,0,1200,Fail,3,90,,5.584
tx_pwr_avg,5,M,DH5,15,0,1200,Fail,3,90,,6.732
tx_pwr_avg,6,M,DH5,15,0,1200,Pass,3,90,,8.741
tx_pwr_avg,7,M,DH5,15,0,1200,Pass,3,90,,10.656
tx_pwr_DPSKPWR,0,M,8-DH5,15,0,1200,Fail,3,90,,1.43
tx_pwr_DPSKPWR,1,M,8-DH5,15,1,1200,Pass,3,90,,6.723
tx_pwr_DPSKPWR,2,M,8-DH5,15,0,1200,Fail,3,90,,2.708
tx_pwr_DPSKPWR,4,M,8-DH5,15,0,1200,Fail,3,90,,2.595
tx_pwr_DPSKPWR,5,M,8-DH5,15,0,1200,Fail,3,90,,3.761
tx_pwr_DPSKPWR,6,M,8-DH5,15,0,1200,Pass,3,90,,5.778
tx_pwr_DPSKPWR,7,M,8-DH5,15,0,1200,Pass,3,90,,7.75
tx_pwr_DPSKPWR,0,M,8-HDRP,15,0,1200,Fail,3,90,,1.162
tx_pwr_DPSKPWR,1,M,8-HDRP,15,1,1200,Pass,3,90,,6.405
tx_pwr_DPSKPWR,2,M,8-HDRP,15,0,1200,Fail,3,90,,2.374
tx_pwr_DPSKPWR,4,M,8-HDRP,15,0,1200,Fail,3,90,,2.27
tx_pwr_DPSKPWR,5,M,8-HDRP,15,0,1200,Fail,3,90,,3.408
tx_pwr_DPSKPWR,6,M,8-HDRP,15,0,1200,Pass,3,90,,5.395
tx_pwr_DPSKPWR,7,M,8-HDRP,15,0,1200,Pass,3,90,,7.337
tx_pwr_avg,0,M,DH5,15,0,1200,Fail,3,120,,5.085
tx_pwr_avg,1,M,DH5,15,1,1200,Fail,3,120,,7.896
tx_pwr_avg,2,M,DH5,15,0,1200,Fail,3,120,,6.533
tx_pwr_avg,4,M,DH5,15,0,1200,Fail,3,120,,7.385
tx_pwr_avg,5,M,DH5,15,0,1200,Pass,3,120,,9.089
tx_pwr_avg,6,M,DH5,15,0,1200,Pass,3,120,,11.504
tx_pwr_avg,7,M,DH5,15,0,1200,Pass,3,120,,13.287
tx_pwr_DPSKPWR,0,M,8-DH5,15,0,1200,Fail,3,120,,2.559
tx_pwr_DPSKPWR,1,M,8-DH5,15,1,1200,Fail,3,120,,4.921
tx_pwr_DPSKPWR,2,M,8-DH5,15,0,1200,Fail,3,120,,3.616
tx_pwr_DPSKPWR,4,M,8-DH5,15,0,1200,Fail,3,120,,4.412
tx_pwr_DPSKPWR,5,M,8-DH5,15,0,1200,Pass,3,120,,6.16
tx_pwr_DPSKPWR,6,M,8-DH5,15,0,1200,Pass,3,120,,8.553
tx_pwr_DPSKPWR,7,M,8-DH5,15,0,1200,Pass,3,120,,10.319
tx_pwr_DPSKPWR,0,M,8-HDRP,15,0,1200,Fail,3,120,,2.285
tx_pwr_DPSKPWR,1,M,8-HDRP,15,1,1200,Fail,3,120,,4.617
tx_pwr_DPSKPWR,2,M,8-HDRP,15,0,1200,Fail,3,120,,3.32
tx_pwr_DPSKPWR,4,M,8-HDRP,15,0,1200,Fail,3,120,,4.108
tx_pwr_DPSKPWR,5,M,8-HDRP,15,0,1200,Pass,3,120,,5.856
tx_pwr_DPSKPWR,6,M,8-HDRP,15,0,1200,Pass,3,120,,8.22
tx_pwr_DPSKPWR,7,M,8-HDRP,15,0,1200,Pass,3,120,,10.016
tx_pwr_avg,0,M,DH5,15,0,1200,Fail,3,150,,6.875
tx_pwr_avg,1,M,DH5,15,1,1200,Fail,3,150,,6.634
tx_pwr_avg,2,M,DH5,15,0,1200,Pass,3,150,,8.112
tx_pwr_avg,4,M,DH5,15,0,1200,Pass,3,150,,10.025
tx_pwr_avg,5,M,DH5,15,0,1200,Pass,3,150,,12.302
tx_pwr_avg,6,M,DH5,15,0,1200,Pass,3,150,,13.653
tx_pwr_avg,7,M,DH5,15,0,1200,Pass,3,150,,12.99
tx_pwr_DPSKPWR,0,M,8-DH5,15,0,1200,Fail,3,150,,4.376
tx_pwr_DPSKPWR,1,M,8-DH5,15,1,1200,Fail,3,150,,3.69
tx_pwr_DPSKPWR,2,M,8-DH5,15,0,1200,Pass,3,150,,5.193
tx_pwr_DPSKPWR,4,M,8-DH5,15,0,1200,Pass,3,150,,7.066
tx_pwr_DPSKPWR,5,M,8-DH5,15,0,1200,Pass,3,150,,9.311
tx_pwr_DPSKPWR,6,M,8-DH5,15,0,1200,Pass,3,150,,10.705
tx_pwr_DPSKPWR,7,M,8-DH5,15,0,1200,Pass,3,150,,10.05
tx_pwr_DPSKPWR,0,M,8-HDRP,15,0,1200,Fail,3,150,,4.108
tx_pwr_DPSKPWR,1,M,8-HDRP,15,1,1200,Fail,3,150,,3.362
tx_pwr_DPSKPWR,2,M,8-HDRP,15,0,1200,Fail,3,150,,4.869
tx_pwr_DPSKPWR,4,M,8-HDRP,15,0,1200,Pass,3,150,,6.73
tx_pwr_DPSKPWR,5,M,8-HDRP,15,0,1200,Pass,3,150,,9.007
tx_pwr_DPSKPWR,6,M,8-HDRP,15,0,1200,Pass,3,150,,10.374
tx_pwr_DPSKPWR,7,M,8-HDRP,15,0,1200,Pass,3,150,,9.722
tx_pwr_avg,0,M,DH5,15,0,1200,Pass,3,180,,9.616
tx_pwr_avg,1,M,DH5,15,1,1200,Fail,3,180,,6.122
tx_pwr_avg,2,M,DH5,15,0,1200,Pass,3,180,,10.661
tx_pwr_avg,4,M,DH5,15,0,1200,Pass,3,180,,13.174
tx_pwr_avg,5,M,DH5,15,0,1200,Pass,3,180,,13.716
tx_pwr_avg,6,M,DH5,15,0,1200,Pass,3,180,,12.327
tx_pwr_avg,7,M,DH5,15,0,1200,Pass,3,180,,10.312
tx_pwr_DPSKPWR,0,M,8-DH5,15,0,1200,Pass,3,180,,7.077
tx_pwr_DPSKPWR,1,M,8-DH5,15,1,1200,Fail,3,180,,3.218
tx_pwr_DPSKPWR,2,M,8-DH5,15,0,1200,Pass,3,180,,7.815
tx_pwr_DPSKPWR,4,M,8-DH5,15,0,1200,Pass,3,180,,10.267
tx_pwr_DPSKPWR,5,M,8-DH5,15,0,1200,Pass,3,180,,10.81
tx_pwr_DPSKPWR,6,M,8-DH5,15,0,1200,Pass,3,180,,9.394
tx_pwr_DPSKPWR,7,M,8-DH5,15,0,1200,Pass,3,180,,7.381
tx_pwr_DPSKPWR,0,M,8-HDRP,15,0,1200,Pass,3,180,,6.815
tx_pwr_DPSKPWR,1,M,8-HDRP,15,1,1200,Fail,3,180,,2.872
tx_pwr_DPSKPWR,2,M,8-HDRP,15,0,1200,Pass,3,180,,7.465
tx_pwr_DPSKPWR,4,M,8-HDRP,15,0,1200,Pass,3,180,,9.906
tx_pwr_DPSKPWR,5,M,8-HDRP,15,0,1200,Pass,3,180,,10.454
tx_pwr_DPSKPWR,6,M,8-HDRP,15,0,1200,Pass,3,180,,9.078
tx_pwr_DPSKPWR,7,M,8-HDRP,15,0,1200,Pass,3,180,,7.081
tx_pwr_avg,0,M,DH5,15,0,1200,Pass,3,210,,11.929
tx_pwr_avg,1,M,DH5,15,1,1200,Fail,3,210,,6.011
tx_pwr_avg,2,M,DH5,15,0,1200,Pass,3,210,,13.462
tx_pwr_avg,4,M,DH5,15,0,1200,Pass,3,210,,13.755
tx_pwr_avg,5,M,DH5,15,0,1200,Pass,3,210,,11.398
tx_pwr_avg,6,M,DH5,15,0,1200,Pass,3,210,,9.262
tx_pwr_avg,7,M,DH5,15,0,1200,Fail,3,210,,7.708
tx_pwr_DPSKPWR,0,M,8-DH5,15,0,1200,Pass,3,210,,9.298
tx_pwr_DPSKPWR,1,M,8-DH5,15,1,1200,Fail,3,210,,3.073
tx_pwr_DPSKPWR,2,M,8-DH5,15,0,1200,Pass,3,210,,10.56
tx_pwr_DPSKPWR,4,M,8-DH5,15,0,1200,Pass,3,210,,10.821
tx_pwr_DPSKPWR,5,M,8-DH5,15,0,1200,Pass,3,210,,8.431
tx_pwr_DPSKPWR,6,M,8-DH5,15,0,1200,Pass,3,210,,6.333
tx_pwr_DPSKPWR,7,M,8-DH5,15,0,1200,Fail,3,210,,4.769
tx_pwr_DPSKPWR,0,M,8-HDRP,15,0,1200,Pass,3,210,,9.016
tx_pwr_DPSKPWR,1,M,8-HDRP,15,1,1200,Fail,3,210,,2.738
tx_pwr_DPSKPWR,2,M,8-HDRP,15,0,1200,Pass,3,210,,10.233
tx_pwr_DPSKPWR,4,M,8-HDRP,15,0,1200,Pass,3,210,,10.504
tx_pwr_DPSKPWR,5,M,8-HDRP,15,0,1200,Pass,3,210,,8.102
tx_pwr_DPSKPWR,6,M,8-HDRP,15,0,1200,Pass,3,210,,5.994
tx_pwr_DPSKPWR,7,M,8-HDRP,15,0,1200,Fail,3,210,,4.424
tx_pwr_avg,0,M,DH5,15,0,1200,Pass,3,240,,10.584
tx_pwr_avg,1,M,DH5,15,1,1200,Fail,3,240,,6.397
tx_pwr_avg,2,M,DH5,15,0,1200,Pass,3,240,,14.705
tx_pwr_avg,4,M,DH5,15,0,1200,Pass,3,240,,11.189
tx_pwr_avg,5,M,DH5,15,0,1200,Pass,3,240,,8.409
tx_pwr_avg,6,M,DH5,15,0,1200,Fail,3,240,,6.901
tx_pwr_avg,7,M,DH5,15,0,1200,Fail,3,240,,6.069
tx_pwr_DPSKPWR,0,M,8-DH5,15,0,1200,Pass,3,240,,7.966
tx_pwr_DPSKPWR,1,M,8-DH5,15,1,1200,Fail,3,240,,3.442
tx_pwr_DPSKPWR,2,M,8-DH5,15,0,1200,Pass,3,240,,11.821
tx_pwr_DPSKPWR,4,M,8-DH5,15,0,1200,Pass,3,240,,8.062
tx_pwr_DPSKPWR,5,M,8-DH5,15,0,1200,Pass,3,240,,5.551
tx_pwr_DPSKPWR,6,M,8-DH5,15,0,1200,Fail,3,240,,3.909
tx_pwr_DPSKPWR,7,M,8-DH5,15,0,1200,Fail,3,240,,3.062
tx_pwr_DPSKPWR,0,M,8-HDRP,15,0,1200,Pass,3,240,,7.684
tx_pwr_DPSKPWR,1,M,8-HDRP,15,1,1200,Fail,3,240,,3.102
tx_pwr_DPSKPWR,2,M,8-HDRP,15,0,1200,Pass,3,240,,11.48
tx_pwr_DPSKPWR,4,M,8-HDRP,15,0,1200,Pass,3,240,,7.726
tx_pwr_DPSKPWR,5,M,8-HDRP,15,0,1200,Pass,3,240,,5.201
tx_pwr_DPSKPWR,6,M,8-HDRP,15,0,1200,Fail,3,240,,3.558
tx_pwr_DPSKPWR,7,M,8-HDRP,15,0,1200,Fail,3,240,,2.712
tx_pwr_avg,0,M,DH5,15,0,1200,Fail,3,270,,7.621
tx_pwr_avg,1,M,DH5,15,1,1200,Fail,3,270,,7.439
tx_pwr_avg,2,M,DH5,15,0,1200,Pass,3,270,,12.679
tx_pwr_avg,4,M,DH5,15,0,1200,Pass,3,270,,8.186
tx_pwr_avg,5,M,DH5,15,0,1200,Fail,3,270,,6.329
tx_pwr_avg,6,M,DH5,15,0,1200,Fail,3,270,,5.253
tx_pwr_avg,7,M,DH5,15,0,1200,Fail,3,270,,5.008
tx_pwr_DPSKPWR,0,M,8-DH5,15,0,1200,Fail,3,270,,5.051
tx_pwr_DPSKPWR,1,M,8-DH5,15,1,1200,Fail,3,270,,4.473
tx_pwr_DPSKPWR,2,M,8-DH5,15,0,1200,Pass,3,270,,9.877
tx_pwr_DPSKPWR,4,M,8-DH5,15,0,1200,Pass,3,270,,5.327
tx_pwr_DPSKPWR,5,M,8-DH5,15,0,1200,Fail,3,270,,3.384
tx_pwr_DPSKPWR,6,M,8-DH5,15,0,1200,Fail,3,270,,2.308
tx_pwr_DPSKPWR,7,M,8-DH5,15,0,1200,Fail,3,270,,2.082
tx_pwr_DPSKPWR,0,M,8-HDRP,15,0,1200,Fail,3,270,,4.764
tx_pwr_DPSKPWR,1,M,8-HDRP,15,1,1200,Fail,3,270,,4.158
tx_pwr_DPSKPWR,2,M,8-HDRP,15,0,1200,Pass,3,270,,9.543
tx_pwr_DPSKPWR,4,M,8-HDRP,15,0,1200,Pass,3,270,,4.926
tx_pwr_DPSKPWR,5,M,8-HDRP,15,0,1200,Fail,3,270,,3.023
tx_pwr_DPSKPWR,6,M,8-HDRP,15,0,1200,Fail,3,270,,1.951
tx_pwr_DPSKPWR,7,M,8-HDRP,15,0,1200,Fail,3,270,,1.713
tx_pwr_avg,0,M,DH5,15,0,1200,Fail,3,300,,5.397
tx_pwr_avg,1,M,DH5,15,1,1200,Pass,3,300,,9.198
tx_pwr_avg,2,M,DH5,15,0,1200,Pass,3,300,,10.109
tx_pwr_avg,4,M,DH5,15,0,1200,Fail,3,300,,6.219
tx_pwr_avg,5,M,DH5,15,0,1200,Fail,3,300,,4.84
tx_pwr_avg,6,M,DH5,15,0,1200,Fail,3,300,,4.315
tx_pwr_avg,7,M,DH5,15,0,1200,Fail,3,300,,4.582
tx_pwr_DPSKPWR,0,M,8-DH5,15,0,1200,Fail,3,300,,2.851
tx_pwr_DPSKPWR,1,M,8-DH5,15,1,1200,Pass,3,300,,6.235
tx_pwr_DPSKPWR,2,M,8-DH5,15,0,1200,Pass,3,300,,7.05
tx_pwr_DPSKPWR,4,M,8-DH5,15,0,1200,Fail,3,300,,3.236
tx_pwr_DPSKPWR,5,M,8-DH5,15,0,1200,Fail,3,300,,1.905
tx_pwr_DPSKPWR,6,M,8-DH5,15,0,1200,Fail,3,300,,1.415
tx_pwr_DPSKPWR,7,M,8-DH5,15,0,1200,Fail,3,300,,1.716
tx_pwr_DPSKPWR,0,M,8-HDRP,15,0,1200,Fail,3,300,,2.583
tx_pwr_DPSKPWR,1,M,8-HDRP,15,1,1200,Pass,3,300,,5.903
tx_pwr_DPSKPWR,2,M,8-HDRP,15,0,1200,Pass,3,300,,6.787
tx_pwr_DPSKPWR,4,M,8-HDRP,15,0,1200,Fail,3,300,,2.896
tx_pwr_DPSKPWR,5,M,8-HDRP,15,0,1200,Fail,3,300,,1.541
tx_pwr_DPSKPWR,6,M,8-HDRP,15,0,1200,Fail,3,300,,1.02
tx_pwr_DPSKPWR,7,M,8-HDRP,15,0,1200,Fail,3,300,,1.359
tx_pwr_avg,0,M,DH5,15,0,1200,Fail,3,330,,3.97
tx_pwr_avg,1,M,DH5,15,1,1200,Pass,3,330,,11.708
tx_pwr_avg,2,M,DH5,15,0,1200,Fail,3,330,,7.905
tx_pwr_avg,4,M,DH5,15,0,1200,Fail,3,330,,4.861
tx_pwr_avg,5,M,DH5,15,0,1200,Fail,3,330,,3.98
tx_pwr_avg,6,M,DH5,15,0,1200,Fail,3,330,,4.002
tx_pwr_avg,7,M,DH5,15,0,1200,Fail,3,330,,4.714
tx_pwr_DPSKPWR,0,M,8-DH5,15,0,1200,Fail,3,330,,1.452
tx_pwr_DPSKPWR,1,M,8-DH5,15,1,1200,Pass,3,330,,8.787
tx_pwr_DPSKPWR,2,M,8-DH5,15,0,1200,Fail,3,330,,4.958
tx_pwr_DPSKPWR,4,M,8-DH5,15,0,1200,Fail,3,330,,1.864
tx_pwr_DPSKPWR,5,M,8-DH5,15,0,1200,Fail,3,330,,1.01
tx_pwr_DPSKPWR,6,M,8-DH5,15,0,1200,Fail,3,330,,1.044
tx_pwr_DPSKPWR,7,M,8-DH5,15,0,1200,Fail,3,330,,1.763
tx_pwr_DPSKPWR,0,M,8-HDRP,15,0,1200,Fail,3,330,,1.186
tx_pwr_DPSKPWR,1,M,8-HDRP,15,1,1200,Pass,3,330,,8.454
tx_pwr_DPSKPWR,2,M,8-HDRP,15,0,1200,Fail,3,330,,4.648
tx_pwr_DPSKPWR,4,M,8-HDRP,15,0,1200,Fail,3,330,,1.523
tx_pwr_DPSKPWR,5,M,8-HDRP,15,0,1200,Fail,3,330,,0.678
tx_pwr_DPSKPWR,6,M,8-HDRP,15,0,1200,Fail,3,330,,0.703
tx_pwr_DPSKPWR,7,M,8-HDRP,15,0,1200,Fail,3,330,,1.424
tx_pwr_avg,0,M,DH5,15,0,730,Fail,1,0,,1.248
tx_pwr_avg,1,M,DH5,15,1,730,Pass,1,0,,4.363
tx_pwr_avg,2,M,DH5,15,0,730,Pass,1,0,,4.057
tx_pwr_avg,4,M,DH5,15,0,730,Pass,1,0,,2.878
tx_pwr_avg,5,M,DH5,15,0,730,Pass,1,0,,2.547
tx_pwr_avg,6,M,DH5,15,0,730,Pass,1,0,,2.666
tx_pwr_avg,7,M,DH5,15,0,730,Pass,1,0,,3.051
tx_pwr_DPSKPWR,0,M,8-DH5,15,0,730,Fail,1,0,,-1.709
tx_pwr_DPSKPWR,1,M,8-DH5,15,1,730,Pass,1,0,,1.401
tx_pwr_DPSKPWR,2,M,8-DH5,15,0,730,Pass,1,0,,1.233
tx_pwr_DPSKPWR,4,M,8-DH5,15,0,730,Pass,1,0,,-0.009
tx_pwr_DPSKPWR,5,M,8-DH5,15,0,730,Pass,1,0,,-0.374
tx_pwr_DPSKPWR,6,M,8-DH5,15,0,730,Pass,1,0,,-0.273
tx_pwr_DPSKPWR,7,M,8-DH5,15,0,730,Pass,1,0,,0.128
tx_pwr_DPSKPWR,0,M,8-HDRP,15,0,730,Fail,1,0,,-1.981
tx_pwr_DPSKPWR,1,M,8-HDRP,15,1,730,Pass,1,0,,1.091
tx_pwr_DPSKPWR,2,M,8-HDRP,15,0,730,Pass,1,0,,0.936
tx_pwr_DPSKPWR,4,M,8-HDRP,15,0,730,Pass,1,0,,-0.32
tx_pwr_DPSKPWR,5,M,8-HDRP,15,0,730,Pass,1,0,,-0.681
tx_pwr_DPSKPWR,6,M,8-HDRP,15,0,730,Pass,1,0,,-0.585
tx_pwr_DPSKPWR,7,M,8-HDRP,15,0,730,Pass,1,0,,-0.215
tx_pwr_avg,0,M,DH5,15,0,730,Fail,2,0,,-0.741
tx_pwr_avg,1,M,DH5,15,1,730,Pass,2,0,,7.531
tx_pwr_avg,2,M,DH5,15,0,730,Pass,2,0,,2.482
tx_pwr_avg,4,M,DH5,15,0,730,Fail,2,0,,0.399
tx_pwr_avg,5,M,DH5,15,0,730,Fail,2,0,,0.022
tx_pwr_avg,6,M,DH5,15,0,730,Fail,2,0,,0.425
tx_pwr_avg,7,M,DH5,15,0,730,Fail,2,0,,1.299
tx_pwr_DPSKPWR,0,M,8-DH5,15,0,730,Fail,2,0,,-3.678
tx_pwr_DPSKPWR,1,M,8-DH5,15,1,730,Pass,2,0,,4.571
tx_pwr_DPSKPWR,2,M,8-DH5,15,0,730,Pass,2,0,,-0.329
tx_pwr_DPSKPWR,4,M,8-DH5,15,0,730,Fail,2,0,,-2.459
tx_pwr_DPSKPWR,5,M,8-DH5,15,0,730,Fail,2,0,,-2.872
tx_pwr_DPSKPWR,6,M,8-DH5,15,0,730,Fail,2,0,,-2.493
tx_pwr_DPSKPWR,7,M,8-DH5,15,0,730,Fail,2,0,,-1.621
tx_pwr_DPSKPWR,0,M,8-HDRP,15,0,730,Fail,2,0,,-3.937
tx_pwr_DPSKPWR,1,M,8-HDRP,15,1,730,Pass,2,0,,4.297
tx_pwr_DPSKPWR,2,M,8-HDRP,15,0,730,Pass,2,0,,-0.672
tx_pwr_DPSKPWR,4,M,8-HDRP,15,0,730,Fail,2,0,,-2.799
tx_pwr_DPSKPWR,5,M,8-HDRP,15,0,730,Fail,2,0,,-3.213
tx_pwr_DPSKPWR,6,M,8-HDRP,15,0,730,Fail,2,0,,-2.846
tx_pwr_DPSKPWR,7,M,8-HDRP,15,0,730,Fail,2,0,,-1.972
tx_pwr_avg,0,M,DH5,15,0,730,Fail,2,30,,-0.907
tx_pwr_avg,1,M,DH5,15,1,730,Pass,2,30,,7.577
tx_pwr_avg,2,M,DH5,15,0,730,Fail,2,30,,1.84
tx_pwr_avg,4,M,DH5,15,0,730,Fail,2,30,,0.352
tx_pwr_avg,5,M,DH5,15,0,730,Fail,2,30,,0.362
tx_pwr_avg,6,M,DH5,15,0,730,Fail,2,30,,1.082
tx_pwr_avg,7,M,DH5,15,0,730,Pass,2,30,,2.265
tx_pwr_DPSKPWR,0,M,8-DH5,15,0,730,Fail,2,30,,-3.863
tx_pwr_DPSKPWR,1,M,8-DH5,15,1,730,Pass,2,30,,4.641
tx_pwr_DPSKPWR,2,M,8-DH5,15,0,730,Fail,2,30,,-0.937
tx_pwr_DPSKPWR,4,M,8-DH5,15,0,730,Fail,2,30,,-2.486
tx_pwr_DPSKPWR,5,M,8-DH5,15,0,730,Fail,2,30,,-2.514
tx_pwr_DPSKPWR,6,M,8-DH5,15,0,730,Fail,2,30,,-1.8
tx_pwr_DPSKPWR,7,M,8-DH5,15,0,730,Pass,2,30,,-0.638
tx_pwr_DPSKPWR,0,M,8-HDRP,15,0,730,Fail,2,30,,-4.121
tx_pwr_DPSKPWR,1,M,8-HDRP,15,1,730,Pass,2,30,,4.316
tx_pwr_DPSKPWR,2,M,8-HDRP,15,0,730,Fail,2,30,,-1.263
tx_pwr_DPSKPWR,4,M,8-HDRP,15,0,730,Fail,2,30,,-2.815
tx_pwr_DPSKPWR,5,M,8-HDRP,15,0,730,Fail,2,30,,-2.86
tx_pwr_DPSKPWR,6,M,8-HDRP,15,0,730,Fail,2,30,,-2.134
tx_pwr_DPSKPWR,7,M,8-HDRP,15,0,730,Pass,2,30,,-0.961
tx_pwr_avg,0,M,DH5,15,0,730,Fail,2,60,,-0.716
tx_pwr_avg,1,M,DH5,15,1,730,Pass,2,60,,6.378
tx_pwr_avg,2,M,DH5,15,0,730,Fail,2,60,,1.686
tx_pwr_avg,4,M,DH5,15,0,730,Fail,2,60,,0.838
tx_pwr_avg,5,M,DH5,15,0,730,Fail,2,60,,1.215
tx_pwr_avg,6,M,DH5,15,0,730,Pass,2,60,,2.365
tx_pwr_avg,7,M,DH5,15,0,730,Pass,2,60,,3.688
tx_pwr_DPSKPWR,0,M,8-DH5,15,0,730,Fail,2,60,,-3.669
tx_pwr_DPSKPWR,1,M,8-DH5,15,1,730,Pass,2,60,,3.424
tx_pwr_DPSKPWR,2,M,8-DH5,15,0,730,Fail,2,60,,-1.128
tx_pwr_DPSKPWR,4,M,8-DH5,15,0,730,Fail,2,60,,-2.033
tx_pwr_DPSKPWR,5,M,8-DH5,15,0,730,Fail,2,60,,-1.702
tx_pwr_DPSKPWR,6,M,8-DH5,15,0,730,Pass,2,60,,-0.601
tx_pwr_DPSKPWR,7,M,8-DH5,15,0,730,Pass,2,60,,0.707
tx_pwr_DPSKPWR,0,M,8-HDRP,15,0,730,Fail,2,60,,-3.928
tx_pwr_DPSKPWR,1,M,8-HDRP,15,1,730,Pass,2,60,,3.063
tx_pwr_DPSKPWR,2,M,8-HDRP,15,0,730,Fail,2,60,,-1.462
tx_pwr_DPSKPWR,4,M,8-HDRP,15,0,730,Fail,2,60,,-2.395
tx_pwr_DPSKPWR,5,M,8-HDRP,15,0,730,Fail,2,60,,-2.053
tx_pwr_DPSKPWR,6,M,8-HDRP,15,0,730,Pass,2,60,,-0.968
tx_pwr_DPSKPWR,7,M,8-HDRP,15,0,730,Pass,2,60,,0.418
tx_pwr_avg,0,M,DH5,15,0,730,Fail,2,90,,-0.208
tx_pwr_avg,1,M,DH5,15,1,730,Pass,2,90,,4.799
tx_pwr_avg,2,M,DH5,15,0,730,Fail,2,90,,1.931
tx_pwr_avg,4,M,DH5,15,0,730,Fail,2,90,,1.691
tx_pwr_avg,5,M,DH5,15,0,730,Pass,2,90,,2.464
tx_pwr_avg,6,M,DH5,15,0,730,Pass,2,90,,3.788
tx_pwr_avg,7,M,DH5,15,0,730,Pass,2,90,,5.174
tx_pwr_DPSKPWR,0,M,8-DH5,15,0,730,Fail,2,90,,-3.163
tx_pwr_DPSKPWR,1,M,8-DH5,15,1,730,Pass,2,90,,1.839
tx_pwr_DPSKPWR,2,M,8-DH5,15,0,730,Fail,2,90,,-0.887
tx_pwr_DPSKPWR,4,M,8-DH5,15,0,730,Fail,2,90,,-1.194
tx_pwr_DPSKPWR,5,M,8-DH5,15,0,730,Pass,2,90,,-0.464
tx_pwr_DPSKPWR,6,M,8-DH5,15,0,730,Pass,2,90,,0.827
tx_pwr_DPSKPWR,7,M,8-DH5,15,0,730,Pass,2,90,,2.225
tx_pwr_DPSKPWR,0,M,8-HDRP,15,0,730,Fail,2,90,,-3.426
tx_pwr_DPSKPWR,1,M,8-HDRP,15,1,730,Pass,2,90,,1.493
tx_pwr_DPSKPWR,2,M,8-HDRP,15,0,730,Fail,2,90,,-1.232
tx_pwr_DPSKPWR,4,M,8-HDRP,15,0,730,Fail,2,90,,-1.534
tx_pwr_DPSKPWR,5,M,8-HDRP,15,0,730,Pass,2,90,,-0.809
tx_pwr_DPSKPWR,6,M,8-HDRP,15,0,730,Pass,2,90,,0.483
tx_pwr_DPSKPWR,7,M,8-HDRP,15,0,730,Pass,2,90,,1.885
tx_pwr_avg,0,M,DH5,15,0,730,Fail,2,120,,0.807
tx_pwr_avg,1,M,DH5,15,1,730,Pass,2,120,,3.558
tx_pwr_avg,2,M,DH5,15,0,730,Pass,2,120,,2.77
tx_pwr_avg,4,M,DH5,15,0,730,Pass,2,120,,3.116
tx_pwr_avg,5,M,DH5,15,0,730,Pass,2,120,,4.179
tx_pwr_avg,6,M,DH5,15,0,730,Pass,2,120,,5.482
tx_pwr_avg,7,M,DH5,15,0,730,Pass,2,120,,6.494
tx_pwr_DPSKPWR,0,M,8-DH5,15,0,730,Fail,2,120,,-2.157
tx_pwr_DPSKPWR,1,M,8-DH5,15,1,730,Pass,2,120,,0.611
tx_pwr_DPSKPWR,2,M,8-DH5,15,0,730,Pass,2,120,,-0.004
tx_pwr_DPSKPWR,4,M,8-DH5,15,0,730,Pass,2,120,,0.263
tx_pwr_DPSKPWR,5,M,8-DH5,15,0,730,Pass,2,120,,1.293
tx_pwr_DPSKPWR,6,M,8-DH5,15,0,730,Pass,2,120,,2.539
tx_pwr_DPSKPWR,7,M,8-DH5,15,0,730,Pass,2,120,,3.539
tx_pwr_DPSKPWR,0,M,8-HDRP,15,0,730,Fail,2,120,,-2.426
tx_pwr_DPSKPWR,1,M,8-HDRP,15,1,730,Pass,2,120,,0.285
tx_pwr_DPSKPWR,2,M,8-HDRP,15,0,730,Pass,2,120,,-0.358
tx_pwr_DPSKPWR,4,M,8-HDRP,15,0,730,Pass,2,120,,-0.044
tx_pwr_DPSKPWR,5,M,8-HDRP,15,0,730,Pass,2,120,,0.974
tx_pwr_DPSKPWR,6,M,8-HDRP,15,0,730,Pass,2,120,,2.21
tx_pwr_DPSKPWR,7,M,8-HDRP,15,0,730,Pass,2,120,,3.24
tx_pwr_avg,0,M,DH5,15,0,730,Pass,2,150,,2.18
tx_pwr_avg,1,M,DH5,15,1,730,Pass,2,150,,4.305
tx_pwr_avg,2,M,DH5,15,0,730,Pass,2,150,,4.385
tx_pwr_avg,4,M,DH5,15,0,730,Pass,2,150,,3.237
tx_pwr_avg,5,M,DH5,15,0,730,Pass,2,150,,2.686
tx_pwr_avg,6,M,DH5,15,0,730,Pass,2,150,,2.871
tx_pwr_avg,7,M,DH5,15,0,730,Pass,2,150,,3.315
tx_pwr_DPSKPWR,0,M,8-DH5,15,0,730,Pass,2,150,,-0.773
tx_pwr_DPSKPWR,1,M,8-DH5,15,1,730,Pass,2,150,,1.38
tx_pwr_DPSKPWR,2,M,8-DH5,15,0,730,Pass,2,150,,1.614
tx_pwr_DPSKPWR,4,M,8-DH5,15,0,730,Pass,2,150,,0.367
tx_pwr_DPSKPWR,5,M,8-DH5,15,0,730,Pass,2,150,,-0.221
tx_pwr_DPSKPWR,6,M,8-DH5,15,0,730,Pass,2,150,,-0.067
tx_pwr_DPSKPWR,7,M,8-DH5,15,0,730,Pass,2,150,,0.364
tx_pwr_DPSKPWR,0,M,8-HDRP,15,0,730,Fail,2,150,,-1.029
tx_pwr_DPSKPWR,1,M,8-HDRP,15,1,730,Pass,2,150,,1.027
tx_pwr_DPSKPWR,2,M,8-HDRP,15,0,730,Pass,2,150,,1.262
tx_pwr_DPSKPWR,4,M,8-HDRP,15,0,730,Pass,2,150,,0.049
tx_pwr_DPSKPWR,5,M,8-HDRP,15,0,730,Pass,2,150,,-0.545
tx_pwr_DPSKPWR,6,M,8-HDRP,15,0,730,Pass,2,150,,-0.385
tx_pwr_DPSKPWR,7,M,8-HDRP,15,0,730,Pass,2,150,,0.052
tx_pwr_avg,0,M,DH5,15,0,730,Pass,2,180,,3.701
tx_pwr_avg,1,M,DH5,15,1,730,Pass,2,180,,2.214
tx_pwr_avg,2,M,DH5,15,0,730,Pass,2,180,,5.604
tx_pwr_avg,4,M,DH5,15,0,730,Pass,2,180,,6.363
tx_pwr_avg,5,M,DH5,15,0,730,Pass,2,180,,6.366
tx_pwr_avg,6,M,DH5,15,0,730,Pass,2,180,,5.782
tx_pwr_avg,7,M,DH5,15,0,730,Pass,2,180,,4.924
tx_pwr_DPSKPWR,0,M,8-DH5,15,0,730,Pass,2,180,,0.718
tx_pwr_DPSKPWR,1,M,8-DH5,15,1,730,Pass,2,180,,-0.749
tx_pwr_DPSKPWR,2,M,8-DH5,15,0,730,Pass,2,180,,2.795
tx_pwr_DPSKPWR,4,M,8-DH5,15,0,730,Pass,2,180,,3.47
tx_pwr_DPSKPWR,5,M,8-DH5,15,0,730,Pass,2,180,,3.437
tx_pwr_DPSKPWR,6,M,8-DH5,15,0,730,Pass,2,180,,2.824
tx_pwr_DPSKPWR,7,M,8-DH5,15,0,730,Pass,2,180,,1.95
tx_pwr_DPSKPWR,0,M,8-HDRP,15,0,730,Pass,2,180,,0.46
tx_pwr_DPSKPWR,1,M,8-HDRP,15,1,730,Pass,2,180,,-1.07
tx_pwr_DPSKPWR,2,M,8-HDRP,15,0,730,Pass,2,180,,2.491
tx_pwr_DPSKPWR,4,M,8-HDRP,15,0,730,Pass,2,180,,3.15
tx_pwr_DPSKPWR,5,M,8-HDRP,15,0,730,Pass,2,180,,3.106
tx_pwr_DPSKPWR,6,M,8-HDRP,15,0,730,Pass,2,180,,2.495
tx_pwr_DPSKPWR,7,M,8-HDRP,15,0,730,Pass,2,180,,1.629
tx_pwr_avg,0,M,DH5,15,0,730,Pass,2,210,,4.638
tx_pwr_avg,1,M,DH5,15,1,730,Pass,2,210,,2.105
tx_pwr_avg,2,M,DH5,15,0,730,Pass,2,210,,7.074
tx_pwr_avg,4,M,DH5,15,0,730,Pass,2,210,,6.515
tx_pwr_avg,5,M,DH5,15,0,730,Pass,2,210,,5.211
tx_pwr_avg,6,M,DH5,15,0,730,Pass,2,210,,4.044
tx_pwr_avg,7,M,DH5,15,0,730,Pass,2,210,,3.204
tx_pwr_DPSKPWR,0,M,8-DH5,15,0,730,Pass,2,210,,1.653
tx_pwr_DPSKPWR,1,M,8-DH5,15,1,730,Pass,2,210,,-0.882
tx_pwr_DPSKPWR,2,M,8-DH5,15,0,730,Pass,2,210,,4.236
tx_pwr_DPSKPWR,4,M,8-DH5,15,0,730,Pass,2,210,,3.623
tx_pwr_DPSKPWR,5,M,8-DH5,15,0,730,Pass,2,210,,2.283
tx_pwr_DPSKPWR,6,M,8-DH5,15,0,730,Pass,2,210,,1.083
tx_pwr_DPSKPWR,7,M,8-DH5,15,0,730,Pass,2,210,,0.229
tx_pwr_DPSKPWR,0,M,8-HDRP,15,0,730,Pass,2,210,,1.381
tx_pwr_DPSKPWR,1,M,8-HDRP,15,1,730,Fail,2,210,,-1.188
tx_pwr_DPSKPWR,2,M,8-HDRP,15,0,730,Pass,2,210,,3.943
tx_pwr_DPSKPWR,4,M,8-HDRP,15,0,730,Pass,2,210,,3.3
tx_pwr_DPSKPWR,5,M,8-HDRP,15,0,730,Pass,2,210,,1.969
tx_pwr_DPSKPWR,6,M,8-HDRP,15,0,730,Pass,2,210,,0.771
tx_pwr_DPSKPWR,7,M,8-HDRP,15,0,730,Pass,2,210,,-0.081
tx_pwr_avg,0,M,DH5,15,0,730,Pass,2,240,,4.067
tx_pwr_avg,1,M,DH5,15,1,730,Pass,2,240,,2.482
tx_pwr_avg,2,M,DH5,15,0,730,Pass,2,240,,7.587
tx_pwr_avg,4,M,DH5,15,0,730,Pass,2,240,,5.22
tx_pwr_avg,5,M,DH5,15,0,730,Pass,2,240,,3.455
tx_pwr_avg,6,M,DH5,15,0,730,Pass,2,240,,2.407
tx_pwr_avg,7,M,DH5,15,0,730,Fail,2,240,,1.944
tx_pwr_DPSKPWR,0,M,8-DH5,15,0,730,Pass,2,240,,1.111
tx_pwr_DPSKPWR,1,M,8-DH5,15,1,730,Pass,2,240,,-0.455
tx_pwr_DPSKPWR,2,M,8-DH5,15,0,730,Pass,2,240,,4.792
tx_pwr_DPSKPWR,4,M,8-DH5,15,0,730,Pass,2,240,,2.355
tx_pwr_DPSKPWR,5,M,8-DH5,15,0,730,Pass,2,240,,0.591
tx_pwr_DPSKPWR,6,M,8-DH5,15,0,730,Pass,2,240,,-0.494
tx_pwr_DPSKPWR,7,M,8-DH5,15,0,730,Fail,2,240,,-1.009
tx_pwr_DPSKPWR,0,M,8-HDRP,15,0,730,Pass,2,240,,0.849
tx_pwr_DPSKPWR,1,M,8-HDRP,15,1,730,Pass,2,240,,-0.767
tx_pwr_DPSKPWR,2,M,8-HDRP,15,0,730,Pass,2,240,,4.512
tx_pwr_DPSKPWR,4,M,8-HDRP,15,0,730,Pass,2,240,,2.1
tx_pwr_DPSKPWR,5,M,8-HDRP,15,0,730,Pass,2,240,,0.286
tx_pwr_DPSKPWR,6,M,8-HDRP,15,0,730,Pass,2,240,,-0.803
tx_pwr_DPSKPWR,7,M,8-HDRP,15,0,730,Fail,2,240,,-1.325
tx_pwr_avg,0,M,DH5,15,0,730,Pass,2,270,,2.573
tx_pwr_avg,1,M,DH5,15,1,730,Pass,2,270,,3.359
tx_pwr_avg,2,M,DH5,15,0,730,Pass,2,270,,6.774
tx_pwr_avg,4,M,DH5,15,0,730,Pass,2,270,,3.571
tx_pwr_avg,5,M,DH5,15,0,730,Pass,2,270,,2
tx_pwr_avg,6,M,DH5,15,0,730,Fail,2,270,,1.273
tx_pwr_avg,7,M,DH5,15,0,730,Fail,2,270,,1.141
tx_pwr_DPSKPWR,0,M,8-DH5,15,0,730,Pass,2,270,,-0.389
tx_pwr_DPSKPWR,1,M,8-DH5,15,1,730,Pass,2,270,,0.399
tx_pwr_DPSKPWR,2,M,8-DH5,15,0,730,Pass,2,270,,3.936
tx_pwr_DPSKPWR,4,M,8-DH5,15,0,730,Pass,2,270,,0.7
tx_pwr_DPSKPWR,5,M,8-DH5,15,0,730,Fail,2,270,,-0.913
tx_pwr_DPSKPWR,6,M,8-DH5,15,0,730,Fail,2,270,,-1.666
tx_pwr_DPSKPWR,7,M,8-DH5,15,0,730,Fail,2,270,,-1.809
tx_pwr_DPSKPWR,0,M,8-HDRP,15,0,730,Pass,2,270,,-0.664
tx_pwr_DPSKPWR,1,M,8-HDRP,15,1,730,Pass,2,270,,0.045
tx_pwr_DPSKPWR,2,M,8-HDRP,15,0,730,Pass,2,270,,3.606
tx_pwr_DPSKPWR,4,M,8-HDRP,15,0,730,Pass,2,270,,0.344
tx_pwr_DPSKPWR,5,M,8-HDRP,15,0,730,Fail,2,270,,-1.241
tx_pwr_DPSKPWR,6,M,8-HDRP,15,0,730,Fail,2,270,,-1.992
tx_pwr_DPSKPWR,7,M,8-HDRP,15,0,730,Fail,2,270,,-2.098
tx_pwr_avg,0,M,DH5,15,0,730,Fail,2,300,,1.045
tx_pwr_avg,1,M,DH5,15,1,730,Pass,2,300,,4.625
tx_pwr_avg,2,M,DH5,15,0,730,Pass,2,300,,5.106
tx_pwr_avg,4,M,DH5,15,0,730,Pass,2,300,,2.031
tx_pwr_avg,5,M,DH5,15,0,730,Fail,2,300,,0.911
tx_pwr_avg,6,M,DH5,15,0,730,Fail,2,300,,0.509
tx_pwr_avg,7,M,DH5,15,0,730,Fail,2,300,,0.807
tx_pwr_DPSKPWR,0,M,8-DH5,15,0,730,Fail,2,300,,-1.914
tx_pwr_DPSKPWR,1,M,8-DH5,15,1,730,Pass,2,300,,1.659
tx_pwr_DPSKPWR,2,M,8-DH5,15,0,730,Pass,2,300,,2.297
tx_pwr_DPSKPWR,4,M,8-DH5,15,0,730,Pass,2,300,,-0.823
tx_pwr_DPSKPWR,5,M,8-DH5,15,0,730,Fail,2,300,,-1.985
tx_pwr_DPSKPWR,6,M,8-DH5,15,0,730,Fail,2,300,,-2.397
tx_pwr_DPSKPWR,7,M,8-DH5,15,0,730,Fail,2,300,,-2.143
tx_pwr_DPSKPWR,0,M,8-HDRP,15,0,730,Fail,2,300,,-2.18
tx_pwr_DPSKPWR,1,M,8-HDRP,15,1,730,Pass,2,300,,1.34
tx_pwr_DPSKPWR,2,M,8-HDRP,15,0,730,Pass,2,300,,1.994
tx_pwr_DPSKPWR,4,M,8-HDRP,15,0,730,Fail,2,300,,-1.125
tx_pwr_DPSKPWR,5,M,8-HDRP,15,0,730,Fail,2,300,,-2.296
tx_pwr_DPSKPWR,6,M,8-HDRP,15,0,730,Fail,2,300,,-2.706
tx_pwr_DPSKPWR,7,M,8-HDRP,15,0,730,Fail,2,300,,-2.44
tx_pwr_avg,0,M,DH5,15,0,730,Fail,2,330,,-0.054
tx_pwr_avg,1,M,DH5,15,1,730,Pass,2,330,,6.242
tx_pwr_avg,2,M,DH5,15,0,730,Pass,2,330,,3.594
tx_pwr_avg,4,M,DH5,15,0,730,Fail,2,330,,0.991
tx_pwr_avg,5,M,DH5,15,0,730,Fail,2,330,,0.215
tx_pwr_avg,6,M,DH5,15,0,730,Fail,2,330,,0.218
tx_pwr_avg,7,M,DH5,15,0,730,Fail,2,330,,0.819
tx_pwr_DPSKPWR,0,M,8-DH5,15,0,730,Fail,2,330,,-3.006
tx_pwr_DPSKPWR,1,M,8-DH5,15,1,730,Pass,2,330,,3.29
tx_pwr_DPSKPWR,2,M,8-DH5,15,0,730,Pass,2,330,,0.761
tx_pwr_DPSKPWR,4,M,8-DH5,15,0,730,Fail,2,330,,-1.896
tx_pwr_DPSKPWR,5,M,8-DH5,15,0,730,Fail,2,330,,-2.707
tx_pwr_DPSKPWR,6,M,8-DH5,15,0,730,Fail,2,330,,-2.727
tx_pwr_DPSKPWR,7,M,8-DH5,15,0,730,Fail,2,330,,-2.204
tx_pwr_DPSKPWR,0,M,8-HDRP,15,0,730,Fail,2,330,,-3.275
tx_pwr_DPSKPWR,1,M,8-HDRP,15,1,730,Pass,2,330,,2.942
tx_pwr_DPSKPWR,2,M,8-HDRP,15,0,730,Pass,2,330,,0.418
tx_pwr_DPSKPWR,4,M,8-HDRP,15,0,730,Fail,2,330,,-2.208
tx_pwr_DPSKPWR,5,M,8-HDRP,15,0,730,Fail,2,330,,-3.017
tx_pwr_DPSKPWR,6,M,8-HDRP,15,0,730,Fail,2,330,,-3.037
tx_pwr_DPSKPWR,7,M,8-HDRP,15,0,730,Fail,2,330,,-2.45
tx_pwr_avg,0,M,DH5,15,0,730,Fail,3,0,,-1.576
tx_pwr_avg,1,M,DH5,15,1,730,Pass,3,0,,9.746
tx_pwr_avg,2,M,DH5,15,0,730,Fail,3,0,,1.734
tx_pwr_avg,4,M,DH5,15,0,730,Fail,3,0,,-0.59
tx_pwr_avg,5,M,DH5,15,0,730,Fail,3,0,,-0.967
tx_pwr_avg,6,M,DH5,15,0,730,Fail,3,0,,-0.522
tx_pwr_avg,7,M,DH5,15,0,730,Fail,3,0,,0.538
tx_pwr_DPSKPWR,0,M,8-DH5,15,0,730,Fail,3,0,,-4.525
tx_pwr_DPSKPWR,1,M,8-DH5,15,1,730,Pass,3,0,,6.79
tx_pwr_DPSKPWR,2,M,8-DH5,15,0,730,Fail,3,0,,-1.094
tx_pwr_DPSKPWR,4,M,8-DH5,15,0,730,Fail,3,0,,-3.483
tx_pwr_DPSKPWR,5,M,8-DH5,15,0,730,Fail,3,0,,-3.909
tx_pwr_DPSKPWR,6,M,8-DH5,15,0,730,Fail,3,0,,-3.485
tx_pwr_DPSKPWR,7,M,8-DH5,15,0,730,Fail,3,0,,-2.4
tx_pwr_DPSKPWR,0,M,8-HDRP,15,0,730,Fail,3,0,,-4.785
tx_pwr_DPSKPWR,1,M,8-HDRP,15,1,730,Pass,3,0,,6.439
tx_pwr_DPSKPWR,2,M,8-HDRP,15,0,730,Fail,3,0,,-1.406
tx_pwr_DPSKPWR,4,M,8-HDRP,15,0,730,Fail,3,0,,-3.795
tx_pwr_DPSKPWR,5,M,8-HDRP,15,0,730,Fail,3,0,,-4.21
tx_pwr_DPSKPWR,6,M,8-HDRP,15,0,730,Fail,3,0,,-3.78
tx_pwr_DPSKPWR,7,M,8-HDRP,15,0,730,Fail,3,0,,-2.702
tx_pwr_avg,0,M,DH5,15,0,730,Fail,3,30,,-1.746
tx_pwr_avg,1,M,DH5,15,1,730,Pass,3,30,,9.77
tx_pwr_avg,2,M,DH5,15,0,730,Fail,3,30,,0.938
tx_pwr_avg,4,M,DH5,15,0,730,Fail,3,30,,-0.625
tx_pwr_avg,5,M,DH5,15,0,730,Fail,3,30,,-0.658
tx_pwr_avg,6,M,DH5,15,0,730,Fail,3,30,,0.248
tx_pwr_avg,7,M,DH5,15,0,730,Fail,3,30,,1.674
tx_pwr_DPSKPWR,0,M,8-DH5,15,0,730,Fail,3,30,,-4.689
tx_pwr_DPSKPWR,1,M,8-DH5,15,1,730,Pass,3,30,,6.861
tx_pwr_DPSKPWR,2,M,8-DH5,15,0,730,Fail,3,30,,-1.877
tx_pwr_DPSKPWR,4,M,8-DH5,15,0,730,Fail,3,30,,-3.503
tx_pwr_DPSKPWR,5,M,8-DH5,15,0,730,Fail,3,30,,-3.536
tx_pwr_DPSKPWR,6,M,8-DH5,15,0,730,Fail,3,30,,-2.675
tx_pwr_DPSKPWR,7,M,8-DH5,15,0,730,Fail,3,30,,-1.251
tx_pwr_DPSKPWR,0,M,8-HDRP,15,0,730,Fail,3,30,,-4.947
tx_pwr_DPSKPWR,1,M,8-HDRP,15,1,730,Pass,3,30,,6.54
tx_pwr_DPSKPWR,2,M,8-HDRP,15,0,730,Fail,3,30,,-2.191
tx_pwr_DPSKPWR,4,M,8-HDRP,15,0,730,Fail,3,30,,-3.833
tx_pwr_DPSKPWR,5,M,8-HDRP,15,0,730,Fail,3,30,,-3.881
tx_pwr_DPSKPWR,6,M,8-HDRP,15,0,730,Fail,3,30,,-3.007
tx_pwr_DPSKPWR,7,M,8-HDRP,15,0,730,Fail,3,30,,-1.6
tx_pwr_avg,0,M,DH5,15,0,730,Fail,3,60,,-1.512
tx_pwr_avg,1,M,DH5,15,1,730,Pass,3,60,,7.329
tx_pwr_avg,2,M,DH5,15,0,730,Fail,3,60,,0.684
tx_pwr_avg,4,M,DH5,15,0,730,Fail,3,60,,-0.134
tx_pwr_avg,5,M,DH5,15,0,730,Fail,3,60,,0.336
tx_pwr_avg,6,M,DH5,15,0,730,Fail,3,60,,1.714
tx_pwr_avg,7,M,DH5,15,0,730,Pass,3,60,,3.485
tx_pwr_DPSKPWR,0,M,8-DH5,15,0,730,Fail,3,60,,-4.448
tx_pwr_DPSKPWR,1,M,8-DH5,15,1,730,Pass,3,60,,4.478
tx_pwr_DPSKPWR,2,M,8-DH5,15,0,730,Fail,3,60,,-2.06
tx_pwr_DPSKPWR,4,M,8-DH5,15,0,730,Fail,3,60,,-2.967
tx_pwr_DPSKPWR,5,M,8-DH5,15,0,730,Fail,3,60,,-2.539
tx_pwr_DPSKPWR,6,M,8-DH5,15,0,730,Fail,3,60,,-1.261
tx_pwr_DPSKPWR,7,M,8-DH5,15,0,730,Pass,3,60,,0.487
tx_pwr_DPSKPWR,0,M,8-HDRP,15,0,730,Fail,3,60,,-4.699
tx_pwr_DPSKPWR,1,M,8-HDRP,15,1,730,Pass,3,60,,4.099
tx_pwr_DPSKPWR,2,M,8-HDRP,15,0,730,Fail,3,60,,-2.427
tx_pwr_DPSKPWR,4,M,8-HDRP,15,0,730,Fail,3,60,,-3.346
tx_pwr_DPSKPWR,5,M,8-HDRP,15,0,730,Fail,3,60,,-2.92
tx_pwr_DPSKPWR,6,M,8-HDRP,15,0,730,Fail,3,60,,-1.572
tx_pwr_DPSKPWR,7,M,8-HDRP,15,0,730,Pass,3,60,,0.153
tx_pwr_avg,0,M,DH5,15,0,730,Fail,3,90,,-0.826
tx_pwr_avg,1,M,DH5,15,1,730,Pass,3,90,,4.825
tx_pwr_avg,2,M,DH5,15,0,730,Fail,3,90,,0.933
tx_pwr_avg,4,M,DH5,15,0,730,Fail,3,90,,0.835
tx_pwr_avg,5,M,DH5,15,0,730,Fail,3,90,,1.993
tx_pwr_avg,6,M,DH5,15,0,730,Pass,3,90,,3.952
tx_pwr_avg,7,M,DH5,15,0,730,Pass,3,90,,5.901
tx_pwr_DPSKPWR,0,M,8-DH5,15,0,730,Fail,3,90,,-3.78
tx_pwr_DPSKPWR,1,M,8-DH5,15,1,730,Pass,3,90,,1.867
tx_pwr_DPSKPWR,2,M,8-DH5,15,0,730,Fail,3,90,,-1.855
tx_pwr_DPSKPWR,4,M,8-DH5,15,0,730,Fail,3,90,,-2.012
tx_pwr_DPSKPWR,5,M,8-DH5,15,0,730,Fail,3,90,,-0.907
tx_pwr_DPSKPWR,6,M,8-DH5,15,0,730,Pass,3,90,,0.989
tx_pwr_DPSKPWR,7,M,8-DH5,15,0,730,Pass,3,90,,2.96
tx_pwr_DPSKPWR,0,M,8-HDRP,15,0,730,Fail,3,90,,-4.051
tx_pwr_DPSKPWR,1,M,8-HDRP,15,1,730,Pass,3,90,,1.545
tx_pwr_DPSKPWR,2,M,8-HDRP,15,0,730,Fail,3,90,,-2.168
tx_pwr_DPSKPWR,4,M,8-HDRP,15,0,730,Fail,3,90,,-2.322
tx_pwr_DPSKPWR,5,M,8-HDRP,15,0,730,Fail,3,90,,-1.238
tx_pwr_DPSKPWR,6,M,8-HDRP,15,0,730,Pass,3,90,,0.718
tx_pwr_DPSKPWR,7,M,8-HDRP,15,0,730,Pass,3,90,,2.639
tx_pwr_avg,0,M,DH5,15,0,730,Fail,3,120,,0.309
tx_pwr_avg,1,M,DH5,15,1,730,Pass,3,120,,3.077
tx_pwr_avg,2,M,DH5,15,0,730,Fail,3,120,,1.886
tx_pwr_avg,4,M,DH5,15,0,730,Pass,3,120,,2.693
tx_pwr_avg,5,M,DH5,15,0,730,Pass,3,120,,4.438
tx_pwr_avg,6,M,DH5,15,0,730,Pass,3,120,,6.787
tx_pwr_avg,7,M,DH5,15,0,730,Pass,3,120,,8.566
tx_pwr_DPSKPWR,0,M,8-DH5,15,0,730,Fail,3,120,,-2.636
tx_pwr_DPSKPWR,1,M,8-DH5,15,1,730,Pass,3,120,,0.134
tx_pwr_DPSKPWR,2,M,8-DH5,15,0,730,Fail,3,120,,-0.889
tx_pwr_DPSKPWR,4,M,8-DH5,15,0,730,Pass,3,120,,-0.147
tx_pwr_DPSKPWR,5,M,8-DH5,15,0,730,Pass,3,120,,1.495
tx_pwr_DPSKPWR,6,M,8-DH5,15,0,730,Pass,3,120,,3.926
tx_pwr_DPSKPWR,7,M,8-DH5,15,0,730,Pass,3,120,,5.652
tx_pwr_DPSKPWR,0,M,8-HDRP,15,0,730,Fail,3,120,,-2.9
tx_pwr_DPSKPWR,1,M,8-HDRP,15,1,730,Pass,3,120,,-0.204
tx_pwr_DPSKPWR,2,M,8-HDRP,15,0,730,Fail,3,120,,-1.214
tx_pwr_DPSKPWR,4,M,8-HDRP,15,0,730,Pass,3,120,,-0.486
tx_pwr_DPSKPWR,5,M,8-HDRP,15,0,730,Pass,3,120,,1.209
tx_pwr_DPSKPWR,6,M,8-HDRP,15,0,730,Pass,3,120,,3.567
tx_pwr_DPSKPWR,7,M,8-HDRP,15,0,730,Pass,3,120,,5.308
tx_pwr_avg,0,M,DH5,15,0,730,Pass,3,150,,2.143
tx_pwr_avg,1,M,DH5,15,1,730,Fail,3,150,,1.828
tx_pwr_avg,2,M,DH5,15,0,730,Pass,3,150,,3.429
tx_pwr_avg,4,M,DH5,15,0,730,Pass,3,150,,5.315
tx_pwr_avg,5,M,DH5,15,0,730,Pass,3,150,,7.591
tx_pwr_avg,6,M,DH5,15,0,730,Pass,3,150,,8.934
tx_pwr_avg,7,M,DH5,15,0,730,Pass,3,150,,8.261
tx_pwr_DPSKPWR,0,M,8-DH5,15,0,730,Pass,3,150,,-0.805
tx_pwr_DPSKPWR,1,M,8-DH5,15,1,730,Fail,3,150,,-1.113
tx_pwr_DPSKPWR,2,M,8-DH5,15,0,730,Pass,3,150,,0.678
tx_pwr_DPSKPWR,4,M,8-DH5,15,0,730,Pass,3,150,,2.504
tx_pwr_DPSKPWR,5,M,8-DH5,15,0,730,Pass,3,150,,4.711
tx_pwr_DPSKPWR,6,M,8-DH5,15,0,730,Pass,3,150,,6.069
tx_pwr_DPSKPWR,7,M,8-DH5,15,0,730,Pass,3,150,,5.37
tx_pwr_DPSKPWR,0,M,8-HDRP,15,0,730,Fail,3,150,,-1.062
tx_pwr_DPSKPWR,1,M,8-HDRP,15,1,730,Fail,3,150,,-1.422
tx_pwr_DPSKPWR,2,M,8-HDRP,15,0,730,Pass,3,150,,0.378
tx_pwr_DPSKPWR,4,M,8-HDRP,15,0,730,Pass,3,150,,2.204
tx_pwr_DPSKPWR,5,M,8-HDRP,15,0,730,Pass,3,150,,4.414
tx_pwr_DPSKPWR,6,M,8-HDRP,15,0,730,Pass,3,150,,5.779
tx_pwr_DPSKPWR,7,M,8-HDRP,15,0,730,Pass,3,150,,5.079
tx_pwr_avg,0,M,DH5,15,0,730,Pass,3,180,,4.853
tx_pwr_avg,1,M,DH5,15,1,730,Fail,3,180,,1.363
tx_pwr_avg,2,M,DH5,15,0,730,Pass,3,180,,6.022
tx_pwr_avg,4,M,DH5,15,0,730,Pass,3,180,,8.48
tx_pwr_avg,5,M,DH5,15,0,730,Pass,3,180,,9.02
tx_pwr_avg,6,M,DH5,15,0,730,Pass,3,180,,7.629
tx_pwr_avg,7,M,DH5,15,0,730,Pass,3,180,,5.618
tx_pwr_DPSKPWR,0,M,8-DH5,15,0,730,Pass,3,180,,1.888
tx_pwr_DPSKPWR,1,M,8-DH5,15,1,730,Fail,3,180,,-1.624
tx_pwr_DPSKPWR,2,M,8-DH5,15,0,730,Pass,3,180,,3.214
tx_pwr_DPSKPWR,4,M,8-DH5,15,0,730,Pass,3,180,,5.598
tx_pwr_DPSKPWR,5,M,8-DH5,15,0,730,Pass,3,180,,6.085
tx_pwr_DPSKPWR,6,M,8-DH5,15,0,730,Pass,3,180,,4.666
tx_pwr_DPSKPWR,7,M,8-DH5,15,0,730,Pass,3,180,,2.652
tx_pwr_DPSKPWR,0,M,8-HDRP,15,0,730,Pass,3,180,,1.608
tx_pwr_DPSKPWR,1,M,8-HDRP,15,1,730,Fail,3,180,,-1.948
tx_pwr_DPSKPWR,2,M,8-HDRP,15,0,730,Pass,3,180,,2.9
tx_pwr_DPSKPWR,4,M,8-HDRP,15,0,730,Pass,3,180,,5.265
tx_pwr_DPSKPWR,5,M,8-HDRP,15,0,730,Pass,3,180,,5.755
tx_pwr_DPSKPWR,6,M,8-HDRP,15,0,730,Pass,3,180,,4.329
tx_pwr_DPSKPWR,7,M,8-HDRP,15,0,730,Pass,3,180,,2.321
tx_pwr_avg,0,M,DH5,15,0,730,Pass,3,210,,7.098
tx_pwr_avg,1,M,DH5,15,1,730,Fail,3,210,,1.202
tx_pwr_avg,2,M,DH5,15,0,730,Pass,3,210,,8.74
tx_pwr_avg,4,M,DH5,15,0,730,Pass,3,210,,9.021
tx_pwr_avg,5,M,DH5,15,0,730,Pass,3,210,,6.65
tx_pwr_avg,6,M,DH5,15,0,730,Pass,3,210,,4.522
tx_pwr_avg,7,M,DH5,15,0,730,Pass,3,210,,2.945
tx_pwr_DPSKPWR,0,M,8-DH5,15,0,730,Pass,3,210,,4.095
tx_pwr_DPSKPWR,1,M,8-DH5,15,1,730,Fail,3,210,,-1.74
tx_pwr_DPSKPWR,2,M,8-DH5,15,0,730,Pass,3,210,,5.947
tx_pwr_DPSKPWR,4,M,8-DH5,15,0,730,Pass,3,210,,6.134
tx_pwr_DPSKPWR,5,M,8-DH5,15,0,730,Pass,3,210,,3.753
tx_pwr_DPSKPWR,6,M,8-DH5,15,0,730,Pass,3,210,,1.617
tx_pwr_DPSKPWR,7,M,8-DH5,15,0,730,Pass,3,210,,0.021
tx_pwr_DPSKPWR,0,M,8-HDRP,15,0,730,Pass,3,210,,3.825
tx_pwr_DPSKPWR,1,M,8-HDRP,15,1,730,Fail,3,210,,-2.085
tx_pwr_DPSKPWR,2,M,8-HDRP,15,0,730,Pass,3,210,,5.632
tx_pwr_DPSKPWR,4,M,8-HDRP,15,0,730,Pass,3,210,,5.792
tx_pwr_DPSKPWR,5,M,8-HDRP,15,0,730,Pass,3,210,,3.425
tx_pwr_DPSKPWR,6,M,8-HDRP,15,0,730,Pass,3,210,,1.275
tx_pwr_DPSKPWR,7,M,8-HDRP,15,0,730,Pass,3,210,,-0.307
tx_pwr_avg,0,M,DH5,15,0,730,Pass,3,240,,5.749
tx_pwr_avg,1,M,DH5,15,1,730,Fail,3,240,,1.568
tx_pwr_avg,2,M,DH5,15,0,730,Pass,3,240,,9.992
tx_pwr_avg,4,M,DH5,15,0,730,Pass,3,240,,6.353
tx_pwr_avg,5,M,DH5,15,0,730,Pass,3,240,,3.747
tx_pwr_avg,6,M,DH5,15,0,730,Pass,3,240,,2.1
tx_pwr_avg,7,M,DH5,15,0,730,Fail,3,240,,1.236
tx_pwr_DPSKPWR,0,M,8-DH5,15,0,730,Pass,3,240,,2.764
tx_pwr_DPSKPWR,1,M,8-DH5,15,1,730,Fail,3,240,,-1.401
tx_pwr_DPSKPWR,2,M,8-DH5,15,0,730,Pass,3,240,,7.126
tx_pwr_DPSKPWR,4,M,8-DH5,15,0,730,Pass,3,240,,3.39
tx_pwr_DPSKPWR,5,M,8-DH5,15,0,730,Pass,3,240,,0.826
tx_pwr_DPSKPWR,6,M,8-DH5,15,0,730,Pass,3,240,,-0.839
tx_pwr_DPSKPWR,7,M,8-DH5,15,0,730,Fail,3,240,,-1.704
tx_pwr_DPSKPWR,0,M,8-HDRP,15,0,730,Pass,3,240,,2.489
tx_pwr_DPSKPWR,1,M,8-HDRP,15,1,730,Fail,3,240,,-1.705
tx_pwr_DPSKPWR,2,M,8-HDRP,15,0,730,Pass,3,240,,6.838
tx_pwr_DPSKPWR,4,M,8-HDRP,15,0,730,Pass,3,240,,3.11
tx_pwr_DPSKPWR,5,M,8-HDRP,15,0,730,Pass,3,240,,0.528
tx_pwr_DPSKPWR,6,M,8-HDRP,15,0,730,Pass,3,240,,-1.121
tx_pwr_DPSKPWR,7,M,8-HDRP,15,0,730,Fail,3,240,,-1.993
tx_pwr_avg,0,M,DH5,15,0,730,Pass,3,270,,2.801
tx_pwr_avg,1,M,DH5,15,1,730,Pass,3,270,,2.626
tx_pwr_avg,2,M,DH5,15,0,730,Pass,3,270,,8.103
tx_pwr_avg,4,M,DH5,15,0,730,Pass,3,270,,3.495
tx_pwr_avg,5,M,DH5,15,0,730,Fail,3,270,,1.567
tx_pwr_avg,6,M,DH5,15,0,730,Fail,3,270,,0.493
tx_pwr_avg,7,M,DH5,15,0,730,Fail,3,270,,0.238
tx_pwr_DPSKPWR,0,M,8-DH5,15,0,730,Pass,3,270,,-0.167
tx_pwr_DPSKPWR,1,M,8-DH5,15,1,730,Pass,3,270,,-0.335
tx_pwr_DPSKPWR,2,M,8-DH5,15,0,730,Pass,3,270,,5.221
tx_pwr_DPSKPWR,4,M,8-DH5,15,0,730,Pass,3,270,,0.539
tx_pwr_DPSKPWR,5,M,8-DH5,15,0,730,Fail,3,270,,-1.344
tx_pwr_DPSKPWR,6,M,8-DH5,15,0,730,Fail,3,270,,-2.438
tx_pwr_DPSKPWR,7,M,8-DH5,15,0,730,Fail,3,270,,-2.69
tx_pwr_DPSKPWR,0,M,8-HDRP,15,0,730,Pass,3,270,,-0.42
tx_pwr_DPSKPWR,1,M,8-HDRP,15,1,730,Pass,3,270,,-0.637
tx_pwr_DPSKPWR,2,M,8-HDRP,15,0,730,Pass,3,270,,4.922
tx_pwr_DPSKPWR,4,M,8-HDRP,15,0,730,Pass,3,270,,0.291
tx_pwr_DPSKPWR,5,M,8-HDRP,15,0,730,Fail,3,270,,-1.634
tx_pwr_DPSKPWR,6,M,8-HDRP,15,0,730,Fail,3,270,,-2.726
tx_pwr_DPSKPWR,7,M,8-HDRP,15,0,730,Fail,3,270,,-2.996
tx_pwr_avg,0,M,DH5,15,0,730,Fail,3,300,,0.596
tx_pwr_avg,1,M,DH5,15,1,730,Pass,3,300,,4.408
tx_pwr_avg,2,M,DH5,15,0,730,Pass,3,300,,5.371
tx_pwr_avg,4,M,DH5,15,0,730,Fail,3,300,,1.467
tx_pwr_avg,5,M,DH5,15,0,730,Fail,3,300,,0.131
tx_pwr_avg,6,M,DH5,15,0,730,Fail,3,300,,-0.412
tx_pwr_avg,7,M,DH5,15,0,730,Fail,3,300,,-0.121
tx_pwr_DPSKPWR,0,M,8-DH5,15,0,730,Fail,3,300,,-2.374
tx_pwr_DPSKPWR,1,M,8-DH5,15,1,730,Pass,3,300,,1.456
tx_pwr_DPSKPWR,2,M,8-DH5,15,0,730,Pass,3,300,,2.541
tx_pwr_DPSKPWR,4,M,8-DH5,15,0,730,Fail,3,300,,-1.421
tx_pwr_DPSKPWR,5,M,8-DH5,15,0,730,Fail,3,300,,-2.821
tx_pwr_DPSKPWR,6,M,8-DH5,15,0,730,Fail,3,300,,-3.37
tx_pwr_DPSKPWR,7,M,8-DH5,15,0,730,Fail,3,300,,-3.102
tx_pwr_DPSKPWR,0,M,8-HDRP,15,0,730,Fail,3,300,,-2.646
tx_pwr_DPSKPWR,1,M,8-HDRP,15,1,730,Pass,3,300,,1.065
tx_pwr_DPSKPWR,2,M,8-HDRP,15,0,730,Pass,3,300,,2.229
tx_pwr_DPSKPWR,4,M,8-HDRP,15,0,730,Fail,3,300,,-1.715
tx_pwr_DPSKPWR,5,M,8-HDRP,15,0,730,Fail,3,300,,-3.138
tx_pwr_DPSKPWR,6,M,8-HDRP,15,0,730,Fail,3,300,,-3.693
tx_pwr_DPSKPWR,7,M,8-HDRP,15,0,730,Fail,3,300,,-3.441
tx_pwr_avg,0,M,DH5,15,0,730,Fail,3,330,,-0.787
tx_pwr_avg,1,M,DH5,15,1,730,Pass,3,330,,6.922
tx_pwr_avg,2,M,DH5,15,0,730,Pass,3,330,,3.197
tx_pwr_avg,4,M,DH5,15,0,730,Fail,3,330,,0.071
tx_pwr_avg,5,M,DH5,15,0,730,Fail,3,330,,-0.772
tx_pwr_avg,6,M,DH5,15,0,730,Fail,3,330,,-0.764
tx_pwr_avg,7,M,DH5,15,0,730,Fail,3,330,,-0.058
tx_pwr_DPSKPWR,0,M,8-DH5,15,0,730,Fail,3,330,,-3.733
tx_pwr_DPSKPWR,1,M,8-DH5,15,1,730,Pass,3,330,,4.022
tx_pwr_DPSKPWR,2,M,8-DH5,15,0,730,Pass,3,330,,0.42
tx_pwr_DPSKPWR,4,M,8-DH5,15,0,730,Fail,3,330,,-2.765
tx_pwr_DPSKPWR,5,M,8-DH5,15,0,730,Fail,3,330,,-3.647
tx_pwr_DPSKPWR,6,M,8-DH5,15,0,730,Fail,3,330,,-3.671
tx_pwr_DPSKPWR,7,M,8-DH5,15,0,730,Fail,3,330,,-2.975
tx_pwr_DPSKPWR,0,M,8-HDRP,15,0,730,Fail,3,330,,-3.992
tx_pwr_DPSKPWR,1,M,8-HDRP,15,1,730,Pass,3,330,,3.696
tx_pwr_DPSKPWR,2,M,8-HDRP,15,0,730,Pass,3,330,,0.114
tx_pwr_DPSKPWR,4,M,8-HDRP,15,0,730,Fail,3,330,,-3.072
tx_pwr_DPSKPWR,5,M,8-HDRP,15,0,730,Fail,3,330,,-3.964
tx_pwr_DPSKPWR,6,M,8-HDRP,15,0,730,Fail,3,330,,-3.989
tx_pwr_DPSKPWR,7,M,8-HDRP,15,0,730,Fail,3,330,,-3.296
