TEST_NAME,BAND,CH,PKT_TYPE,PAGAIN,PWR_MODE,HPA,P/F,VSWR,PHASE,SWP,VALUE
tx_pwr_avg,0,L,DH5,15,0,1500,Pass,1,0,,16.1
tx_pwr_avg,0,M,DH5,15,0,1500,Pass,1,0,,15.938
tx_pwr_avg,0,H,DH5,15,0,1500,Pass,1,0,,15.847
tx_pwr_avg,1,L,DH5,15,1,1500,Pass,1,0,,15.235
tx_pwr_avg,1,M,DH5,15,1,1500,Pass,1,0,,15.201
tx_pwr_avg,1,H,DH5,15,1,1500,Pass,1,0,,15.223
tx_pwr_avg,2,L,DH5,15,0,1500,Pass,1,0,,15.234
tx_pwr_avg,2,M,DH5,15,0,1500,Pass,1,0,,15.042
tx_pwr_avg,2,H,DH5,15,0,1500,Pass,1,0,,14.992
tx_pwr_avg,4,L,DH5,15,0,1500,Pass,1,0,,14.837
tx_pwr_avg,4,M,DH5,15,0,1500,Pass,1,0,,14.662
tx_pwr_avg,4,H,DH5,15,0,1500,Pass,1,0,,14.467
tx_pwr_avg,5,L,DH5,15,0,1500,Pass,1,0,,14.499
tx_pwr_avg,5,M,DH5,15,0,1500,Pass,1,0,,14.312
tx_pwr_avg,5,H,DH5,15,0,1500,Pass,1,0,,14.224
tx_pwr_avg,6,L,DH5,15,0,1500,Pass,1,0,,14.119
tx_pwr_avg,6,M,DH5,15,0,1500,Pass,1,0,,14.008
tx_pwr_avg,6,H,DH5,15,0,1500,Pass,1,0,,13.783
tx_pwr_avg,7,L,DH5,15,0,1500,Pass,1,0,,13.765
tx_pwr_avg,7,M,DH5,15,0,1500,Pass,1,0,,13.634
tx_pwr_avg,7,H,DH5,15,0,1500,Pass,1,0,,13.501
tx_pwr_DPSKPWR,0,L,8-DH5,15,0,1500,Pass,1,0,,13.2
tx_pwr_DPSKPWR,0,M,8-DH5,15,0,1500,Pass,1,0,,13.074
tx_pwr_DPSKPWR,0,H,8-DH5,15,0,1500,Pass,1,0,,12.904
tx_pwr_DPSKPWR,1,L,8-DH5,15,1,1500,Pass,1,0,,12.404
tx_pwr_DPSKPWR,1,M,8-DH5,15,1,1500,Pass,1,0,,12.342
tx_pwr_DPSKPWR,1,H,8-DH5,15,1,1500,Pass,1,0,,12.358
tx_pwr_DPSKPWR,2,L,8-DH5,15,0,1500,Pass,1,0,,12.327
tx_pwr_DPSKPWR,2,M,8-DH5,15,0,1500,Pass,1,0,,12.143
tx_pwr_DPSKPWR,2,H,8-DH5,15,0,1500,Pass,1,0,,12.066
tx_pwr_DPSKPWR,4,L,8-DH5,15,0,1500,Pass,1,0,,11.936
tx_pwr_DPSKPWR,4,M,8-DH5,15,0,1500,Pass,1,0,,11.727
tx_pwr_DPSKPWR,4,H,8-DH5,15,0,1500,Pass,1,0,,11.532
tx_pwr_DPSKPWR,5,L,8-DH5,15,0,1500,Pass,1,0,,11.54
tx_pwr_DPSKPWR,5,M,8-DH5,15,0,1500,Pass,1,0,,11.351
tx_pwr_DPSKPWR,5,H,8-DH5,15,0,1500,Pass,1,0,,11.244
tx_pwr_DPSKPWR,6,L,8-DH5,15,0,1500,Pass,1,0,,11.217
tx_pwr_DPSKPWR,6,M,8-DH5,15,0,1500,Pass,1,0,,11.043
tx_pwr_DPSKPWR,6,H,8-DH5,15,0,1500,Pass,1,0,,10.818
tx_pwr_DPSKPWR,7,L,8-DH5,15,0,1500,Pass,1,0,,10.889
tx_pwr_DPSKPWR,7,M,8-DH5,15,0,1500,Pass,1,0,,10.697
tx_pwr_DPSKPWR,7,H,8-DH5,15,0,1500,Pass,1,0,,10.609
tx_pwr_DPSKPWR,0,L,8-HDRP,15,0,1500,Pass,1,0,,12.934
tx_pwr_DPSKPWR,0,M,8-HDRP,15,0,1500,Pass,1,0,,12.776
tx_pwr_DPSKPWR,0,H,8-HDRP,15,0,1500,Pass,1,0,,12.619
tx_pwr_DPSKPWR,1,L,8-HDRP,15,1,1500,Pass,1,0,,11.989
tx_pwr_DPSKPWR,1,M,8-HDRP,15,1,1500,Pass,1,0,,11.956
tx_pwr_DPSKPWR,1,H,8-HDRP,15,1,1500,Pass,1,0,,12.002
tx_pwr_DPSKPWR,2,L,8-HDRP,15,0,1500,Pass,1,0,,11.988
tx_pwr_DPSKPWR,2,M,8-HDRP,15,0,1500,Pass,1,0,,11.777
tx_pwr_DPSKPWR,2,H,8-HDRP,15,0,1500,Pass,1,0,,11.74
tx_pwr_DPSKPWR,4,L,8-HDRP,15,0,1500,Pass,1,0,,11.595
tx_pwr_DPSKPWR,4,M,8-HDRP,15,0,1500,Pass,1,0,,11.375
tx_pwr_DPSKPWR,4,H,8-HDRP,15,0,1500,Pass,1,0,,11.186
tx_pwr_DPSKPWR,5,L,8-HDRP,15,0,1500,Pass,1,0,,11.206
tx_pwr_DPSKPWR,5,M,8-HDRP,15,0,1500,Pass,1,0,,11.022
tx_pwr_DPSKPWR,5,H,8-HDRP,15,0,1500,Pass,1,0,,10.925
tx_pwr_DPSKPWR,6,L,8-HDRP,15,0,1500,Pass,1,0,,10.853
tx_pwr_DPSKPWR,6,M,8-HDRP,15,0,1500,Pass,1,0,,10.684
tx_pwr_DPSKPWR,6,H,8-HDRP,15,0,1500,Pass,1,0,,10.471
tx_pwr_DPSKPWR,7,L,8-HDRP,15,0,1500,Pass,1,0,,10.544
tx_pwr_DPSKPWR,7,M,8-HDRP,15,0,1500,Pass,1,0,,10.348
tx_pwr_DPSKPWR,7,H,8-HDRP,15,0,1500,Pass,1,0,,10.238
tx_pwr_avg,0,L,DH5,15,0,1500,Pass,2,0,,15.267
tx_pwr_avg,0,M,DH5,15,0,1500,Pass,2,0,,15.228
tx_pwr_avg,0,H,DH5,15,0,1500,Pass,2,0,,15.187
tx_pwr_avg,1,L,DH5,15,1,1500,Pass,2,0,,14.208
tx_pwr_avg,1,M,DH5,15,1,1500,Pass,2,0,,14.212
tx_pwr_avg,1,H,DH5,15,1,1500,Pass,2,0,,14.281
tx_pwr_avg,2,L,DH5,15,0,1500,Pass,2,0,,15.15
tx_pwr_avg,2,M,DH5,15,0,1500,Pass,2,0,,15.053
tx_pwr_avg,2,H,DH5,15,0,1500,Pass,2,0,,15.046
tx_pwr_avg,4,L,DH5,15,0,1500,Pass,2,0,,14.991
tx_pwr_avg,4,M,DH5,15,0,1500,Pass,2,0,,14.86
tx_pwr_avg,4,H,DH5,15,0,1500,Pass,2,0,,14.722
tx_pwr_avg,5,L,DH5,15,0,1500,Pass,2,0,,14.756
tx_pwr_avg,5,M,DH5,15,0,1500,Pass,2,0,,14.674
tx_pwr_avg,5,H,DH5,15,0,1500,Pass,2,0,,14.603
tx_pwr_avg,6,L,DH5,15,0,1500,Pass,2,0,,14.523
tx_pwr_avg,6,M,DH5,15,0,1500,Pass,2,0,,14.409
tx_pwr_avg,6,H,DH5,15,0,1500,Pass,2,0,,14.283
tx_pwr_avg,7,L,DH5,15,0,1500,Pass,2,0,,14.273
tx_pwr_avg,7,M,DH5,15,0,1500,Pass,2,0,,14.175
tx_pwr_avg,7,H,DH5,15,0,1500,Pass,2,0,,14.075
tx_pwr_DPSKPWR,0,L,8-DH5,15,0,1500,Pass,2,0,,12.359
tx_pwr_DPSKPWR,0,M,8-DH5,15,0,1500,Pass,2,0,,12.235
tx_pwr_DPSKPWR,0,H,8-DH5,15,0,1500,Pass,2,0,,12.228
tx_pwr_DPSKPWR,1,L,8-DH5,15,1,1500,Pass,2,0,,11.329
tx_pwr_DPSKPWR,1,M,8-DH5,15,1,1500,Pass,2,0,,11.328
tx_pwr_DPSKPWR,1,H,8-DH5,15,1,1500,Pass,2,0,,11.417
tx_pwr_DPSKPWR,2,L,8-DH5,15,0,1500,Pass,2,0,,12.32
tx_pwr_DPSKPWR,2,M,8-DH5,15,0,1500,Pass,2,0,,12.188
tx_pwr_DPSKPWR,2,H,8-DH5,15,0,1500,Pass,2,0,,12.2
tx_pwr_DPSKPWR,4,L,8-DH5,15,0,1500,Pass,2,0,,12.154
tx_pwr_DPSKPWR,4,M,8-DH5,15,0,1500,Pass,2,0,,11.992
tx_pwr_DPSKPWR,4,H,8-DH5,15,0,1500,Pass,2,0,,11.864
tx_pwr_DPSKPWR,5,L,8-DH5,15,0,1500,Pass,2,0,,11.911
tx_pwr_DPSKPWR,5,M,8-DH5,15,0,1500,Pass,2,0,,11.779
tx_pwr_DPSKPWR,5,H,8-DH5,15,0,1500,Pass,2,0,,11.713
tx_pwr_DPSKPWR,6,L,8-DH5,15,0,1500,Pass,2,0,,11.669
tx_pwr_DPSKPWR,6,M,8-DH5,15,0,1500,Pass,2,0,,11.537
tx_pwr_DPSKPWR,6,H,8-DH5,15,0,1500,Pass,2,0,,11.402
tx_pwr_DPSKPWR,7,L,8-DH5,15,0,1500,Pass,2,0,,11.455
tx_pwr_DPSKPWR,7,M,8-DH5,15,0,1500,Pass,2,0,,11.321
tx_pwr_DPSKPWR,7,H,8-DH5,15,0,1500,Pass,2,0,,11.169
tx_pwr_DPSKPWR,0,L,8-HDRP,15,0,1500,Pass,2,0,,12.041
tx_pwr_DPSKPWR,0,M,8-HDRP,15,0,1500,Pass,2,0,,11.924
tx_pwr_DPSKPWR,0,H,8-HDRP,15,0,1500,Pass,2,0,,11.898
tx_pwr_DPSKPWR,1,L,8-HDRP,15,1,1500,Pass,2,0,,10.945
tx_pwr_DPSKPWR,1,M,8-HDRP,15,1,1500,Pass,2,0,,10.973
tx_pwr_DPSKPWR,1,H,8-HDRP,15,1,1500,Pass,2,0,,11.065
tx_pwr_DPSKPWR,2,L,8-HDRP,15,0,1500,Pass,2,0,,11.956
tx_pwr_DPSKPWR,2,M,8-HDRP,15,0,1500,Pass,2,0,,11.84
tx_pwr_DPSKPWR,2,H,8-HDRP,15,0,1500,Pass,2,0,,11.838
tx_pwr_DPSKPWR,4,L,8-HDRP,15,0,1500,Pass,2,0,,11.797
tx_pwr_DPSKPWR,4,M,8-HDRP,15,0,1500,Pass,2,0,,11.656
tx_pwr_DPSKPWR,4,H,8-HDRP,15,0,1500,Pass,2,0,,11.489
tx_pwr_DPSKPWR,5,L,8-HDRP,15,0,1500,Pass,2,0,,11.499
tx_pwr_DPSKPWR,5,M,8-HDRP,15,0,1500,Pass,2,0,,11.391
tx_pwr_DPSKPWR,5,H,8-HDRP,15,0,1500,Pass,2,0,,11.307
tx_pwr_DPSKPWR,6,L,8-HDRP,15,0,1500,Pass,2,0,,11.275
tx_pwr_DPSKPWR,6,M,8-HDRP,15,0,1500,Pass,2,0,,11.142
tx_pwr_DPSKPWR,6,H,8-HDRP,15,0,1500,Pass,2,0,,10.992
tx_pwr_DPSKPWR,7,L,8-HDRP,15,0,1500,Pass,2,0,,11.084
tx_pwr_DPSKPWR,7,M,8-HDRP,15,0,1500,Pass,2,0,,10.922
tx_pwr_DPSKPWR,7,H,8-HDRP,15,0,1500,Pass,2,0,,10.823
tx_pwr_avg,0,L,DH5,15,0,1500,Pass,2,30,,15.427
tx_pwr_avg,0,M,DH5,15,0,1500,Pass,2,30,,15.255
tx_pwr_avg,0,H,DH5,15,0,1500,Pass,2,30,,15.189
tx_pwr_avg,1,L,DH5,15,1,1500,Pass,2,30,,14.108
tx_pwr_avg,1,M,DH5,15,1,1500,Pass,2,30,,14.142
tx_pwr_avg,1,H,DH5,15,1,1500,Pass,2,30,,14.247
tx_pwr_avg,2,L,DH5,15,0,1500,Pass,2,30,,14.947
tx_pwr_avg,2,M,DH5,15,0,1500,Pass,2,30,,14.828
tx_pwr_avg,2,H,DH5,15,0,1500,Pass,2,30,,14.84
tx_pwr_avg,4,L,DH5,15,0,1500,Pass,2,30,,14.709
tx_pwr_avg,4,M,DH5,15,0,1500,Pass,2,30,,14.574
tx_pwr_avg,4,H,DH5,15,0,1500,Pass,2,30,,14.399
tx_pwr_avg,5,L,DH5,15,0,1500,Pass,2,30,,14.428
tx_pwr_avg,5,M,DH5,15,0,1500,Pass,2,30,,14.272
tx_pwr_avg,5,H,DH5,15,0,1500,Pass,2,30,,14.169
tx_pwr_avg,6,L,DH5,15,0,1500,Pass,2,30,,14.082
tx_pwr_avg,6,M,DH5,15,0,1500,Pass,2,30,,14.014
tx_pwr_avg,6,H,DH5,15,0,1500,Pass,2,30,,13.761
tx_pwr_avg,7,L,DH5,15,0,1500,Pass,2,30,,13.739
tx_pwr_avg,7,M,DH5,15,0,1500,Pass,2,30,,13.632
tx_pwr_avg,7,H,DH5,15,0,1500,Pass,2,30,,13.456
tx_pwr_DPSKPWR,0,L,8-DH5,15,0,1500,Pass,2,30,,12.403
tx_pwr_DPSKPWR,0,M,8-DH5,15,0,1500,Pass,2,30,,12.277
tx_pwr_DPSKPWR,0,H,8-DH5,15,0,1500,Pass,2,30,,12.182
tx_pwr_DPSKPWR,1,L,8-DH5,15,1,1500,Pass,2,30,,11.239
tx_pwr_DPSKPWR,1,M,8-DH5,15,1,1500,Pass,2,30,,11.266
tx_pwr_DPSKPWR,1,H,8-DH5,15,1,1500,Pass,2,30,,11.372
tx_pwr_DPSKPWR,2,L,8-DH5,15,0,1500,Pass,2,30,,12.097
tx_pwr_DPSKPWR,2,M,8-DH5,15,0,1500,Pass,2,30,,11.937
tx_pwr_DPSKPWR,2,H,8-DH5,15,0,1500,Pass,2,30,,11.961
tx_pwr_DPSKPWR,4,L,8-DH5,15,0,1500,Pass,2,30,,11.847
tx_pwr_DPSKPWR,4,M,8-DH5,15,0,1500,Pass,2,30,,11.671
tx_pwr_DPSKPWR,4,H,8-DH5,15,0,1500,Pass,2,30,,11.515
tx_pwr_DPSKPWR,5,L,8-DH5,15,0,1500,Pass,2,30,,11.526
tx_pwr_DPSKPWR,5,M,8-DH5,15,0,1500,Pass,2,30,,11.363
tx_pwr_DPSKPWR,5,H,8-DH5,15,0,1500,Pass,2,30,,11.279
tx_pwr_DPSKPWR,6,L,8-DH5,15,0,1500,Pass,2,30,,11.226
tx_pwr_DPSKPWR,6,M,8-DH5,15,0,1500,Pass,2,30,,11.04
tx_pwr_DPSKPWR,6,H,8-DH5,15,0,1500,Pass,2,30,,10.848
tx_pwr_DPSKPWR,7,L,8-DH5,15,0,1500,Pass,2,30,,10.905
tx_pwr_DPSKPWR,7,M,8-DH5,15,0,1500,Pass,2,30,,10.694
tx_pwr_DPSKPWR,7,H,8-DH5,15,0,1500,Pass,2,30,,10.53
tx_pwr_DPSKPWR,0,L,8-HDRP,15,0,1500,Pass,2,30,,12.115
tx_pwr_DPSKPWR,0,M,8-HDRP,15,0,1500,Pass,2,30,,11.987
tx_pwr_DPSKPWR,0,H,8-HDRP,15,0,1500,Pass,2,30,,11.889
tx_pwr_DPSKPWR,1,L,8-HDRP,15,1,1500,Pass,2,30,,10.9
tx_pwr_DPSKPWR,1,M,8-HDRP,15,1,1500,Pass,2,30,,10.918
tx_pwr_DPSKPWR,1,H,8-HDRP,15,1,1500,Pass,2,30,,11.037
tx_pwr_DPSKPWR,2,L,8-HDRP,15,0,1500,Pass,2,30,,11.774
tx_pwr_DPSKPWR,2,M,8-HDRP,15,0,1500,Pass,2,30,,11.626
tx_pwr_DPSKPWR,2,H,8-HDRP,15,0,1500,Pass,2,30,,11.611
tx_pwr_DPSKPWR,4,L,8-HDRP,15,0,1500,Pass,2,30,,11.515
tx_pwr_DPSKPWR,4,M,8-HDRP,15,0,1500,Pass,2,30,,11.319
tx_pwr_DPSKPWR,4,H,8-HDRP,15,0,1500,Pass,2,30,,11.167
tx_pwr_DPSKPWR,5,L,8-HDRP,15,0,1500,Pass,2,30,,11.177
tx_pwr_DPSKPWR,5,M,8-HDRP,15,0,1500,Pass,2,30,,11.021
tx_pwr_DPSKPWR,5,H,8-HDRP,15,0,1500,Pass,2,30,,10.922
tx_pwr_DPSKPWR,6,L,8-HDRP,15,0,1500,Pass,2,30,,10.882
tx_pwr_DPSKPWR,6,M,8-HDRP,15,0,1500,Pass,2,30,,10.73
tx_pwr_DPSKPWR,6,H,8-HDRP,15,0,1500,Pass,2,30,,10.524
tx_pwr_DPSKPWR,7,L,8-HDRP,15,0,1500,Pass,2,30,,10.593
tx_pwr_DPSKPWR,7,M,8-HDRP,15,0,1500,Pass,2,30,,10.381
tx_pwr_DPSKPWR,7,H,8-HDRP,15,0,1500,Pass,2,30,,10.23
tx_pwr_avg,0,L,DH5,15,0,1500,Pass,2,60,,15.715
tx_pwr_avg,0,M,DH5,15,0,1500,Pass,2,60,,15.536
tx_pwr_avg,0,H,DH5,15,0,1500,Pass,2,60,,15.354
tx_pwr_avg,1,L,DH5,15,1,1500,Pass,2,60,,14.376
tx_pwr_avg,1,M,DH5,15,1,1500,Pass,2,60,,14.403
tx_pwr_avg,1,H,DH5,15,1,1500,Pass,2,60,,14.507
tx_pwr_avg,2,L,DH5,15,0,1500,Pass,2,60,,14.823
tx_pwr_avg,2,M,DH5,15,0,1500,Pass,2,60,,14.601
tx_pwr_avg,2,H,DH5,15,0,1500,Pass,2,60,,14.548
tx_pwr_avg,4,L,DH5,15,0,1500,Pass,2,60,,14.39
tx_pwr_avg,4,M,DH5,15,0,1500,Pass,2,60,,14.198
tx_pwr_avg,4,H,DH5,15,0,1500,Pass,2,60,,14
tx_pwr_avg,5,L,DH5,15,0,1500,Pass,2,60,,14.016
tx_pwr_avg,5,M,DH5,15,0,1500,Pass,2,60,,13.875
tx_pwr_avg,5,H,DH5,15,0,1500,Pass,2,60,,13.714
tx_pwr_avg,6,L,DH5,15,0,1500,Pass,2,60,,13.66
tx_pwr_avg,6,M,DH5,15,0,1500,Pass,2,60,,13.482
tx_pwr_avg,6,H,DH5,15,0,1500,Pass,2,60,,13.234
tx_pwr_avg,7,L,DH5,15,0,1500,Pass,2,60,,13.218
tx_pwr_avg,7,M,DH5,15,0,1500,Pass,2,60,,13.061
tx_pwr_avg,7,H,DH5,15,0,1500,Pass,2,60,,12.87
tx_pwr_DPSKPWR,0,L,8-DH5,15,0,1500,Pass,2,60,,12.788
tx_pwr_DPSKPWR,0,M,8-DH5,15,0,1500,Pass,2,60,,12.519
tx_pwr_DPSKPWR,0,H,8-DH5,15,0,1500,Pass,2,60,,12.401
tx_pwr_DPSKPWR,1,L,8-DH5,15,1,1500,Pass,2,60,,11.422
tx_pwr_DPSKPWR,1,M,8-DH5,15,1,1500,Pass,2,60,,11.478
tx_pwr_DPSKPWR,1,H,8-DH5,15,1,1500,Pass,2,60,,11.574
tx_pwr_DPSKPWR,2,L,8-DH5,15,0,1500,Pass,2,60,,11.918
tx_pwr_DPSKPWR,2,M,8-DH5,15,0,1500,Pass,2,60,,11.704
tx_pwr_DPSKPWR,2,H,8-DH5,15,0,1500,Pass,2,60,,11.69
tx_pwr_DPSKPWR,4,L,8-DH5,15,0,1500,Pass,2,60,,11.51
tx_pwr_DPSKPWR,4,M,8-DH5,15,0,1500,Pass,2,60,,11.339
tx_pwr_DPSKPWR,4,H,8-DH5,15,0,1500,Pass,2,60,,11.14
tx_pwr_DPSKPWR,5,L,8-DH5,15,0,1500,Pass,2,60,,11.152
tx_pwr_DPSKPWR,5,M,8-DH5,15,0,1500,Pass,2,60,,10.964
tx_pwr_DPSKPWR,5,H,8-DH5,15,0,1500,Pass,2,60,,10.84
tx_pwr_DPSKPWR,6,L,8-DH5,15,0,1500,Pass,2,60,,10.823
tx_pwr_DPSKPWR,6,M,8-DH5,15,0,1500,Pass,2,60,,10.626
tx_pwr_DPSKPWR,6,H,8-DH5,15,0,1500,Pass,2,60,,10.372
tx_pwr_DPSKPWR,7,L,8-DH5,15,0,1500,Pass,2,60,,10.429
tx_pwr_DPSKPWR,7,M,8-DH5,15,0,1500,Pass,2,60,,10.187
tx_pwr_DPSKPWR,7,H,8-DH5,15,0,1500,Pass,2,60,,9.979
tx_pwr_DPSKPWR,0,L,8-HDRP,15,0,1500,Pass,2,60,,12.449
tx_pwr_DPSKPWR,0,M,8-HDRP,15,0,1500,Pass,2,60,,12.19
tx_pwr_DPSKPWR,0,H,8-HDRP,15,0,1500,Pass,2,60,,12.034
tx_pwr_DPSKPWR,1,L,8-HDRP,15,1,1500,Pass,2,60,,11.119
tx_pwr_DPSKPWR,1,M,8-HDRP,15,1,1500,Pass,2,60,,11.118
tx_pwr_DPSKPWR,1,H,8-HDRP,15,1,1500,Pass,2,60,,11.254
tx_pwr_DPSKPWR,2,L,8-HDRP,15,0,1500,Pass,2,60,,11.574
tx_pwr_DPSKPWR,2,M,8-HDRP,15,0,1500,Pass,2,60,,11.364
tx_pwr_DPSKPWR,2,H,8-HDRP,15,0,1500,Pass,2,60,,11.286
tx_pwr_DPSKPWR,4,L,8-HDRP,15,0,1500,Pass,2,60,,11.155
tx_pwr_DPSKPWR,4,M,8-HDRP,15,0,1500,Pass,2,60,,10.957
tx_pwr_DPSKPWR,4,H,8-HDRP,15,0,1500,Pass,2,60,,10.786
tx_pwr_DPSKPWR,5,L,8-HDRP,15,0,1500,Pass,2,60,,10.797
tx_pwr_DPSKPWR,5,M,8-HDRP,15,0,1500,Pass,2,60,,10.578
tx_pwr_DPSKPWR,5,H,8-HDRP,15,0,1500,Pass,2,60,,10.447
tx_pwr_DPSKPWR,6,L,8-HDRP,15,0,1500,Pass,2,60,,10.398
tx_pwr_DPSKPWR,6,M,8-HDRP,15,0,1500,Pass,2,60,,10.196
tx_pwr_DPSKPWR,6,H,8-HDRP,15,0,1500,Pass,2,60,,9.95
tx_pwr_DPSKPWR,7,L,8-HDRP,15,0,1500,Pass,2,60,,10.022
tx_pwr_DPSKPWR,7,M,8-HDRP,15,0,1500,Pass,2,60,,9.774
tx_pwr_DPSKPWR,7,H,8-HDRP,15,0,1500,Pass,2,60,,9.58
tx_pwr_avg,0,L,DH5,15,0,1500,Pass,2,90,,16.077
tx_pwr_avg,0,M,DH5,15,0,1500,Pass,2,90,,15.839
tx_pwr_avg,0,H,DH5,15,0,1500,Pass,2,90,,15.598
tx_pwr_avg,1,L,DH5,15,1,1500,Pass,2,90,,14.783
tx_pwr_avg,1,M,DH5,15,1,1500,Pass,2,90,,14.754
tx_pwr_avg,1,H,DH5,15,1,1500,Pass,2,90,,14.832
tx_pwr_avg,2,L,DH5,15,0,1500,Pass,2,90,,14.759
tx_pwr_avg,2,M,DH5,15,0,1500,Pass,2,90,,14.452
tx_pwr_avg,2,H,DH5,15,0,1500,Pass,2,90,,14.418
tx_pwr_avg,4,L,DH5,15,0,1500,Pass,2,90,,14.205
tx_pwr_avg,4,M,DH5,15,0,1500,Pass,2,90,,14.036
tx_pwr_avg,4,H,DH5,15,0,1500,Pass,2,90,,13.815
tx_pwr_avg,5,L,DH5,15,0,1500,Pass,2,90,,13.809
tx_pwr_avg,5,M,DH5,15,0,1500,Pass,2,90,,13.597
tx_pwr_avg,5,H,DH5,15,0,1500,Pass,2,90,,13.483
tx_pwr_avg,6,L,DH5,15,0,1500,Pass,2,90,,13.368
tx_pwr_avg,6,M,DH5,15,0,1500,Pass,2,90,,13.189
tx_pwr_avg,6,H,DH5,15,0,1500,Pass,2,90,,12.917
tx_pwr_avg,7,L,DH5,15,0,1500,Pass,2,90,,12.887
tx_pwr_avg,7,M,DH5,15,0,1500,Pass,2,90,,12.719
tx_pwr_avg,7,H,DH5,15,0,1500,Pass,2,90,,12.506
tx_pwr_DPSKPWR,0,L,8-DH5,15,0,1500,Pass,2,90,,13.198
tx_pwr_DPSKPWR,0,M,8-DH5,15,0,1500,Pass,2,90,,12.944
tx_pwr_DPSKPWR,0,H,8-DH5,15,0,1500,Pass,2,90,,12.693
tx_pwr_DPSKPWR,1,L,8-DH5,15,1,1500,Pass,2,90,,11.851
tx_pwr_DPSKPWR,1,M,8-DH5,15,1,1500,Pass,2,90,,11.819
tx_pwr_DPSKPWR,1,H,8-DH5,15,1,1500,Pass,2,90,,11.9
tx_pwr_DPSKPWR,2,L,8-DH5,15,0,1500,Pass,2,90,,11.793
tx_pwr_DPSKPWR,2,M,8-DH5,15,0,1500,Pass,2,90,,11.584
tx_pwr_DPSKPWR,2,H,8-DH5,15,0,1500,Pass,2,90,,11.502
tx_pwr_DPSKPWR,4,L,8-DH5,15,0,1500,Pass,2,90,,11.322
tx_pwr_DPSKPWR,4,M,8-DH5,15,0,1500,Pass,2,90,,11.104
tx_pwr_DPSKPWR,4,H,8-DH5,15,0,1500,Pass,2,90,,10.885
tx_pwr_DPSKPWR,5,L,8-DH5,15,0,1500,Pass,2,90,,10.882
tx_pwr_DPSKPWR,5,M,8-DH5,15,0,1500,Pass,2,90,,10.659
tx_pwr_DPSKPWR,5,H,8-DH5,15,0,1500,Pass,2,90,,10.55
tx_pwr_DPSKPWR,6,L,8-DH5,15,0,1500,Pass,2,90,,10.485
tx_pwr_DPSKPWR,6,M,8-DH5,15,0,1500,Pass,2,90,,10.239
tx_pwr_DPSKPWR,6,H,8-DH5,15,0,1500,Pass,2,90,,9.97
tx_pwr_DPSKPWR,7,L,8-DH5,15,0,1500,Pass,2,90,,10.01
tx_pwr_DPSKPWR,7,M,8-DH5,15,0,1500,Pass,2,90,,9.758
tx_pwr_DPSKPWR,7,H,8-DH5,15,0,1500,Pass,2,90,,9.545
tx_pwr_DPSKPWR,0,L,8-HDRP,15,0,1500,Pass,2,90,,12.868
tx_pwr_DPSKPWR,0,M,8-HDRP,15,0,1500,Pass,2,90,,12.612
tx_pwr_DPSKPWR,0,H,8-HDRP,15,0,1500,Pass,2,90,,12.353
tx_pwr_DPSKPWR,1,L,8-HDRP,15,1,1500,Pass,2,90,,11.483
tx_pwr_DPSKPWR,1,M,8-HDRP,15,1,1500,Pass,2,90,,11.489
tx_pwr_DPSKPWR,1,H,8-HDRP,15,1,1500,Pass,2,90,,11.561
tx_pwr_DPSKPWR,2,L,8-HDRP,15,0,1500,Pass,2,90,,11.463
tx_pwr_DPSKPWR,2,M,8-HDRP,15,0,1500,Pass,2,90,,11.223
tx_pwr_DPSKPWR,2,H,8-HDRP,15,0,1500,Pass,2,90,,11.154
tx_pwr_DPSKPWR,4,L,8-HDRP,15,0,1500,Pass,2,90,,10.989
tx_pwr_DPSKPWR,4,M,8-HDRP,15,0,1500,Pass,2,90,,10.728
tx_pwr_DPSKPWR,4,H,8-HDRP,15,0,1500,Pass,2,90,,10.526
tx_pwr_DPSKPWR,5,L,8-HDRP,15,0,1500,Pass,2,90,,10.523
tx_pwr_DPSKPWR,5,M,8-HDRP,15,0,1500,Pass,2,90,,10.302
tx_pwr_DPSKPWR,5,H,8-HDRP,15,0,1500,Pass,2,90,,10.184
tx_pwr_DPSKPWR,6,L,8-HDRP,15,0,1500,Pass,2,90,,10.122
tx_pwr_DPSKPWR,6,M,8-HDRP,15,0,1500,Pass,2,90,,9.882
tx_pwr_DPSKPWR,6,H,8-HDRP,15,0,1500,Pass,2,90,,9.613
tx_pwr_DPSKPWR,7,L,8-HDRP,15,0,1500,Pass,2,90,,9.665
tx_pwr_DPSKPWR,7,M,8-HDRP,15,0,1500,Pass,2,90,,9.401
tx_pwr_DPSKPWR,7,H,8-HDRP,15,0,1500,Pass,2,90,,9.191
tx_pwr_avg,0,L,DH5,15,0,1500,Pass,2,120,,16.475
tx_pwr_avg,0,M,DH5,15,0,1500,Pass,2,120,,16.218
tx_pwr_avg,0,H,DH5,15,0,1500,Pass,2,120,,15.943
tx_pwr_avg,1,L,DH5,15,1,1500,Pass,2,120,,15.362
tx_pwr_avg,1,M,DH5,15,1,1500,Pass,2,120,,15.3
tx_pwr_avg,1,H,DH5,15,1,1500,Pass,2,120,,15.33
tx_pwr_avg,2,L,DH5,15,0,1500,Pass,2,120,,14.741
tx_pwr_avg,2,M,DH5,15,0,1500,Pass,2,120,,14.501
tx_pwr_avg,2,H,DH5,15,0,1500,Pass,2,120,,14.417
tx_pwr_avg,4,L,DH5,15,0,1500,Pass,2,120,,14.189
tx_pwr_avg,4,M,DH5,15,0,1500,Pass,2,120,,14
tx_pwr_avg,4,H,DH5,15,0,1500,Pass,2,120,,13.788
tx_pwr_avg,5,L,DH5,15,0,1500,Pass,2,120,,13.786
tx_pwr_avg,5,M,DH5,15,0,1500,Pass,2,120,,13.564
tx_pwr_avg,5,H,DH5,15,0,1500,Pass,2,120,,13.414
tx_pwr_avg,6,L,DH5,15,0,1500,Pass,2,120,,13.295
tx_pwr_avg,6,M,DH5,15,0,1500,Pass,2,120,,13.1
tx_pwr_avg,6,H,DH5,15,0,1500,Pass,2,120,,12.827
tx_pwr_avg,7,L,DH5,15,0,1500,Pass,2,120,,12.789
tx_pwr_avg,7,M,DH5,15,0,1500,Pass,2,120,,12.62
tx_pwr_avg,7,H,DH5,15,0,1500,Pass,2,120,,12.427
tx_pwr_DPSKPWR,0,L,8-DH5,15,0,1500,Pass,2,120,,13.612
tx_pwr_DPSKPWR,0,M,8-DH5,15,0,1500,Pass,2,120,,13.323
tx_pwr_DPSKPWR,0,H,8-DH5,15,0,1500,Pass,2,120,,13.015
tx_pwr_DPSKPWR,1,L,8-DH5,15,1,1500,Pass,2,120,,12.495
tx_pwr_DPSKPWR,1,M,8-DH5,15,1,1500,Pass,2,120,,12.426
tx_pwr_DPSKPWR,1,H,8-DH5,15,1,1500,Pass,2,120,,12.469
tx_pwr_DPSKPWR,2,L,8-DH5,15,0,1500,Pass,2,120,,11.894
tx_pwr_DPSKPWR,2,M,8-DH5,15,0,1500,Pass,2,120,,11.635
tx_pwr_DPSKPWR,2,H,8-DH5,15,0,1500,Pass,2,120,,11.584
tx_pwr_DPSKPWR,4,L,8-DH5,15,0,1500,Pass,2,120,,11.389
tx_pwr_DPSKPWR,4,M,8-DH5,15,0,1500,Pass,2,120,,11.13
tx_pwr_DPSKPWR,4,H,8-DH5,15,0,1500,Pass,2,120,,10.92
tx_pwr_DPSKPWR,5,L,8-DH5,15,0,1500,Pass,2,120,,10.927
tx_pwr_DPSKPWR,5,M,8-DH5,15,0,1500,Pass,2,120,,10.676
tx_pwr_DPSKPWR,5,H,8-DH5,15,0,1500,Pass,2,120,,10.531
tx_pwr_DPSKPWR,6,L,8-DH5,15,0,1500,Pass,2,120,,10.446
tx_pwr_DPSKPWR,6,M,8-DH5,15,0,1500,Pass,2,120,,10.217
tx_pwr_DPSKPWR,6,H,8-DH5,15,0,1500,Pass,2,120,,9.939
tx_pwr_DPSKPWR,7,L,8-DH5,15,0,1500,Pass,2,120,,9.937
tx_pwr_DPSKPWR,7,M,8-DH5,15,0,1500,Pass,2,120,,9.677
tx_pwr_DPSKPWR,7,H,8-DH5,15,0,1500,Pass,2,120,,9.489
tx_pwr_DPSKPWR,0,L,8-HDRP,15,0,1500,Pass,2,120,,13.266
tx_pwr_DPSKPWR,0,M,8-HDRP,15,0,1500,Pass,2,120,,12.983
tx_pwr_DPSKPWR,0,H,8-HDRP,15,0,1500,Pass,2,120,,12.689
tx_pwr_DPSKPWR,1,L,8-HDRP,15,1,1500,Pass,2,120,,12.149
tx_pwr_DPSKPWR,1,M,8-HDRP,15,1,1500,Pass,2,120,,12.068
tx_pwr_DPSKPWR,1,H,8-HDRP,15,1,1500,Pass,2,120,,12.122
tx_pwr_DPSKPWR,2,L,8-HDRP,15,0,1500,Pass,2,120,,11.581
tx_pwr_DPSKPWR,2,M,8-HDRP,15,0,1500,Pass,2,120,,11.313
tx_pwr_DPSKPWR,2,H,8-HDRP,15,0,1500,Pass,2,120,,11.239
tx_pwr_DPSKPWR,4,L,8-HDRP,15,0,1500,Pass,2,120,,11.043
tx_pwr_DPSKPWR,4,M,8-HDRP,15,0,1500,Pass,2,120,,10.803
tx_pwr_DPSKPWR,4,H,8-HDRP,15,0,1500,Pass,2,120,,10.56
tx_pwr_DPSKPWR,5,L,8-HDRP,15,0,1500,Pass,2,120,,10.566
tx_pwr_DPSKPWR,5,M,8-HDRP,15,0,1500,Pass,2,120,,10.327
tx_pwr_DPSKPWR,5,H,8-HDRP,15,0,1500,Pass,2,120,,10.178
tx_pwr_DPSKPWR,6,L,8-HDRP,15,0,1500,Pass,2,120,,10.094
tx_pwr_DPSKPWR,6,M,8-HDRP,15,0,1500,Pass,2,120,,9.848
tx_pwr_DPSKPWR,6,H,8-HDRP,15,0,1500,Pass,2,120,,9.579
tx_pwr_DPSKPWR,7,L,8-HDRP,15,0,1500,Pass,2,120,,9.624
tx_pwr_DPSKPWR,7,M,8-HDRP,15,0,1500,Pass,2,120,,9.35
tx_pwr_DPSKPWR,7,H,8-HDRP,15,0,1500,Pass,2,120,,9.173
tx_pwr_avg,0,L,DH5,15,0,1500,Pass,2,150,,16.449
tx_pwr_avg,0,M,DH5,15,0,1500,Pass,2,150,,16.282
tx_pwr_avg,0,H,DH5,15,0,1500,Pass,2,150,,16.13
tx_pwr_avg,1,L,DH5,15,1,1500,Pass,2,150,,15.948
tx_pwr_avg,1,M,DH5,15,1,1500,Pass,2,150,,15.872
tx_pwr_avg,1,H,DH5,15,1,1500,Pass,2,150,,15.861
tx_pwr_avg,2,L,DH5,15,0,1500,Pass,2,150,,14.98
tx_pwr_avg,2,M,DH5,15,0,1500,Pass,2,150,,14.724
tx_pwr_avg,2,H,DH5,15,0,1500,Pass,2,150,,14.65
tx_pwr_avg,4,L,DH5,15,0,1500,Pass,2,150,,14.423
tx_pwr_avg,4,M,DH5,15,0,1500,Pass,2,150,,14.21
tx_pwr_avg,4,H,DH5,15,0,1500,Pass,2,150,,13.975
tx_pwr_avg,5,L,DH5,15,0,1500,Pass,2,150,,13.959
tx_pwr_avg,5,M,DH5,15,0,1500,Pass,2,150,,13.73
tx_pwr_avg,5,H,DH5,15,0,1500,Pass,2,150,,13.58
tx_pwr_avg,6,L,DH5,15,0,1500,Pass,2,150,,13.463
tx_pwr_avg,6,M,DH5,15,0,1500,Pass,2,150,,13.255
tx_pwr_avg,6,H,DH5,15,0,1500,Pass,2,150,,12.985
tx_pwr_avg,7,L,DH5,15,0,1500,Pass,2,150,,12.941
tx_pwr_avg,7,M,DH5,15,0,1500,Pass,2,150,,12.781
tx_pwr_avg,7,H,DH5,15,0,1500,Pass,2,150,,12.627
tx_pwr_DPSKPWR,0,L,8-DH5,15,0,1500,Pass,2,150,,13.6
tx_pwr_DPSKPWR,0,M,8-DH5,15,0,1500,Pass,2,150,,13.417
tx_pwr_DPSKPWR,0,H,8-DH5,15,0,1500,Pass,2,150,,13.251
tx_pwr_DPSKPWR,1,L,8-DH5,15,1,1500,Pass,2,150,,13.06
tx_pwr_DPSKPWR,1,M,8-DH5,15,1,1500,Pass,2,150,,12.965
tx_pwr_DPSKPWR,1,H,8-DH5,15,1,1500,Pass,2,150,,12.956
tx_pwr_DPSKPWR,2,L,8-DH5,15,0,1500,Pass,2,150,,12.044
tx_pwr_DPSKPWR,2,M,8-DH5,15,0,1500,Pass,2,150,,11.776
tx_pwr_DPSKPWR,2,H,8-DH5,15,0,1500,Pass,2,150,,11.701
tx_pwr_DPSKPWR,4,L,8-DH5,15,0,1500,Pass,2,150,,11.487
tx_pwr_DPSKPWR,4,M,8-DH5,15,0,1500,Pass,2,150,,11.255
tx_pwr_DPSKPWR,4,H,8-DH5,15,0,1500,Pass,2,150,,11.009
tx_pwr_DPSKPWR,5,L,8-DH5,15,0,1500,Pass,2,150,,10.999
tx_pwr_DPSKPWR,5,M,8-DH5,15,0,1500,Pass,2,150,,10.753
tx_pwr_DPSKPWR,5,H,8-DH5,15,0,1500,Pass,2,150,,10.6
tx_pwr_DPSKPWR,6,L,8-DH5,15,0,1500,Pass,2,150,,10.528
tx_pwr_DPSKPWR,6,M,8-DH5,15,0,1500,Pass,2,150,,10.277
tx_pwr_DPSKPWR,6,H,8-DH5,15,0,1500,Pass,2,150,,9.995
tx_pwr_DPSKPWR,7,L,8-DH5,15,0,1500,Pass,2,150,,10.041
tx_pwr_DPSKPWR,7,M,8-DH5,15,0,1500,Pass,2,150,,9.805
tx_pwr_DPSKPWR,7,H,8-DH5,15,0,1500,Pass,2,150,,9.646
tx_pwr_DPSKPWR,0,L,8-HDRP,15,0,1500,Pass,2,150,,13.264
tx_pwr_DPSKPWR,0,M,8-HDRP,15,0,1500,Pass,2,150,,13.082
tx_pwr_DPSKPWR,0,H,8-HDRP,15,0,1500,Pass,2,150,,12.913
tx_pwr_DPSKPWR,1,L,8-HDRP,15,1,1500,Pass,2,150,,12.749
tx_pwr_DPSKPWR,1,M,8-HDRP,15,1,1500,Pass,2,150,,12.656
tx_pwr_DPSKPWR,1,H,8-HDRP,15,1,1500,Pass,2,150,,12.643
tx_pwr_DPSKPWR,2,L,8-HDRP,15,0,1500,Pass,2,150,,11.76
tx_pwr_DPSKPWR,2,M,8-HDRP,15,0,1500,Pass,2,150,,11.486
tx_pwr_DPSKPWR,2,H,8-HDRP,15,0,1500,Pass,2,150,,11.421
tx_pwr_DPSKPWR,4,L,8-HDRP,15,0,1500,Pass,2,150,,11.191
tx_pwr_DPSKPWR,4,M,8-HDRP,15,0,1500,Pass,2,150,,10.956
tx_pwr_DPSKPWR,4,H,8-HDRP,15,0,1500,Pass,2,150,,10.713
tx_pwr_DPSKPWR,5,L,8-HDRP,15,0,1500,Pass,2,150,,10.711
tx_pwr_DPSKPWR,5,M,8-HDRP,15,0,1500,Pass,2,150,,10.449
tx_pwr_DPSKPWR,5,H,8-HDRP,15,0,1500,Pass,2,150,,10.299
tx_pwr_DPSKPWR,6,L,8-HDRP,15,0,1500,Pass,2,150,,10.229
tx_pwr_DPSKPWR,6,M,8-HDRP,15,0,1500,Pass,2,150,,9.979
tx_pwr_DPSKPWR,6,H,8-HDRP,15,0,1500,Pass,2,150,,9.702
tx_pwr_DPSKPWR,7,L,8-HDRP,15,0,1500,Pass,2,150,,9.754
tx_pwr_DPSKPWR,7,M,8-HDRP,15,0,1500,Pass,2,150,,9.516
tx_pwr_DPSKPWR,7,H,8-HDRP,15,0,1500,Pass,2,150,,9.35
tx_pwr_avg,0,L,DH5,15,0,1500,Pass,2,180,,17.031
tx_pwr_avg,0,M,DH5,15,0,1500,Pass,2,180,,16.835
tx_pwr_avg,0,H,DH5,15,0,1500,Pass,2,180,,16.617
tx_pwr_avg,1,L,DH5,15,1,1500,Pass,2,180,,16.383
tx_pwr_avg,1,M,DH5,15,1,1500,Pass,2,180,,16.278
tx_pwr_avg,1,H,DH5,15,1,1500,Pass,2,180,,16.22
tx_pwr_avg,2,L,DH5,15,0,1500,Pass,2,180,,15.29
tx_pwr_avg,2,M,DH5,15,0,1500,Pass,2,180,,15.057
tx_pwr_avg,2,H,DH5,15,0,1500,Pass,2,180,,15.002
tx_pwr_avg,4,L,DH5,15,0,1500,Pass,2,180,,14.788
tx_pwr_avg,4,M,DH5,15,0,1500,Pass,2,180,,14.585
tx_pwr_avg,4,H,DH5,15,0,1500,Pass,2,180,,14.342
tx_pwr_avg,5,L,DH5,15,0,1500,Pass,2,180,,14.316
tx_pwr_avg,5,M,DH5,15,0,1500,Pass,2,180,,14.12
tx_pwr_avg,5,H,DH5,15,0,1500,Pass,2,180,,13.971
tx_pwr_avg,6,L,DH5,15,0,1500,Pass,2,180,,13.848
tx_pwr_avg,6,M,DH5,15,0,1500,Pass,2,180,,13.663
tx_pwr_avg,6,H,DH5,15,0,1500,Pass,2,180,,13.414
tx_pwr_avg,7,L,DH5,15,0,1500,Pass,2,180,,13.393
tx_pwr_avg,7,M,DH5,15,0,1500,Pass,2,180,,13.251
tx_pwr_avg,7,H,DH5,15,0,1500,Pass,2,180,,13.153
tx_pwr_DPSKPWR,0,L,8-DH5,15,0,1500,Pass,2,180,,14.265
tx_pwr_DPSKPWR,0,M,8-DH5,15,0,1500,Pass,2,180,,14.045
tx_pwr_DPSKPWR,0,H,8-DH5,15,0,1500,Pass,2,180,,13.809
tx_pwr_DPSKPWR,1,L,8-DH5,15,1,1500,Pass,2,180,,13.563
tx_pwr_DPSKPWR,1,M,8-DH5,15,1,1500,Pass,2,180,,13.451
tx_pwr_DPSKPWR,1,H,8-DH5,15,1,1500,Pass,2,180,,13.392
tx_pwr_DPSKPWR,2,L,8-DH5,15,0,1500,Pass,2,180,,12.456
tx_pwr_DPSKPWR,2,M,8-DH5,15,0,1500,Pass,2,180,,12.197
tx_pwr_DPSKPWR,2,H,8-DH5,15,0,1500,Pass,2,180,,12.131
tx_pwr_DPSKPWR,4,L,8-DH5,15,0,1500,Pass,2,180,,11.913
tx_pwr_DPSKPWR,4,M,8-DH5,15,0,1500,Pass,2,180,,11.685
tx_pwr_DPSKPWR,4,H,8-DH5,15,0,1500,Pass,2,180,,11.437
tx_pwr_DPSKPWR,5,L,8-DH5,15,0,1500,Pass,2,180,,11.446
tx_pwr_DPSKPWR,5,M,8-DH5,15,0,1500,Pass,2,180,,11.195
tx_pwr_DPSKPWR,5,H,8-DH5,15,0,1500,Pass,2,180,,11.039
tx_pwr_DPSKPWR,6,L,8-DH5,15,0,1500,Pass,2,180,,10.961
tx_pwr_DPSKPWR,6,M,8-DH5,15,0,1500,Pass,2,180,,10.712
tx_pwr_DPSKPWR,6,H,8-DH5,15,0,1500,Pass,2,180,,10.457
tx_pwr_DPSKPWR,7,L,8-DH5,15,0,1500,Pass,2,180,,10.509
tx_pwr_DPSKPWR,7,M,8-DH5,15,0,1500,Pass,2,180,,10.29
tx_pwr_DPSKPWR,7,H,8-DH5,15,0,1500,Pass,2,180,,10.182
tx_pwr_DPSKPWR,0,L,8-HDRP,15,0,1500,Pass,2,180,,13.938
tx_pwr_DPSKPWR,0,M,8-HDRP,15,0,1500,Pass,2,180,,13.74
tx_pwr_DPSKPWR,0,H,8-HDRP,15,0,1500,Pass,2,180,,13.5
tx_pwr_DPSKPWR,1,L,8-HDRP,15,1,1500,Pass,2,180,,13.25
tx_pwr_DPSKPWR,1,M,8-HDRP,15,1,1500,Pass,2,180,,13.134
tx_pwr_DPSKPWR,1,H,8-HDRP,15,1,1500,Pass,2,180,,13.092
tx_pwr_DPSKPWR,2,L,8-HDRP,15,0,1500,Pass,2,180,,12.138
tx_pwr_DPSKPWR,2,M,8-HDRP,15,0,1500,Pass,2,180,,11.896
tx_pwr_DPSKPWR,2,H,8-HDRP,15,0,1500,Pass,2,180,,11.807
tx_pwr_DPSKPWR,4,L,8-HDRP,15,0,1500,Pass,2,180,,11.601
tx_pwr_DPSKPWR,4,M,8-HDRP,15,0,1500,Pass,2,180,,11.364
tx_pwr_DPSKPWR,4,H,8-HDRP,15,0,1500,Pass,2,180,,11.104
tx_pwr_DPSKPWR,5,L,8-HDRP,15,0,1500,Pass,2,180,,11.12
tx_pwr_DPSKPWR,5,M,8-HDRP,15,0,1500,Pass,2,180,,10.867
tx_pwr_DPSKPWR,5,H,8-HDRP,15,0,1500,Pass,2,180,,10.711
tx_pwr_DPSKPWR,6,L,8-HDRP,15,0,1500,Pass,2,180,,10.632
tx_pwr_DPSKPWR,6,M,8-HDRP,15,0,1500,Pass,2,180,,10.391
tx_pwr_DPSKPWR,6,H,8-HDRP,15,0,1500,Pass,2,180,,10.134
tx_pwr_DPSKPWR,7,L,8-HDRP,15,0,1500,Pass,2,180,,10.188
tx_pwr_DPSKPWR,7,M,8-HDRP,15,0,1500,Pass,2,180,,9.974
tx_pwr_DPSKPWR,7,H,8-HDRP,15,0,1500,Pass,2,180,,9.854
tx_pwr_avg,0,L,DH5,15,0,1500,Pass,2,210,,16.997
tx_pwr_avg,0,M,DH5,15,0,1500,Pass,2,210,,16.87
tx_pwr_avg,0,H,DH5,15,0,1500,Pass,2,210,,16.712
tx_pwr_avg,1,L,DH5,15,1,1500,Pass,2,210,,15.48
tx_pwr_avg,1,M,DH5,15,1,1500,Pass,2,210,,15.393
tx_pwr_avg,1,H,DH5,15,1,1500,Pass,2,210,,15.443
tx_pwr_avg,2,L,DH5,15,0,1500,Pass,2,210,,15.338
tx_pwr_avg,2,M,DH5,15,0,1500,Pass,2,210,,15.11
tx_pwr_avg,2,H,DH5,15,0,1500,Pass,2,210,,15.043
tx_pwr_avg,4,L,DH5,15,0,1500,Pass,2,210,,14.863
tx_pwr_avg,4,M,DH5,15,0,1500,Pass,2,210,,14.62
tx_pwr_avg,4,H,DH5,15,0,1500,Pass,2,210,,14.416
tx_pwr_avg,5,L,DH5,15,0,1500,Pass,2,210,,14.453
tx_pwr_avg,5,M,DH5,15,0,1500,Pass,2,210,,14.326
tx_pwr_avg,5,H,DH5,15,0,1500,Pass,2,210,,14.242
tx_pwr_avg,6,L,DH5,15,0,1500,Pass,2,210,,14.144
tx_pwr_avg,6,M,DH5,15,0,1500,Pass,2,210,,14.015
tx_pwr_avg,6,H,DH5,15,0,1500,Pass,2,210,,13.839
tx_pwr_avg,7,L,DH5,15,0,1500,Pass,2,210,,13.862
tx_pwr_avg,7,M,DH5,15,0,1500,Pass,2,210,,13.715
tx_pwr_avg,7,H,DH5,15,0,1500,Pass,2,210,,13.475
tx_pwr_DPSKPWR,0,L,8-DH5,15,0,1500,Pass,2,210,,14.222
tx_pwr_DPSKPWR,0,M,8-DH5,15,0,1500,Pass,2,210,,14.088
tx_pwr_DPSKPWR,0,H,8-DH5,15,0,1500,Pass,2,210,,13.912
tx_pwr_DPSKPWR,1,L,8-DH5,15,1,1500,Pass,2,210,,12.536
tx_pwr_DPSKPWR,1,M,8-DH5,15,1,1500,Pass,2,210,,12.443
tx_pwr_DPSKPWR,1,H,8-DH5,15,1,1500,Pass,2,210,,12.535
tx_pwr_DPSKPWR,2,L,8-DH5,15,0,1500,Pass,2,210,,12.452
tx_pwr_DPSKPWR,2,M,8-DH5,15,0,1500,Pass,2,210,,12.219
tx_pwr_DPSKPWR,2,H,8-DH5,15,0,1500,Pass,2,210,,12.14
tx_pwr_DPSKPWR,4,L,8-DH5,15,0,1500,Pass,2,210,,11.95
tx_pwr_DPSKPWR,4,M,8-DH5,15,0,1500,Pass,2,210,,11.707
tx_pwr_DPSKPWR,4,H,8-DH5,15,0,1500,Pass,2,210,,11.497
tx_pwr_DPSKPWR,5,L,8-DH5,15,0,1500,Pass,2,210,,11.508
tx_pwr_DPSKPWR,5,M,8-DH5,15,0,1500,Pass,2,210,,11.396
tx_pwr_DPSKPWR,5,H,8-DH5,15,0,1500,Pass,2,210,,11.303
tx_pwr_DPSKPWR,6,L,8-DH5,15,0,1500,Pass,2,210,,11.25
tx_pwr_DPSKPWR,6,M,8-DH5,15,0,1500,Pass,2,210,,11.087
tx_pwr_DPSKPWR,6,H,8-DH5,15,0,1500,Pass,2,210,,10.907
tx_pwr_DPSKPWR,7,L,8-DH5,15,0,1500,Pass,2,210,,10.998
tx_pwr_DPSKPWR,7,M,8-DH5,15,0,1500,Pass,2,210,,10.781
tx_pwr_DPSKPWR,7,H,8-DH5,15,0,1500,Pass,2,210,,10.541
tx_pwr_DPSKPWR,0,L,8-HDRP,15,0,1500,Pass,2,210,,13.908
tx_pwr_DPSKPWR,0,M,8-HDRP,15,0,1500,Pass,2,210,,13.758
tx_pwr_DPSKPWR,0,H,8-HDRP,15,0,1500,Pass,2,210,,13.593
tx_pwr_DPSKPWR,1,L,8-HDRP,15,1,1500,Pass,2,210,,12.226
tx_pwr_DPSKPWR,1,M,8-HDRP,15,1,1500,Pass,2,210,,12.19
tx_pwr_DPSKPWR,1,H,8-HDRP,15,1,1500,Pass,2,210,,12.223
tx_pwr_DPSKPWR,2,L,8-HDRP,15,0,1500,Pass,2,210,,12.159
tx_pwr_DPSKPWR,2,M,8-HDRP,15,0,1500,Pass,2,210,,11.919
tx_pwr_DPSKPWR,2,H,8-HDRP,15,0,1500,Pass,2,210,,11.837
tx_pwr_DPSKPWR,4,L,8-HDRP,15,0,1500,Pass,2,210,,11.646
tx_pwr_DPSKPWR,4,M,8-HDRP,15,0,1500,Pass,2,210,,11.394
tx_pwr_DPSKPWR,4,H,8-HDRP,15,0,1500,Pass,2,210,,11.181
tx_pwr_DPSKPWR,5,L,8-HDRP,15,0,1500,Pass,2,210,,11.197
tx_pwr_DPSKPWR,5,M,8-HDRP,15,0,1500,Pass,2,210,,11.09
tx_pwr_DPSKPWR,5,H,8-HDRP,15,0,1500,Pass,2,210,,11.003
tx_pwr_DPSKPWR,6,L,8-HDRP,15,0,1500,Pass,2,210,,10.947
tx_pwr_DPSKPWR,6,M,8-HDRP,15,0,1500,Pass,2,210,,10.787
tx_pwr_DPSKPWR,6,H,8-HDRP,15,0,1500,Pass,2,210,,10.599
tx_pwr_DPSKPWR,7,L,8-HDRP,15,0,1500,Pass,2,210,,10.699
tx_pwr_DPSKPWR,7,M,8-HDRP,15,0,1500,Pass,2,210,,10.482
tx_pwr_DPSKPWR,7,H,8-HDRP,15,0,1500,Pass,2,210,,10.257
tx_pwr_avg,0,L,DH5,15,0,1500,Pass,2,240,,16.714
tx_pwr_avg,0,M,DH5,15,0,1500,Pass,2,240,,16.659
tx_pwr_avg,0,H,DH5,15,0,1500,Pass,2,240,,16.586
tx_pwr_avg,1,L,DH5,15,1,1500,Pass,2,240,,16.339
tx_pwr_avg,1,M,DH5,15,1,1500,Pass,2,240,,16.188
tx_pwr_avg,1,H,DH5,15,1,1500,Pass,2,240,,16.078
tx_pwr_avg,2,L,DH5,15,0,1500,Pass,2,240,,15.8
tx_pwr_avg,2,M,DH5,15,0,1500,Pass,2,240,,15.669
tx_pwr_avg,2,H,DH5,15,0,1500,Pass,2,240,,15.662
tx_pwr_avg,4,L,DH5,15,0,1500,Pass,2,240,,15.548
tx_pwr_avg,4,M,DH5,15,0,1500,Pass,2,240,,15.389
tx_pwr_avg,4,H,DH5,15,0,1500,Pass,2,240,,15.205
tx_pwr_avg,5,L,DH5,15,0,1500,Pass,2,240,,15.213
tx_pwr_avg,5,M,DH5,15,0,1500,Pass,2,240,,15.031
tx_pwr_avg,5,H,DH5,15,0,1500,Pass,2,240,,14.94
tx_pwr_avg,6,L,DH5,15,0,1500,Pass,2,240,,14.847
tx_pwr_avg,6,M,DH5,15,0,1500,Pass,2,240,,14.722
tx_pwr_avg,6,H,DH5,15,0,1500,Pass,2,240,,14.534
tx_pwr_avg,7,L,DH5,15,0,1500,Pass,2,240,,14.558
tx_pwr_avg,7,M,DH5,15,0,1500,Pass,2,240,,14.499
tx_pwr_avg,7,H,DH5,15,0,1500,Pass,2,240,,14.418
tx_pwr_DPSKPWR,0,L,8-DH5,15,0,1500,Pass,2,240,,13.878
tx_pwr_DPSKPWR,0,M,8-DH5,15,0,1500,Pass,2,240,,13.811
tx_pwr_DPSKPWR,0,H,8-DH5,15,0,1500,Pass,2,240,,13.749
tx_pwr_DPSKPWR,1,L,8-DH5,15,1,1500,Pass,2,240,,13.493
tx_pwr_DPSKPWR,1,M,8-DH5,15,1,1500,Pass,2,240,,13.357
tx_pwr_DPSKPWR,1,H,8-DH5,15,1,1500,Pass,2,240,,13.251
tx_pwr_DPSKPWR,2,L,8-DH5,15,0,1500,Pass,2,240,,13.041
tx_pwr_DPSKPWR,2,M,8-DH5,15,0,1500,Pass,2,240,,12.888
tx_pwr_DPSKPWR,2,H,8-DH5,15,0,1500,Pass,2,240,,12.874
tx_pwr_DPSKPWR,4,L,8-DH5,15,0,1500,Pass,2,240,,12.76
tx_pwr_DPSKPWR,4,M,8-DH5,15,0,1500,Pass,2,240,,12.575
tx_pwr_DPSKPWR,4,H,8-DH5,15,0,1500,Pass,2,240,,12.404
tx_pwr_DPSKPWR,5,L,8-DH5,15,0,1500,Pass,2,240,,12.411
tx_pwr_DPSKPWR,5,M,8-DH5,15,0,1500,Pass,2,240,,12.175
tx_pwr_DPSKPWR,5,H,8-DH5,15,0,1500,Pass,2,240,,12.077
tx_pwr_DPSKPWR,6,L,8-DH5,15,0,1500,Pass,2,240,,12.005
tx_pwr_DPSKPWR,6,M,8-DH5,15,0,1500,Pass,2,240,,11.871
tx_pwr_DPSKPWR,6,H,8-DH5,15,0,1500,Pass,2,240,,11.666
tx_pwr_DPSKPWR,7,L,8-DH5,15,0,1500,Pass,2,240,,11.748
tx_pwr_DPSKPWR,7,M,8-DH5,15,0,1500,Pass,2,240,,11.628
tx_pwr_DPSKPWR,7,H,8-DH5,15,0,1500,Pass,2,240,,11.558
tx_pwr_DPSKPWR,0,L,8-HDRP,15,0,1500,Pass,2,240,,13.568
tx_pwr_DPSKPWR,0,M,8-HDRP,15,0,1500,Pass,2,240,,13.53
tx_pwr_DPSKPWR,0,H,8-HDRP,15,0,1500,Pass,2,240,,13.462
tx_pwr_DPSKPWR,1,L,8-HDRP,15,1,1500,Pass,2,240,,13.205
tx_pwr_DPSKPWR,1,M,8-HDRP,15,1,1500,Pass,2,240,,13.041
tx_pwr_DPSKPWR,1,H,8-HDRP,15,1,1500,Pass,2,240,,12.96
tx_pwr_DPSKPWR,2,L,8-HDRP,15,0,1500,Pass,2,240,,12.757
tx_pwr_DPSKPWR,2,M,8-HDRP,15,0,1500,Pass,2,240,,12.593
tx_pwr_DPSKPWR,2,H,8-HDRP,15,0,1500,Pass,2,240,,12.579
tx_pwr_DPSKPWR,4,L,8-HDRP,15,0,1500,Pass,2,240,,12.457
tx_pwr_DPSKPWR,4,M,8-HDRP,15,0,1500,Pass,2,240,,12.273
tx_pwr_DPSKPWR,4,H,8-HDRP,15,0,1500,Pass,2,240,,12.1
tx_pwr_DPSKPWR,5,L,8-HDRP,15,0,1500,Pass,2,240,,12.107
tx_pwr_DPSKPWR,5,M,8-HDRP,15,0,1500,Pass,2,240,,11.862
tx_pwr_DPSKPWR,5,H,8-HDRP,15,0,1500,Pass,2,240,,11.76
tx_pwr_DPSKPWR,6,L,8-HDRP,15,0,1500,Pass,2,240,,11.686
tx_pwr_DPSKPWR,6,M,8-HDRP,15,0,1500,Pass,2,240,,11.534
tx_pwr_DPSKPWR,6,H,8-HDRP,15,0,1500,Pass,2,240,,11.338
tx_pwr_DPSKPWR,7,L,8-HDRP,15,0,1500,Pass,2,240,,11.427
tx_pwr_DPSKPWR,7,M,8-HDRP,15,0,1500,Pass,2,240,,11.301
tx_pwr_DPSKPWR,7,H,8-HDRP,15,0,1500,Pass,2,240,,11.201
tx_pwr_avg,0,L,DH5,15,0,1500,Pass,2,270,,16.24
tx_pwr_avg,0,M,DH5,15,0,1500,Pass,2,270,,16.23
tx_pwr_avg,0,H,DH5,15,0,1500,Pass,2,270,,16.214
tx_pwr_avg,1,L,DH5,15,1,1500,Pass,2,270,,15.774
tx_pwr_avg,1,M,DH5,15,1,1500,Pass,2,270,,15.653
tx_pwr_avg,1,H,DH5,15,1,1500,Pass,2,270,,15.626
tx_pwr_avg,2,L,DH5,15,0,1500,Pass,2,270,,15.93
tx_pwr_avg,2,M,DH5,15,0,1500,Pass,2,270,,15.85
tx_pwr_avg,2,H,DH5,15,0,1500,Pass,2,270,,15.868
tx_pwr_avg,4,L,DH5,15,0,1500,Pass,2,270,,15.773
tx_pwr_avg,4,M,DH5,15,0,1500,Pass,2,270,,15.667
tx_pwr_avg,4,H,DH5,15,0,1500,Pass,2,270,,15.505
tx_pwr_avg,5,L,DH5,15,0,1500,Pass,2,270,,15.541
tx_pwr_avg,5,M,DH5,15,0,1500,Pass,2,270,,15.387
tx_pwr_avg,5,H,DH5,15,0,1500,Pass,2,270,,15.315
tx_pwr_avg,6,L,DH5,15,0,1500,Pass,2,270,,15.259
tx_pwr_avg,6,M,DH5,15,0,1500,Pass,2,270,,15.173
tx_pwr_avg,6,H,DH5,15,0,1500,Pass,2,270,,15.036
tx_pwr_avg,7,L,DH5,15,0,1500,Pass,2,270,,15.062
tx_pwr_avg,7,M,DH5,15,0,1500,Pass,2,270,,15.025
tx_pwr_avg,7,H,DH5,15,0,1500,Pass,2,270,,14.945
tx_pwr_DPSKPWR,0,L,8-DH5,15,0,1500,Pass,2,270,,13.334
tx_pwr_DPSKPWR,0,M,8-DH5,15,0,1500,Pass,2,270,,13.333
tx_pwr_DPSKPWR,0,H,8-DH5,15,0,1500,Pass,2,270,,13.328
tx_pwr_DPSKPWR,1,L,8-DH5,15,1,1500,Pass,2,270,,12.871
tx_pwr_DPSKPWR,1,M,8-DH5,15,1,1500,Pass,2,270,,12.746
tx_pwr_DPSKPWR,1,H,8-DH5,15,1,1500,Pass,2,270,,12.729
tx_pwr_DPSKPWR,2,L,8-DH5,15,0,1500,Pass,2,270,,13.091
tx_pwr_DPSKPWR,2,M,8-DH5,15,0,1500,Pass,2,270,,13.012
tx_pwr_DPSKPWR,2,H,8-DH5,15,0,1500,Pass,2,270,,12.992
tx_pwr_DPSKPWR,4,L,8-DH5,15,0,1500,Pass,2,270,,12.924
tx_pwr_DPSKPWR,4,M,8-DH5,15,0,1500,Pass,2,270,,12.812
tx_pwr_DPSKPWR,4,H,8-DH5,15,0,1500,Pass,2,270,,12.648
tx_pwr_DPSKPWR,5,L,8-DH5,15,0,1500,Pass,2,270,,12.669
tx_pwr_DPSKPWR,5,M,8-DH5,15,0,1500,Pass,2,270,,12.488
tx_pwr_DPSKPWR,5,H,8-DH5,15,0,1500,Pass,2,270,,12.414
tx_pwr_DPSKPWR,6,L,8-DH5,15,0,1500,Pass,2,270,,12.352
tx_pwr_DPSKPWR,6,M,8-DH5,15,0,1500,Pass,2,270,,12.243
tx_pwr_DPSKPWR,6,H,8-DH5,15,0,1500,Pass,2,270,,12.067
tx_pwr_DPSKPWR,7,L,8-DH5,15,0,1500,Pass,2,270,,12.201
tx_pwr_DPSKPWR,7,M,8-DH5,15,0,1500,Pass,2,270,,12.047
tx_pwr_DPSKPWR,7,H,8-DH5,15,0,1500,Pass,2,270,,11.989
tx_pwr_DPSKPWR,0,L,8-HDRP,15,0,1500,Pass,2,270,,12.999
tx_pwr_DPSKPWR,0,M,8-HDRP,15,0,1500,Pass,2,270,,13.01
tx_pwr_DPSKPWR,0,H,8-HDRP,15,0,1500,Pass,2,270,,13.004
tx_pwr_DPSKPWR,1,L,8-HDRP,15,1,1500,Pass,2,270,,12.533
tx_pwr_DPSKPWR,1,M,8-HDRP,15,1,1500,Pass,2,270,,12.413
tx_pwr_DPSKPWR,1,H,8-HDRP,15,1,1500,Pass,2,270,,12.38
tx_pwr_DPSKPWR,2,L,8-HDRP,15,0,1500,Pass,2,270,,12.763
tx_pwr_DPSKPWR,2,M,8-HDRP,15,0,1500,Pass,2,270,,12.68
tx_pwr_DPSKPWR,2,H,8-HDRP,15,0,1500,Pass,2,270,,12.714
tx_pwr_DPSKPWR,4,L,8-HDRP,15,0,1500,Pass,2,270,,12.623
tx_pwr_DPSKPWR,4,M,8-HDRP,15,0,1500,Pass,2,270,,12.476
tx_pwr_DPSKPWR,4,H,8-HDRP,15,0,1500,Pass,2,270,,12.31
tx_pwr_DPSKPWR,5,L,8-HDRP,15,0,1500,Pass,2,270,,12.316
tx_pwr_DPSKPWR,5,M,8-HDRP,15,0,1500,Pass,2,270,,12.148
tx_pwr_DPSKPWR,5,H,8-HDRP,15,0,1500,Pass,2,270,,12.055
tx_pwr_DPSKPWR,6,L,8-HDRP,15,0,1500,Pass,2,270,,12.004
tx_pwr_DPSKPWR,6,M,8-HDRP,15,0,1500,Pass,2,270,,11.895
tx_pwr_DPSKPWR,6,H,8-HDRP,15,0,1500,Pass,2,270,,11.732
tx_pwr_DPSKPWR,7,L,8-HDRP,15,0,1500,Pass,2,270,,11.842
tx_pwr_DPSKPWR,7,M,8-HDRP,15,0,1500,Pass,2,270,,11.684
tx_pwr_DPSKPWR,7,H,8-HDRP,15,0,1500,Pass,2,270,,11.666
tx_pwr_avg,0,L,DH5,15,0,1500,Pass,2,300,,15.808
tx_pwr_avg,0,M,DH5,15,0,1500,Pass,2,300,,15.807
tx_pwr_avg,0,H,DH5,15,0,1500,Pass,2,300,,15.812
tx_pwr_avg,1,L,DH5,15,1,1500,Pass,2,300,,15.052
tx_pwr_avg,1,M,DH5,15,1,1500,Pass,2,300,,15.015
tx_pwr_avg,1,H,DH5,15,1,1500,Pass,2,300,,15.005
tx_pwr_avg,2,L,DH5,15,0,1500,Pass,2,300,,15.789
tx_pwr_avg,2,M,DH5,15,0,1500,Pass,2,300,,15.715
tx_pwr_avg,2,H,DH5,15,0,1500,Pass,2,300,,15.755
tx_pwr_avg,4,L,DH5,15,0,1500,Pass,2,300,,15.687
tx_pwr_avg,4,M,DH5,15,0,1500,Pass,2,300,,15.635
tx_pwr_avg,4,H,DH5,15,0,1500,Pass,2,300,,15.491
tx_pwr_avg,5,L,DH5,15,0,1500,Pass,2,300,,15.517
tx_pwr_avg,5,M,DH5,15,0,1500,Pass,2,300,,15.383
tx_pwr_avg,5,H,DH5,15,0,1500,Pass,2,300,,15.342
tx_pwr_avg,6,L,DH5,15,0,1500,Pass,2,300,,15.283
tx_pwr_avg,6,M,DH5,15,0,1500,Pass,2,300,,15.211
tx_pwr_avg,6,H,DH5,15,0,1500,Pass,2,300,,15.049
tx_pwr_avg,7,L,DH5,15,0,1500,Pass,2,300,,15.09
tx_pwr_avg,7,M,DH5,15,0,1500,Pass,2,300,,15.01
tx_pwr_avg,7,H,DH5,15,0,1500,Pass,2,300,,14.932
tx_pwr_DPSKPWR,0,L,8-DH5,15,0,1500,Pass,2,300,,12.895
tx_pwr_DPSKPWR,0,M,8-DH5,15,0,1500,Pass,2,300,,12.896
tx_pwr_DPSKPWR,0,H,8-DH5,15,0,1500,Pass,2,300,,12.945
tx_pwr_DPSKPWR,1,L,8-DH5,15,1,1500,Pass,2,300,,12.194
tx_pwr_DPSKPWR,1,M,8-DH5,15,1,1500,Pass,2,300,,12.182
tx_pwr_DPSKPWR,1,H,8-DH5,15,1,1500,Pass,2,300,,12.15
tx_pwr_DPSKPWR,2,L,8-DH5,15,0,1500,Pass,2,300,,13.022
tx_pwr_DPSKPWR,2,M,8-DH5,15,0,1500,Pass,2,300,,12.951
tx_pwr_DPSKPWR,2,H,8-DH5,15,0,1500,Pass,2,300,,12.997
tx_pwr_DPSKPWR,4,L,8-DH5,15,0,1500,Pass,2,300,,12.955
tx_pwr_DPSKPWR,4,M,8-DH5,15,0,1500,Pass,2,300,,12.827
tx_pwr_DPSKPWR,4,H,8-DH5,15,0,1500,Pass,2,300,,12.705
tx_pwr_DPSKPWR,5,L,8-DH5,15,0,1500,Pass,2,300,,12.73
tx_pwr_DPSKPWR,5,M,8-DH5,15,0,1500,Pass,2,300,,12.583
tx_pwr_DPSKPWR,5,H,8-DH5,15,0,1500,Pass,2,300,,12.534
tx_pwr_DPSKPWR,6,L,8-DH5,15,0,1500,Pass,2,300,,12.509
tx_pwr_DPSKPWR,6,M,8-DH5,15,0,1500,Pass,2,300,,12.409
tx_pwr_DPSKPWR,6,H,8-DH5,15,0,1500,Pass,2,300,,12.263
tx_pwr_DPSKPWR,7,L,8-DH5,15,0,1500,Pass,2,300,,12.326
tx_pwr_DPSKPWR,7,M,8-DH5,15,0,1500,Pass,2,300,,12.215
tx_pwr_DPSKPWR,7,H,8-DH5,15,0,1500,Pass,2,300,,12.181
tx_pwr_DPSKPWR,0,L,8-HDRP,15,0,1500,Pass,2,300,,12.56
tx_pwr_DPSKPWR,0,M,8-HDRP,15,0,1500,Pass,2,300,,12.556
tx_pwr_DPSKPWR,0,H,8-HDRP,15,0,1500,Pass,2,300,,12.583
tx_pwr_DPSKPWR,1,L,8-HDRP,15,1,1500,Pass,2,300,,11.905
tx_pwr_DPSKPWR,1,M,8-HDRP,15,1,1500,Pass,2,300,,11.877
tx_pwr_DPSKPWR,1,H,8-HDRP,15,1,1500,Pass,2,300,,11.859
tx_pwr_DPSKPWR,2,L,8-HDRP,15,0,1500,Pass,2,300,,12.76
tx_pwr_DPSKPWR,2,M,8-HDRP,15,0,1500,Pass,2,300,,12.681
tx_pwr_DPSKPWR,2,H,8-HDRP,15,0,1500,Pass,2,300,,12.713
tx_pwr_DPSKPWR,4,L,8-HDRP,15,0,1500,Pass,2,300,,12.673
tx_pwr_DPSKPWR,4,M,8-HDRP,15,0,1500,Pass,2,300,,12.512
tx_pwr_DPSKPWR,4,H,8-HDRP,15,0,1500,Pass,2,300,,12.397
tx_pwr_DPSKPWR,5,L,8-HDRP,15,0,1500,Pass,2,300,,12.415
tx_pwr_DPSKPWR,5,M,8-HDRP,15,0,1500,Pass,2,300,,12.279
tx_pwr_DPSKPWR,5,H,8-HDRP,15,0,1500,Pass,2,300,,12.226
tx_pwr_DPSKPWR,6,L,8-HDRP,15,0,1500,Pass,2,300,,12.18
tx_pwr_DPSKPWR,6,M,8-HDRP,15,0,1500,Pass,2,300,,12.129
tx_pwr_DPSKPWR,6,H,8-HDRP,15,0,1500,Pass,2,300,,11.964
tx_pwr_DPSKPWR,7,L,8-HDRP,15,0,1500,Pass,2,300,,12.066
tx_pwr_DPSKPWR,7,M,8-HDRP,15,0,1500,Pass,2,300,,11.891
tx_pwr_DPSKPWR,7,H,8-HDRP,15,0,1500,Pass,2,300,,11.869
tx_pwr_avg,0,L,DH5,15,0,1500,Pass,2,330,,15.516
tx_pwr_avg,0,M,DH5,15,0,1500,Pass,2,330,,15.512
tx_pwr_avg,0,H,DH5,15,0,1500,Pass,2,330,,15.503
tx_pwr_avg,1,L,DH5,15,1,1500,Pass,2,330,,14.586
tx_pwr_avg,1,M,DH5,15,1,1500,Pass,2,330,,14.609
tx_pwr_avg,1,H,DH5,15,1,1500,Pass,2,330,,14.655
tx_pwr_avg,2,L,DH5,15,0,1500,Pass,2,330,,15.651
tx_pwr_avg,2,M,DH5,15,0,1500,Pass,2,330,,15.607
tx_pwr_avg,2,H,DH5,15,0,1500,Pass,2,330,,15.64
tx_pwr_avg,4,L,DH5,15,0,1500,Pass,2,330,,15.57
tx_pwr_avg,4,M,DH5,15,0,1500,Pass,2,330,,15.508
tx_pwr_avg,4,H,DH5,15,0,1500,Pass,2,330,,15.381
tx_pwr_avg,5,L,DH5,15,0,1500,Pass,2,330,,15.362
tx_pwr_avg,5,M,DH5,15,0,1500,Pass,2,330,,15.257
tx_pwr_avg,5,H,DH5,15,0,1500,Pass,2,330,,15.205
tx_pwr_avg,6,L,DH5,15,0,1500,Pass,2,330,,15.132
tx_pwr_avg,6,M,DH5,15,0,1500,Pass,2,330,,15.1
tx_pwr_avg,6,H,DH5,15,0,1500,Pass,2,330,,14.885
tx_pwr_avg,7,L,DH5,15,0,1500,Pass,2,330,,14.941
tx_pwr_avg,7,M,DH5,15,0,1500,Pass,2,330,,14.833
tx_pwr_avg,7,H,DH5,15,0,1500,Pass,2,330,,14.739
tx_pwr_DPSKPWR,0,L,8-DH5,15,0,1500,Pass,2,330,,12.612
tx_pwr_DPSKPWR,0,M,8-DH5,15,0,1500,Pass,2,330,,12.606
tx_pwr_DPSKPWR,0,H,8-DH5,15,0,1500,Pass,2,330,,12.602
tx_pwr_DPSKPWR,1,L,8-DH5,15,1,1500,Pass,2,330,,11.702
tx_pwr_DPSKPWR,1,M,8-DH5,15,1,1500,Pass,2,330,,11.65
tx_pwr_DPSKPWR,1,H,8-DH5,15,1,1500,Pass,2,330,,11.747
tx_pwr_DPSKPWR,2,L,8-DH5,15,0,1500,Pass,2,330,,12.795
tx_pwr_DPSKPWR,2,M,8-DH5,15,0,1500,Pass,2,330,,12.724
tx_pwr_DPSKPWR,2,H,8-DH5,15,0,1500,Pass,2,330,,12.756
tx_pwr_DPSKPWR,4,L,8-DH5,15,0,1500,Pass,2,330,,12.737
tx_pwr_DPSKPWR,4,M,8-DH5,15,0,1500,Pass,2,330,,12.628
tx_pwr_DPSKPWR,4,H,8-DH5,15,0,1500,Pass,2,330,,12.475
tx_pwr_DPSKPWR,5,L,8-DH5,15,0,1500,Pass,2,330,,12.523
tx_pwr_DPSKPWR,5,M,8-DH5,15,0,1500,Pass,2,330,,12.395
tx_pwr_DPSKPWR,5,H,8-DH5,15,0,1500,Pass,2,330,,12.311
tx_pwr_DPSKPWR,6,L,8-DH5,15,0,1500,Pass,2,330,,12.268
tx_pwr_DPSKPWR,6,M,8-DH5,15,0,1500,Pass,2,330,,12.163
tx_pwr_DPSKPWR,6,H,8-DH5,15,0,1500,Pass,2,330,,12.009
tx_pwr_DPSKPWR,7,L,8-DH5,15,0,1500,Pass,2,330,,12.082
tx_pwr_DPSKPWR,7,M,8-DH5,15,0,1500,Pass,2,330,,11.909
tx_pwr_DPSKPWR,7,H,8-DH5,15,0,1500,Pass,2,330,,11.804
tx_pwr_DPSKPWR,0,L,8-HDRP,15,0,1500,Pass,2,330,,12.266
tx_pwr_DPSKPWR,0,M,8-HDRP,15,0,1500,Pass,2,330,,12.247
tx_pwr_DPSKPWR,0,H,8-HDRP,15,0,1500,Pass,2,330,,12.234
tx_pwr_DPSKPWR,1,L,8-HDRP,15,1,1500,Pass,2,330,,11.328
tx_pwr_DPSKPWR,1,M,8-HDRP,15,1,1500,Pass,2,330,,11.327
tx_pwr_DPSKPWR,1,H,8-HDRP,15,1,1500,Pass,2,330,,11.405
tx_pwr_DPSKPWR,2,L,8-HDRP,15,0,1500,Pass,2,330,,12.475
tx_pwr_DPSKPWR,2,M,8-HDRP,15,0,1500,Pass,2,330,,12.398
tx_pwr_DPSKPWR,2,H,8-HDRP,15,0,1500,Pass,2,330,,12.457
tx_pwr_DPSKPWR,4,L,8-HDRP,15,0,1500,Pass,2,330,,12.425
tx_pwr_DPSKPWR,4,M,8-HDRP,15,0,1500,Pass,2,330,,12.321
tx_pwr_DPSKPWR,4,H,8-HDRP,15,0,1500,Pass,2,330,,12.146
tx_pwr_DPSKPWR,5,L,8-HDRP,15,0,1500,Pass,2,330,,12.173
tx_pwr_DPSKPWR,5,M,8-HDRP,15,0,1500,Pass,2,330,,12.08
tx_pwr_DPSKPWR,5,H,8-HDRP,15,0,1500,Pass,2,330,,12.014
tx_pwr_DPSKPWR,6,L,8-HDRP,15,0,1500,Pass,2,330,,11.974
tx_pwr_DPSKPWR,6,M,8-HDRP,15,0,1500,Pass,2,330,,11.859
tx_pwr_DPSKPWR,6,H,8-HDRP,15,0,1500,Pass,2,330,,11.68
tx_pwr_DPSKPWR,7,L,8-HDRP,15,0,1500,Pass,2,330,,11.788
tx_pwr_DPSKPWR,7,M,8-HDRP,15,0,1500,Pass,2,330,,11.61
tx_pwr_DPSKPWR,7,H,8-HDRP,15,0,1500,Pass,2,330,,11.531
tx_pwr_avg,0,L,DH5,15,0,1500,Pass,3,0,,15.031
tx_pwr_avg,0,M,DH5,15,0,1500,Pass,3,0,,15.032
tx_pwr_avg,0,H,DH5,15,0,1500,Pass,3,0,,15.03
tx_pwr_avg,1,L,DH5,15,1,1500,Pass,3,0,,13.861
tx_pwr_avg,1,M,DH5,15,1,1500,Pass,3,0,,13.924
tx_pwr_avg,1,H,DH5,15,1,1500,Pass,3,0,,14.09
tx_pwr_avg,2,L,DH5,15,0,1500,Pass,3,0,,15.328
tx_pwr_avg,2,M,DH5,15,0,1500,Pass,3,0,,15.254
tx_pwr_avg,2,H,DH5,15,0,1500,Pass,3,0,,15.257
tx_pwr_avg,4,L,DH5,15,0,1500,Pass,3,0,,15.225
tx_pwr_avg,4,M,DH5,15,0,1500,Pass,3,0,,15.139
tx_pwr_avg,4,H,DH5,15,0,1500,Pass,3,0,,15.01
tx_pwr_avg,5,L,DH5,15,0,1500,Pass,3,0,,15.07
tx_pwr_avg,5,M,DH5,15,0,1500,Pass,3,0,,14.963
tx_pwr_avg,5,H,DH5,15,0,1500,Pass,3,0,,14.885
tx_pwr_avg,6,L,DH5,15,0,1500,Pass,3,0,,14.769
tx_pwr_avg,6,M,DH5,15,0,1500,Pass,3,0,,14.676
tx_pwr_avg,6,H,DH5,15,0,1500,Pass,3,0,,14.507
tx_pwr_avg,7,L,DH5,15,0,1500,Pass,3,0,,14.581
tx_pwr_avg,7,M,DH5,15,0,1500,Pass,3,0,,14.405
tx_pwr_avg,7,H,DH5,15,0,1500,Pass,3,0,,14.321
tx_pwr_DPSKPWR,0,L,8-DH5,15,0,1500,Pass,3,0,,12.104
tx_pwr_DPSKPWR,0,M,8-DH5,15,0,1500,Pass,3,0,,12.099
tx_pwr_DPSKPWR,0,H,8-DH5,15,0,1500,Pass,3,0,,12.096
tx_pwr_DPSKPWR,1,L,8-DH5,15,1,1500,Pass,3,0,,10.903
tx_pwr_DPSKPWR,1,M,8-DH5,15,1,1500,Pass,3,0,,10.96
tx_pwr_DPSKPWR,1,H,8-DH5,15,1,1500,Pass,3,0,,11.11
tx_pwr_DPSKPWR,2,L,8-DH5,15,0,1500,Pass,3,0,,12.411
tx_pwr_DPSKPWR,2,M,8-DH5,15,0,1500,Pass,3,0,,12.35
tx_pwr_DPSKPWR,2,H,8-DH5,15,0,1500,Pass,3,0,,12.367
tx_pwr_DPSKPWR,4,L,8-DH5,15,0,1500,Pass,3,0,,12.361
tx_pwr_DPSKPWR,4,M,8-DH5,15,0,1500,Pass,3,0,,12.247
tx_pwr_DPSKPWR,4,H,8-DH5,15,0,1500,Pass,3,0,,12.112
tx_pwr_DPSKPWR,5,L,8-DH5,15,0,1500,Pass,3,0,,12.14
tx_pwr_DPSKPWR,5,M,8-DH5,15,0,1500,Pass,3,0,,12.066
tx_pwr_DPSKPWR,5,H,8-DH5,15,0,1500,Pass,3,0,,12.004
tx_pwr_DPSKPWR,6,L,8-DH5,15,0,1500,Pass,3,0,,11.961
tx_pwr_DPSKPWR,6,M,8-DH5,15,0,1500,Pass,3,0,,11.853
tx_pwr_DPSKPWR,6,H,8-DH5,15,0,1500,Pass,3,0,,11.625
tx_pwr_DPSKPWR,7,L,8-DH5,15,0,1500,Pass,3,0,,11.714
tx_pwr_DPSKPWR,7,M,8-DH5,15,0,1500,Pass,3,0,,11.539
tx_pwr_DPSKPWR,7,H,8-DH5,15,0,1500,Pass,3,0,,11.421
tx_pwr_DPSKPWR,0,L,8-HDRP,15,0,1500,Pass,3,0,,11.766
tx_pwr_DPSKPWR,0,M,8-HDRP,15,0,1500,Pass,3,0,,11.765
tx_pwr_DPSKPWR,0,H,8-HDRP,15,0,1500,Pass,3,0,,11.76
tx_pwr_DPSKPWR,1,L,8-HDRP,15,1,1500,Pass,3,0,,10.565
tx_pwr_DPSKPWR,1,M,8-HDRP,15,1,1500,Pass,3,0,,10.633
tx_pwr_DPSKPWR,1,H,8-HDRP,15,1,1500,Pass,3,0,,10.753
tx_pwr_DPSKPWR,2,L,8-HDRP,15,0,1500,Pass,3,0,,12.083
tx_pwr_DPSKPWR,2,M,8-HDRP,15,0,1500,Pass,3,0,,12.023
tx_pwr_DPSKPWR,2,H,8-HDRP,15,0,1500,Pass,3,0,,12.033
tx_pwr_DPSKPWR,4,L,8-HDRP,15,0,1500,Pass,3,0,,12.021
tx_pwr_DPSKPWR,4,M,8-HDRP,15,0,1500,Pass,3,0,,11.902
tx_pwr_DPSKPWR,4,H,8-HDRP,15,0,1500,Pass,3,0,,11.771
tx_pwr_DPSKPWR,5,L,8-HDRP,15,0,1500,Pass,3,0,,11.786
tx_pwr_DPSKPWR,5,M,8-HDRP,15,0,1500,Pass,3,0,,11.706
tx_pwr_DPSKPWR,5,H,8-HDRP,15,0,1500,Pass,3,0,,11.646
tx_pwr_DPSKPWR,6,L,8-HDRP,15,0,1500,Pass,3,0,,11.61
tx_pwr_DPSKPWR,6,M,8-HDRP,15,0,1500,Pass,3,0,,11.486
tx_pwr_DPSKPWR,6,H,8-HDRP,15,0,1500,Pass,3,0,,11.238
tx_pwr_DPSKPWR,7,L,8-HDRP,15,0,1500,Pass,3,0,,11.334
tx_pwr_DPSKPWR,7,M,8-HDRP,15,0,1500,Pass,3,0,,11.144
tx_pwr_DPSKPWR,7,H,8-HDRP,15,0,1500,Pass,3,0,,11.1
tx_pwr_avg,0,L,DH5,15,0,1500,Pass,3,30,,15.142
tx_pwr_avg,0,M,DH5,15,0,1500,Pass,3,30,,15.047
tx_pwr_avg,0,H,DH5,15,0,1500,Pass,3,30,,14.952
tx_pwr_avg,1,L,DH5,15,1,1500,Pass,3,30,,13.652
tx_pwr_avg,1,M,DH5,15,1,1500,Pass,3,30,,13.713
tx_pwr_avg,1,H,DH5,15,1,1500,Pass,3,30,,13.903
tx_pwr_avg,2,L,DH5,15,0,1500,Pass,3,30,,14.803
tx_pwr_avg,2,M,DH5,15,0,1500,Pass,3,30,,14.651
tx_pwr_avg,2,H,DH5,15,0,1500,Pass,3,30,,14.645
tx_pwr_avg,4,L,DH5,15,0,1500,Pass,3,30,,14.513
tx_pwr_avg,4,M,DH5,15,0,1500,Pass,3,30,,14.422
tx_pwr_avg,4,H,DH5,15,0,1500,Pass,3,30,,14.251
tx_pwr_avg,5,L,DH5,15,0,1500,Pass,3,30,,14.266
tx_pwr_avg,5,M,DH5,15,0,1500,Pass,3,30,,14.111
tx_pwr_avg,5,H,DH5,15,0,1500,Pass,3,30,,13.998
tx_pwr_avg,6,L,DH5,15,0,1500,Pass,3,30,,13.898
tx_pwr_avg,6,M,DH5,15,0,1500,Pass,3,30,,13.808
tx_pwr_avg,6,H,DH5,15,0,1500,Pass,3,30,,13.59
tx_pwr_avg,7,L,DH5,15,0,1500,Pass,3,30,,13.587
tx_pwr_avg,7,M,DH5,15,0,1500,Pass,3,30,,13.386
tx_pwr_avg,7,H,DH5,15,0,1500,Pass,3,30,,13.23
tx_pwr_DPSKPWR,0,L,8-DH5,15,0,1500,Pass,3,30,,12.202
tx_pwr_DPSKPWR,0,M,8-DH5,15,0,1500,Pass,3,30,,12.105
tx_pwr_DPSKPWR,0,H,8-DH5,15,0,1500,Pass,3,30,,12.003
tx_pwr_DPSKPWR,1,L,8-DH5,15,1,1500,Pass,3,30,,10.655
tx_pwr_DPSKPWR,1,M,8-DH5,15,1,1500,Pass,3,30,,10.718
tx_pwr_DPSKPWR,1,H,8-DH5,15,1,1500,Pass,3,30,,10.873
tx_pwr_DPSKPWR,2,L,8-DH5,15,0,1500,Pass,3,30,,11.861
tx_pwr_DPSKPWR,2,M,8-DH5,15,0,1500,Pass,3,30,,11.706
tx_pwr_DPSKPWR,2,H,8-DH5,15,0,1500,Pass,3,30,,11.702
tx_pwr_DPSKPWR,4,L,8-DH5,15,0,1500,Pass,3,30,,11.584
tx_pwr_DPSKPWR,4,M,8-DH5,15,0,1500,Pass,3,30,,11.473
tx_pwr_DPSKPWR,4,H,8-DH5,15,0,1500,Pass,3,30,,11.312
tx_pwr_DPSKPWR,5,L,8-DH5,15,0,1500,Pass,3,30,,11.347
tx_pwr_DPSKPWR,5,M,8-DH5,15,0,1500,Pass,3,30,,11.161
tx_pwr_DPSKPWR,5,H,8-DH5,15,0,1500,Pass,3,30,,11.08
tx_pwr_DPSKPWR,6,L,8-DH5,15,0,1500,Pass,3,30,,11.004
tx_pwr_DPSKPWR,6,M,8-DH5,15,0,1500,Pass,3,30,,10.875
tx_pwr_DPSKPWR,6,H,8-DH5,15,0,1500,Pass,3,30,,10.614
tx_pwr_DPSKPWR,7,L,8-DH5,15,0,1500,Pass,3,30,,10.712
tx_pwr_DPSKPWR,7,M,8-DH5,15,0,1500,Pass,3,30,,10.484
tx_pwr_DPSKPWR,7,H,8-DH5,15,0,1500,Pass,3,30,,10.324
tx_pwr_DPSKPWR,0,L,8-HDRP,15,0,1500,Pass,3,30,,11.868
tx_pwr_DPSKPWR,0,M,8-HDRP,15,0,1500,Pass,3,30,,11.762
tx_pwr_DPSKPWR,0,H,8-HDRP,15,0,1500,Pass,3,30,,11.663
tx_pwr_DPSKPWR,1,L,8-HDRP,15,1,1500,Pass,3,30,,10.232
tx_pwr_DPSKPWR,1,M,8-HDRP,15,1,1500,Pass,3,30,,10.32
tx_pwr_DPSKPWR,1,H,8-HDRP,15,1,1500,Pass,3,30,,10.476
tx_pwr_DPSKPWR,2,L,8-HDRP,15,0,1500,Pass,3,30,,11.54
tx_pwr_DPSKPWR,2,M,8-HDRP,15,0,1500,Pass,3,30,,11.368
tx_pwr_DPSKPWR,2,H,8-HDRP,15,0,1500,Pass,3,30,,11.391
tx_pwr_DPSKPWR,4,L,8-HDRP,15,0,1500,Pass,3,30,,11.263
tx_pwr_DPSKPWR,4,M,8-HDRP,15,0,1500,Pass,3,30,,11.174
tx_pwr_DPSKPWR,4,H,8-HDRP,15,0,1500,Pass,3,30,,11
tx_pwr_DPSKPWR,5,L,8-HDRP,15,0,1500,Pass,3,30,,11.003
tx_pwr_DPSKPWR,5,M,8-HDRP,15,0,1500,Pass,3,30,,10.829
tx_pwr_DPSKPWR,5,H,8-HDRP,15,0,1500,Pass,3,30,,10.726
tx_pwr_DPSKPWR,6,L,8-HDRP,15,0,1500,Pass,3,30,,10.646
tx_pwr_DPSKPWR,6,M,8-HDRP,15,0,1500,Pass,3,30,,10.558
tx_pwr_DPSKPWR,6,H,8-HDRP,15,0,1500,Pass,3,30,,10.302
tx_pwr_DPSKPWR,7,L,8-HDRP,15,0,1500,Pass,3,30,,10.397
tx_pwr_DPSKPWR,7,M,8-HDRP,15,0,1500,Pass,3,30,,10.166
tx_pwr_DPSKPWR,7,H,8-HDRP,15,0,1500,Pass,3,30,,10
tx_pwr_avg,0,L,DH5,15,0,1500,Pass,3,60,,15.462
tx_pwr_avg,0,M,DH5,15,0,1500,Pass,3,60,,15.268
tx_pwr_avg,0,H,DH5,15,0,1500,Pass,3,60,,15.086
tx_pwr_avg,1,L,DH5,15,1,1500,Pass,3,60,,13.845
tx_pwr_avg,1,M,DH5,15,1,1500,Pass,3,60,,13.892
tx_pwr_avg,1,H,DH5,15,1,1500,Pass,3,60,,14.052
tx_pwr_avg,2,L,DH5,15,0,1500,Pass,3,60,,14.492
tx_pwr_avg,2,M,DH5,15,0,1500,Pass,3,60,,14.313
tx_pwr_avg,2,H,DH5,15,0,1500,Pass,3,60,,14.255
tx_pwr_avg,4,L,DH5,15,0,1500,Pass,3,60,,14.097
tx_pwr_avg,4,M,DH5,15,0,1500,Pass,3,60,,13.906
tx_pwr_avg,4,H,DH5,15,0,1500,Pass,3,60,,13.703
tx_pwr_avg,5,L,DH5,15,0,1500,Pass,3,60,,13.71
tx_pwr_avg,5,M,DH5,15,0,1500,Pass,3,60,,13.514
tx_pwr_avg,5,H,DH5,15,0,1500,Pass,3,60,,13.386
tx_pwr_avg,6,L,DH5,15,0,1500,Pass,3,60,,13.336
tx_pwr_avg,6,M,DH5,15,0,1500,Pass,3,60,,13.182
tx_pwr_avg,6,H,DH5,15,0,1500,Pass,3,60,,12.888
tx_pwr_avg,7,L,DH5,15,0,1500,Pass,3,60,,12.849
tx_pwr_avg,7,M,DH5,15,0,1500,Pass,3,60,,12.682
tx_pwr_avg,7,H,DH5,15,0,1500,Pass,3,60,,12.447
tx_pwr_DPSKPWR,0,L,8-DH5,15,0,1500,Pass,3,60,,12.558
tx_pwr_DPSKPWR,0,M,8-DH5,15,0,1500,Pass,3,60,,12.361
tx_pwr_DPSKPWR,0,H,8-DH5,15,0,1500,Pass,3,60,,12.168
tx_pwr_DPSKPWR,1,L,8-DH5,15,1,1500,Pass,3,60,,10.869
tx_pwr_DPSKPWR,1,M,8-DH5,15,1,1500,Pass,3,60,,10.921
tx_pwr_DPSKPWR,1,H,8-DH5,15,1,1500,Pass,3,60,,11.061
tx_pwr_DPSKPWR,2,L,8-DH5,15,0,1500,Pass,3,60,,11.6
tx_pwr_DPSKPWR,2,M,8-DH5,15,0,1500,Pass,3,60,,11.41
tx_pwr_DPSKPWR,2,H,8-DH5,15,0,1500,Pass,3,60,,11.329
tx_pwr_DPSKPWR,4,L,8-DH5,15,0,1500,Pass,3,60,,11.187
tx_pwr_DPSKPWR,4,M,8-DH5,15,0,1500,Pass,3,60,,10.98
tx_pwr_DPSKPWR,4,H,8-DH5,15,0,1500,Pass,3,60,,10.795
tx_pwr_DPSKPWR,5,L,8-DH5,15,0,1500,Pass,3,60,,10.818
tx_pwr_DPSKPWR,5,M,8-DH5,15,0,1500,Pass,3,60,,10.603
tx_pwr_DPSKPWR,5,H,8-DH5,15,0,1500,Pass,3,60,,10.497
tx_pwr_DPSKPWR,6,L,8-DH5,15,0,1500,Pass,3,60,,10.455
tx_pwr_DPSKPWR,6,M,8-DH5,15,0,1500,Pass,3,60,,10.262
tx_pwr_DPSKPWR,6,H,8-DH5,15,0,1500,Pass,3,60,,9.968
tx_pwr_DPSKPWR,7,L,8-DH5,15,0,1500,Pass,3,60,,10.046
tx_pwr_DPSKPWR,7,M,8-DH5,15,0,1500,Pass,3,60,,9.777
tx_pwr_DPSKPWR,7,H,8-DH5,15,0,1500,Pass,3,60,,9.543
tx_pwr_DPSKPWR,0,L,8-HDRP,15,0,1500,Pass,3,60,,12.232
tx_pwr_DPSKPWR,0,M,8-HDRP,15,0,1500,Pass,3,60,,12.035
tx_pwr_DPSKPWR,0,H,8-HDRP,15,0,1500,Pass,3,60,,11.838
tx_pwr_DPSKPWR,1,L,8-HDRP,15,1,1500,Pass,3,60,,10.602
tx_pwr_DPSKPWR,1,M,8-HDRP,15,1,1500,Pass,3,60,,10.664
tx_pwr_DPSKPWR,1,H,8-HDRP,15,1,1500,Pass,3,60,,10.793
tx_pwr_DPSKPWR,2,L,8-HDRP,15,0,1500,Pass,3,60,,11.225
tx_pwr_DPSKPWR,2,M,8-HDRP,15,0,1500,Pass,3,60,,11.063
tx_pwr_DPSKPWR,2,H,8-HDRP,15,0,1500,Pass,3,60,,10.981
tx_pwr_DPSKPWR,4,L,8-HDRP,15,0,1500,Pass,3,60,,10.837
tx_pwr_DPSKPWR,4,M,8-HDRP,15,0,1500,Pass,3,60,,10.665
tx_pwr_DPSKPWR,4,H,8-HDRP,15,0,1500,Pass,3,60,,10.448
tx_pwr_DPSKPWR,5,L,8-HDRP,15,0,1500,Pass,3,60,,10.432
tx_pwr_DPSKPWR,5,M,8-HDRP,15,0,1500,Pass,3,60,,10.26
tx_pwr_DPSKPWR,5,H,8-HDRP,15,0,1500,Pass,3,60,,10.134
tx_pwr_DPSKPWR,6,L,8-HDRP,15,0,1500,Pass,3,60,,10.11
tx_pwr_DPSKPWR,6,M,8-HDRP,15,0,1500,Pass,3,60,,9.919
tx_pwr_DPSKPWR,6,H,8-HDRP,15,0,1500,Pass,3,60,,9.633
tx_pwr_DPSKPWR,7,L,8-HDRP,15,0,1500,Pass,3,60,,9.7
tx_pwr_DPSKPWR,7,M,8-HDRP,15,0,1500,Pass,3,60,,9.43
tx_pwr_DPSKPWR,7,H,8-HDRP,15,0,1500,Pass,3,60,,9.171
tx_pwr_avg,0,L,DH5,15,0,1500,Pass,3,90,,15.967
tx_pwr_avg,0,M,DH5,15,0,1500,Pass,3,90,,15.714
tx_pwr_avg,0,H,DH5,15,0,1500,Pass,3,90,,15.432
tx_pwr_avg,1,L,DH5,15,1,1500,Pass,3,90,,14.508
tx_pwr_avg,1,M,DH5,15,1,1500,Pass,3,90,,14.448
tx_pwr_avg,1,H,DH5,15,1,1500,Pass,3,90,,14.598
tx_pwr_avg,2,L,DH5,15,0,1500,Pass,3,90,,14.338
tx_pwr_avg,2,M,DH5,15,0,1500,Pass,3,90,,14.075
tx_pwr_avg,2,H,DH5,15,0,1500,Pass,3,90,,14.036
tx_pwr_avg,4,L,DH5,15,0,1500,Pass,3,90,,13.85
tx_pwr_avg,4,M,DH5,15,0,1500,Pass,3,90,,13.624
tx_pwr_avg,4,H,DH5,15,0,1500,Pass,3,90,,13.389
tx_pwr_avg,5,L,DH5,15,0,1500,Pass,3,90,,13.377
tx_pwr_avg,5,M,DH5,15,0,1500,Pass,3,90,,13.169
tx_pwr_avg,5,H,DH5,15,0,1500,Pass,3,90,,13.064
tx_pwr_avg,6,L,DH5,15,0,1500,Pass,3,90,,12.941
tx_pwr_avg,6,M,DH5,15,0,1500,Pass,3,90,,12.723
tx_pwr_avg,6,H,DH5,15,0,1500,Pass,3,90,,12.45
tx_pwr_avg,7,L,DH5,15,0,1500,Pass,3,90,,12.402
tx_pwr_avg,7,M,DH5,15,0,1500,Pass,3,90,,12.23
tx_pwr_avg,7,H,DH5,15,0,1500,Pass,3,90,,11.98
tx_pwr_DPSKPWR,0,L,8-DH5,15,0,1500,Pass,3,90,,13.095
tx_pwr_DPSKPWR,0,M,8-DH5,15,0,1500,Pass,3,90,,12.788
tx_pwr_DPSKPWR,0,H,8-DH5,15,0,1500,Pass,3,90,,12.504
tx_pwr_DPSKPWR,1,L,8-DH5,15,1,1500,Pass,3,90,,11.568
tx_pwr_DPSKPWR,1,M,8-DH5,15,1,1500,Pass,3,90,,11.532
tx_pwr_DPSKPWR,1,H,8-DH5,15,1,1500,Pass,3,90,,11.648
tx_pwr_DPSKPWR,2,L,8-DH5,15,0,1500,Pass,3,90,,11.4
tx_pwr_DPSKPWR,2,M,8-DH5,15,0,1500,Pass,3,90,,11.148
tx_pwr_DPSKPWR,2,H,8-DH5,15,0,1500,Pass,3,90,,11.077
tx_pwr_DPSKPWR,4,L,8-DH5,15,0,1500,Pass,3,90,,10.903
tx_pwr_DPSKPWR,4,M,8-DH5,15,0,1500,Pass,3,90,,10.658
tx_pwr_DPSKPWR,4,H,8-DH5,15,0,1500,Pass,3,90,,10.439
tx_pwr_DPSKPWR,5,L,8-DH5,15,0,1500,Pass,3,90,,10.449
tx_pwr_DPSKPWR,5,M,8-DH5,15,0,1500,Pass,3,90,,10.226
tx_pwr_DPSKPWR,5,H,8-DH5,15,0,1500,Pass,3,90,,10.113
tx_pwr_DPSKPWR,6,L,8-DH5,15,0,1500,Pass,3,90,,10.043
tx_pwr_DPSKPWR,6,M,8-DH5,15,0,1500,Pass,3,90,,9.781
tx_pwr_DPSKPWR,6,H,8-DH5,15,0,1500,Pass,3,90,,9.511
tx_pwr_DPSKPWR,7,L,8-DH5,15,0,1500,Pass,3,90,,9.549
tx_pwr_DPSKPWR,7,M,8-DH5,15,0,1500,Pass,3,90,,9.267
tx_pwr_DPSKPWR,7,H,8-DH5,15,0,1500,Pass,3,90,,9.028
tx_pwr_DPSKPWR,0,L,8-HDRP,15,0,1500,Pass,3,90,,12.757
tx_pwr_DPSKPWR,0,M,8-HDRP,15,0,1500,Pass,3,90,,12.452
tx_pwr_DPSKPWR,0,H,8-HDRP,15,0,1500,Pass,3,90,,12.183
tx_pwr_DPSKPWR,1,L,8-HDRP,15,1,1500,Pass,3,90,,11.246
tx_pwr_DPSKPWR,1,M,8-HDRP,15,1,1500,Pass,3,90,,11.202
tx_pwr_DPSKPWR,1,H,8-HDRP,15,1,1500,Pass,3,90,,11.284
tx_pwr_DPSKPWR,2,L,8-HDRP,15,0,1500,Pass,3,90,,11.108
tx_pwr_DPSKPWR,2,M,8-HDRP,15,0,1500,Pass,3,90,,10.828
tx_pwr_DPSKPWR,2,H,8-HDRP,15,0,1500,Pass,3,90,,10.796
tx_pwr_DPSKPWR,4,L,8-HDRP,15,0,1500,Pass,3,90,,10.575
tx_pwr_DPSKPWR,4,M,8-HDRP,15,0,1500,Pass,3,90,,10.374
tx_pwr_DPSKPWR,4,H,8-HDRP,15,0,1500,Pass,3,90,,10.156
tx_pwr_DPSKPWR,5,L,8-HDRP,15,0,1500,Pass,3,90,,10.149
tx_pwr_DPSKPWR,5,M,8-HDRP,15,0,1500,Pass,3,90,,9.899
tx_pwr_DPSKPWR,5,H,8-HDRP,15,0,1500,Pass,3,90,,9.783
tx_pwr_DPSKPWR,6,L,8-HDRP,15,0,1500,Pass,3,90,,9.718
tx_pwr_DPSKPWR,6,M,8-HDRP,15,0,1500,Pass,3,90,,9.439
tx_pwr_DPSKPWR,6,H,8-HDRP,15,0,1500,Pass,3,90,,9.171
tx_pwr_DPSKPWR,7,L,8-HDRP,15,0,1500,Pass,3,90,,9.209
tx_pwr_DPSKPWR,7,M,8-HDRP,15,0,1500,Pass,3,90,,8.916
tx_pwr_DPSKPWR,7,H,8-HDRP,15,0,1500,Pass,3,90,,8.674
tx_pwr_avg,0,L,DH5,15,0,1500,Pass,3,120,,16.536
tx_pwr_avg,0,M,DH5,15,0,1500,Pass,3,120,,16.206
tx_pwr_avg,0,H,DH5,15,0,1500,Pass,3,120,,15.865
tx_pwr_avg,1,L,DH5,15,1,1500,Pass,3,120,,15.306
tx_pwr_avg,1,M,DH5,15,1,1500,Pass,3,120,,15.219
tx_pwr_avg,1,H,DH5,15,1,1500,Pass,3,120,,15.272
tx_pwr_avg,2,L,DH5,15,0,1500,Pass,3,120,,14.54
tx_pwr_avg,2,M,DH5,15,0,1500,Pass,3,120,,14.232
tx_pwr_avg,2,H,DH5,15,0,1500,Pass,3,120,,14.162
tx_pwr_avg,4,L,DH5,15,0,1500,Pass,3,120,,13.869
tx_pwr_avg,4,M,DH5,15,0,1500,Pass,3,120,,13.631
tx_pwr_avg,4,H,DH5,15,0,1500,Pass,3,120,,13.382
tx_pwr_avg,5,L,DH5,15,0,1500,Pass,3,120,,13.379
tx_pwr_avg,5,M,DH5,15,0,1500,Pass,3,120,,13.131
tx_pwr_avg,5,H,DH5,15,0,1500,Pass,3,120,,12.991
tx_pwr_avg,6,L,DH5,15,0,1500,Pass,3,120,,12.86
tx_pwr_avg,6,M,DH5,15,0,1500,Pass,3,120,,12.622
tx_pwr_avg,6,H,DH5,15,0,1500,Pass,3,120,,12.327
tx_pwr_avg,7,L,DH5,15,0,1500,Pass,3,120,,12.27
tx_pwr_avg,7,M,DH5,15,0,1500,Pass,3,120,,12.066
tx_pwr_avg,7,H,DH5,15,0,1500,Pass,3,120,,11.848
tx_pwr_DPSKPWR,0,L,8-DH5,15,0,1500,Pass,3,120,,13.712
tx_pwr_DPSKPWR,0,M,8-DH5,15,0,1500,Pass,3,120,,13.362
tx_pwr_DPSKPWR,0,H,8-DH5,15,0,1500,Pass,3,120,,13.005
tx_pwr_DPSKPWR,1,L,8-DH5,15,1,1500,Pass,3,120,,12.416
tx_pwr_DPSKPWR,1,M,8-DH5,15,1,1500,Pass,3,120,,12.311
tx_pwr_DPSKPWR,1,H,8-DH5,15,1,1500,Pass,3,120,,12.354
tx_pwr_DPSKPWR,2,L,8-DH5,15,0,1500,Pass,3,120,,11.577
tx_pwr_DPSKPWR,2,M,8-DH5,15,0,1500,Pass,3,120,,11.31
tx_pwr_DPSKPWR,2,H,8-DH5,15,0,1500,Pass,3,120,,11.202
tx_pwr_DPSKPWR,4,L,8-DH5,15,0,1500,Pass,3,120,,10.954
tx_pwr_DPSKPWR,4,M,8-DH5,15,0,1500,Pass,3,120,,10.709
tx_pwr_DPSKPWR,4,H,8-DH5,15,0,1500,Pass,3,120,,10.448
tx_pwr_DPSKPWR,5,L,8-DH5,15,0,1500,Pass,3,120,,10.452
tx_pwr_DPSKPWR,5,M,8-DH5,15,0,1500,Pass,3,120,,10.185
tx_pwr_DPSKPWR,5,H,8-DH5,15,0,1500,Pass,3,120,,10.023
tx_pwr_DPSKPWR,6,L,8-DH5,15,0,1500,Pass,3,120,,9.946
tx_pwr_DPSKPWR,6,M,8-DH5,15,0,1500,Pass,3,120,,9.662
tx_pwr_DPSKPWR,6,H,8-DH5,15,0,1500,Pass,3,120,,9.368
tx_pwr_DPSKPWR,7,L,8-DH5,15,0,1500,Pass,3,120,,9.401
tx_pwr_DPSKPWR,7,M,8-DH5,15,0,1500,Pass,3,120,,9.105
tx_pwr_DPSKPWR,7,H,8-DH5,15,0,1500,Pass,3,120,,8.878
tx_pwr_DPSKPWR,0,L,8-HDRP,15,0,1500,Pass,3,120,,13.399
tx_pwr_DPSKPWR,0,M,8-HDRP,15,0,1500,Pass,3,120,,13.026
tx_pwr_DPSKPWR,0,H,8-HDRP,15,0,1500,Pass,3,120,,12.642
tx_pwr_DPSKPWR,1,L,8-HDRP,15,1,1500,Pass,3,120,,12.074
tx_pwr_DPSKPWR,1,M,8-HDRP,15,1,1500,Pass,3,120,,11.958
tx_pwr_DPSKPWR,1,H,8-HDRP,15,1,1500,Pass,3,120,,12.021
tx_pwr_DPSKPWR,2,L,8-HDRP,15,0,1500,Pass,3,120,,11.278
tx_pwr_DPSKPWR,2,M,8-HDRP,15,0,1500,Pass,3,120,,10.995
tx_pwr_DPSKPWR,2,H,8-HDRP,15,0,1500,Pass,3,120,,10.88
tx_pwr_DPSKPWR,4,L,8-HDRP,15,0,1500,Pass,3,120,,10.628
tx_pwr_DPSKPWR,4,M,8-HDRP,15,0,1500,Pass,3,120,,10.369
tx_pwr_DPSKPWR,4,H,8-HDRP,15,0,1500,Pass,3,120,,10.13
tx_pwr_DPSKPWR,5,L,8-HDRP,15,0,1500,Pass,3,120,,10.12
tx_pwr_DPSKPWR,5,M,8-HDRP,15,0,1500,Pass,3,120,,9.847
tx_pwr_DPSKPWR,5,H,8-HDRP,15,0,1500,Pass,3,120,,9.715
tx_pwr_DPSKPWR,6,L,8-HDRP,15,0,1500,Pass,3,120,,9.609
tx_pwr_DPSKPWR,6,M,8-HDRP,15,0,1500,Pass,3,120,,9.339
tx_pwr_DPSKPWR,6,H,8-HDRP,15,0,1500,Pass,3,120,,9.036
tx_pwr_DPSKPWR,7,L,8-HDRP,15,0,1500,Pass,3,120,,9.073
tx_pwr_DPSKPWR,7,M,8-HDRP,15,0,1500,Pass,3,120,,8.767
tx_pwr_DPSKPWR,7,H,8-HDRP,15,0,1500,Pass,3,120,,8.542
tx_pwr_avg,0,L,DH5,15,0,1500,Pass,3,150,,17.032
tx_pwr_avg,0,M,DH5,15,0,1500,Pass,3,150,,16.718
tx_pwr_avg,0,H,DH5,15,0,1500,Pass,3,150,,16.377
tx_pwr_avg,1,L,DH5,15,1,1500,Pass,3,150,,16.199
tx_pwr_avg,1,M,DH5,15,1,1500,Pass,3,150,,16.076
tx_pwr_avg,1,H,DH5,15,1,1500,Pass,3,150,,16.097
tx_pwr_avg,2,L,DH5,15,0,1500,Pass,3,150,,14.895
tx_pwr_avg,2,M,DH5,15,0,1500,Pass,3,150,,14.538
tx_pwr_avg,2,H,DH5,15,0,1500,Pass,3,150,,14.433
tx_pwr_avg,4,L,DH5,15,0,1500,Pass,3,150,,14.153
tx_pwr_avg,4,M,DH5,15,0,1500,Pass,3,150,,13.911
tx_pwr_avg,4,H,DH5,15,0,1500,Pass,3,150,,13.652
tx_pwr_avg,5,L,DH5,15,0,1500,Pass,3,150,,13.629
tx_pwr_avg,5,M,DH5,15,0,1500,Pass,3,150,,13.401
tx_pwr_avg,5,H,DH5,15,0,1500,Pass,3,150,,13.22
tx_pwr_avg,6,L,DH5,15,0,1500,Pass,3,150,,13.089
tx_pwr_avg,6,M,DH5,15,0,1500,Pass,3,150,,12.817
tx_pwr_avg,6,H,DH5,15,0,1500,Pass,3,150,,12.521
tx_pwr_avg,7,L,DH5,15,0,1500,Pass,3,150,,12.476
tx_pwr_avg,7,M,DH5,15,0,1500,Pass,3,150,,12.296
tx_pwr_avg,7,H,DH5,15,0,1500,Pass,3,150,,12.156
tx_pwr_DPSKPWR,0,L,8-DH5,15,0,1500,Fail,3,150,,14.27
tx_pwr_DPSKPWR,0,M,8-DH5,15,0,1500,Fail,3,150,,13.935
tx_pwr_DPSKPWR,0,H,8-DH5,15,0,1500,Fail,3,150,,13.537
tx_pwr_DPSKPWR,1,L,8-DH5,15,1,1500,Pass,3,150,,13.371
tx_pwr_DPSKPWR,1,M,8-DH5,15,1,1500,Pass,3,150,,13.207
tx_pwr_DPSKPWR,1,H,8-DH5,15,1,1500,Pass,3,150,,13.216
tx_pwr_DPSKPWR,2,L,8-DH5,15,0,1500,Pass,3,150,,12.016
tx_pwr_DPSKPWR,2,M,8-DH5,15,0,1500,Pass,3,150,,11.65
tx_pwr_DPSKPWR,2,H,8-DH5,15,0,1500,Pass,3,150,,11.525
tx_pwr_DPSKPWR,4,L,8-DH5,15,0,1500,Pass,3,150,,11.24
tx_pwr_DPSKPWR,4,M,8-DH5,15,0,1500,Pass,3,150,,10.988
tx_pwr_DPSKPWR,4,H,8-DH5,15,0,1500,Pass,3,150,,10.71
tx_pwr_DPSKPWR,5,L,8-DH5,15,0,1500,Pass,3,150,,10.691
tx_pwr_DPSKPWR,5,M,8-DH5,15,0,1500,Pass,3,150,,10.426
tx_pwr_DPSKPWR,5,H,8-DH5,15,0,1500,Pass,3,150,,10.263
tx_pwr_DPSKPWR,6,L,8-DH5,15,0,1500,Pass,3,150,,10.191
tx_pwr_DPSKPWR,6,M,8-DH5,15,0,1500,Pass,3,150,,9.846
tx_pwr_DPSKPWR,6,H,8-DH5,15,0,1500,Pass,3,150,,9.551
tx_pwr_DPSKPWR,7,L,8-DH5,15,0,1500,Pass,3,150,,9.596
tx_pwr_DPSKPWR,7,M,8-DH5,15,0,1500,Pass,3,150,,9.325
tx_pwr_DPSKPWR,7,H,8-DH5,15,0,1500,Pass,3,150,,9.185
tx_pwr_DPSKPWR,0,L,8-HDRP,15,0,1500,Pass,3,150,,13.996
tx_pwr_DPSKPWR,0,M,8-HDRP,15,0,1500,Pass,3,150,,13.637
tx_pwr_DPSKPWR,0,H,8-HDRP,15,0,1500,Pass,3,150,,13.228
tx_pwr_DPSKPWR,1,L,8-HDRP,15,1,1500,Pass,3,150,,13.028
tx_pwr_DPSKPWR,1,M,8-HDRP,15,1,1500,Pass,3,150,,12.865
tx_pwr_DPSKPWR,1,H,8-HDRP,15,1,1500,Pass,3,150,,12.881
tx_pwr_DPSKPWR,2,L,8-HDRP,15,0,1500,Pass,3,150,,11.618
tx_pwr_DPSKPWR,2,M,8-HDRP,15,0,1500,Pass,3,150,,11.309
tx_pwr_DPSKPWR,2,H,8-HDRP,15,0,1500,Pass,3,150,,11.131
tx_pwr_DPSKPWR,4,L,8-HDRP,15,0,1500,Pass,3,150,,10.899
tx_pwr_DPSKPWR,4,M,8-HDRP,15,0,1500,Pass,3,150,,10.638
tx_pwr_DPSKPWR,4,H,8-HDRP,15,0,1500,Pass,3,150,,10.365
tx_pwr_DPSKPWR,5,L,8-HDRP,15,0,1500,Pass,3,150,,10.349
tx_pwr_DPSKPWR,5,M,8-HDRP,15,0,1500,Pass,3,150,,10.086
tx_pwr_DPSKPWR,5,H,8-HDRP,15,0,1500,Pass,3,150,,9.905
tx_pwr_DPSKPWR,6,L,8-HDRP,15,0,1500,Pass,3,150,,9.826
tx_pwr_DPSKPWR,6,M,8-HDRP,15,0,1500,Pass,3,150,,9.493
tx_pwr_DPSKPWR,6,H,8-HDRP,15,0,1500,Pass,3,150,,9.198
tx_pwr_DPSKPWR,7,L,8-HDRP,15,0,1500,Pass,3,150,,9.247
tx_pwr_DPSKPWR,7,M,8-HDRP,15,0,1500,Pass,3,150,,8.967
tx_pwr_DPSKPWR,7,H,8-HDRP,15,0,1500,Pass,3,150,,8.82
tx_pwr_avg,0,L,DH5,15,0,1500,Pass,3,180,,17.345
tx_pwr_avg,0,M,DH5,15,0,1500,Pass,3,180,,17.113
tx_pwr_avg,0,H,DH5,15,0,1500,Pass,3,180,,16.787
tx_pwr_avg,1,L,DH5,15,1,1500,Pass,3,180,,16.832
tx_pwr_avg,1,M,DH5,15,1,1500,Pass,3,180,,16.704
tx_pwr_avg,1,H,DH5,15,1,1500,Pass,3,180,,16.639
tx_pwr_avg,2,L,DH5,15,0,1500,Pass,3,180,,15.28
tx_pwr_avg,2,M,DH5,15,0,1500,Pass,3,180,,14.993
tx_pwr_avg,2,H,DH5,15,0,1500,Pass,3,180,,14.882
tx_pwr_avg,4,L,DH5,15,0,1500,Pass,3,180,,14.635
tx_pwr_avg,4,M,DH5,15,0,1500,Pass,3,180,,14.39
tx_pwr_avg,4,H,DH5,15,0,1500,Pass,3,180,,14.155
tx_pwr_avg,5,L,DH5,15,0,1500,Pass,3,180,,14.138
tx_pwr_avg,5,M,DH5,15,0,1500,Pass,3,180,,13.878
tx_pwr_avg,5,H,DH5,15,0,1500,Pass,3,180,,13.723
tx_pwr_avg,6,L,DH5,15,0,1500,Pass,3,180,,13.582
tx_pwr_avg,6,M,DH5,15,0,1500,Pass,3,180,,13.362
tx_pwr_avg,6,H,DH5,15,0,1500,Pass,3,180,,13.08
tx_pwr_avg,7,L,DH5,15,0,1500,Pass,3,180,,13.042
tx_pwr_avg,7,M,DH5,15,0,1500,Pass,3,180,,12.907
tx_pwr_avg,7,H,DH5,15,0,1500,Pass,3,180,,12.836
tx_pwr_DPSKPWR,0,L,8-DH5,15,0,1500,Fail,3,180,,14.698
tx_pwr_DPSKPWR,0,M,8-DH5,15,0,1500,Fail,3,180,,14.375
tx_pwr_DPSKPWR,0,H,8-DH5,15,0,1500,Fail,3,180,,14.042
tx_pwr_DPSKPWR,1,L,8-DH5,15,1,1500,Pass,3,180,,14.161
tx_pwr_DPSKPWR,1,M,8-DH5,15,1,1500,Pass,3,180,,14.029
tx_pwr_DPSKPWR,1,H,8-DH5,15,1,1500,Pass,3,180,,13.93
tx_pwr_DPSKPWR,2,L,8-DH5,15,0,1500,Pass,3,180,,12.487
tx_pwr_DPSKPWR,2,M,8-DH5,15,0,1500,Pass,3,180,,12.148
tx_pwr_DPSKPWR,2,H,8-DH5,15,0,1500,Pass,3,180,,12.012
tx_pwr_DPSKPWR,4,L,8-DH5,15,0,1500,Pass,3,180,,11.776
tx_pwr_DPSKPWR,4,M,8-DH5,15,0,1500,Pass,3,180,,11.523
tx_pwr_DPSKPWR,4,H,8-DH5,15,0,1500,Pass,3,180,,11.249
tx_pwr_DPSKPWR,5,L,8-DH5,15,0,1500,Pass,3,180,,11.232
tx_pwr_DPSKPWR,5,M,8-DH5,15,0,1500,Pass,3,180,,10.96
tx_pwr_DPSKPWR,5,H,8-DH5,15,0,1500,Pass,3,180,,10.772
tx_pwr_DPSKPWR,6,L,8-DH5,15,0,1500,Pass,3,180,,10.682
tx_pwr_DPSKPWR,6,M,8-DH5,15,0,1500,Pass,3,180,,10.413
tx_pwr_DPSKPWR,6,H,8-DH5,15,0,1500,Pass,3,180,,10.12
tx_pwr_DPSKPWR,7,L,8-DH5,15,0,1500,Pass,3,180,,10.176
tx_pwr_DPSKPWR,7,M,8-DH5,15,0,1500,Pass,3,180,,9.953
tx_pwr_DPSKPWR,7,H,8-DH5,15,0,1500,Pass,3,180,,9.884
tx_pwr_DPSKPWR,0,L,8-HDRP,15,0,1500,Pass,3,180,,14.399
tx_pwr_DPSKPWR,0,M,8-HDRP,15,0,1500,Pass,3,180,,14.097
tx_pwr_DPSKPWR,0,H,8-HDRP,15,0,1500,Pass,3,180,,13.785
tx_pwr_DPSKPWR,1,L,8-HDRP,15,1,1500,Pass,3,180,,13.821
tx_pwr_DPSKPWR,1,M,8-HDRP,15,1,1500,Pass,3,180,,13.666
tx_pwr_DPSKPWR,1,H,8-HDRP,15,1,1500,Pass,3,180,,13.6
tx_pwr_DPSKPWR,2,L,8-HDRP,15,0,1500,Pass,3,180,,12.192
tx_pwr_DPSKPWR,2,M,8-HDRP,15,0,1500,Pass,3,180,,11.883
tx_pwr_DPSKPWR,2,H,8-HDRP,15,0,1500,Pass,3,180,,11.741
tx_pwr_DPSKPWR,4,L,8-HDRP,15,0,1500,Pass,3,180,,11.471
tx_pwr_DPSKPWR,4,M,8-HDRP,15,0,1500,Pass,3,180,,11.183
tx_pwr_DPSKPWR,4,H,8-HDRP,15,0,1500,Pass,3,180,,10.9
tx_pwr_DPSKPWR,5,L,8-HDRP,15,0,1500,Pass,3,180,,10.871
tx_pwr_DPSKPWR,5,M,8-HDRP,15,0,1500,Pass,3,180,,10.593
tx_pwr_DPSKPWR,5,H,8-HDRP,15,0,1500,Pass,3,180,,10.433
tx_pwr_DPSKPWR,6,L,8-HDRP,15,0,1500,Pass,3,180,,10.327
tx_pwr_DPSKPWR,6,M,8-HDRP,15,0,1500,Pass,3,180,,10.042
tx_pwr_DPSKPWR,6,H,8-HDRP,15,0,1500,Pass,3,180,,9.753
tx_pwr_DPSKPWR,7,L,8-HDRP,15,0,1500,Pass,3,180,,9.808
tx_pwr_DPSKPWR,7,M,8-HDRP,15,0,1500,Pass,3,180,,9.587
tx_pwr_DPSKPWR,7,H,8-HDRP,15,0,1500,Pass,3,180,,9.508
tx_pwr_avg,0,L,DH5,15,0,1500,Pass,3,210,,17.212
tx_pwr_avg,0,M,DH5,15,0,1500,Pass,3,210,,17.086
tx_pwr_avg,0,H,DH5,15,0,1500,Pass,3,210,,16.921
tx_pwr_avg,1,L,DH5,15,1,1500,Pass,3,210,,15.419
tx_pwr_avg,1,M,DH5,15,1,1500,Pass,3,210,,15.378
tx_pwr_avg,1,H,DH5,15,1,1500,Pass,3,210,,15.414
tx_pwr_avg,2,L,DH5,15,0,1500,Pass,3,210,,15.405
tx_pwr_avg,2,M,DH5,15,0,1500,Pass,3,210,,15.172
tx_pwr_avg,2,H,DH5,15,0,1500,Pass,3,210,,15.103
tx_pwr_avg,4,L,DH5,15,0,1500,Pass,3,210,,14.905
tx_pwr_avg,4,M,DH5,15,0,1500,Pass,3,210,,14.665
tx_pwr_avg,4,H,DH5,15,0,1500,Pass,3,210,,14.451
tx_pwr_avg,5,L,DH5,15,0,1500,Pass,3,210,,14.467
tx_pwr_avg,5,M,DH5,15,0,1500,Pass,3,210,,14.342
tx_pwr_avg,5,H,DH5,15,0,1500,Pass,3,210,,14.249
tx_pwr_avg,6,L,DH5,15,0,1500,Pass,3,210,,14.168
tx_pwr_avg,6,M,DH5,15,0,1500,Pass,3,210,,14.037
tx_pwr_avg,6,H,DH5,15,0,1500,Pass,3,210,,13.85
tx_pwr_avg,7,L,DH5,15,0,1500,Pass,3,210,,13.872
tx_pwr_avg,7,M,DH5,15,0,1500,Pass,3,210,,13.742
tx_pwr_avg,7,H,DH5,15,0,1500,Pass,3,210,,13.514
tx_pwr_DPSKPWR,0,L,8-DH5,15,0,1500,Pass,3,210,,14.623
tx_pwr_DPSKPWR,0,M,8-DH5,15,0,1500,Pass,3,210,,14.456
tx_pwr_DPSKPWR,0,H,8-DH5,15,0,1500,Pass,3,210,,14.274
tx_pwr_DPSKPWR,1,L,8-DH5,15,1,1500,Pass,3,210,,12.562
tx_pwr_DPSKPWR,1,M,8-DH5,15,1,1500,Pass,3,210,,12.487
tx_pwr_DPSKPWR,1,H,8-DH5,15,1,1500,Pass,3,210,,12.535
tx_pwr_DPSKPWR,2,L,8-DH5,15,0,1500,Pass,3,210,,12.527
tx_pwr_DPSKPWR,2,M,8-DH5,15,0,1500,Pass,3,210,,12.287
tx_pwr_DPSKPWR,2,H,8-DH5,15,0,1500,Pass,3,210,,12.21
tx_pwr_DPSKPWR,4,L,8-DH5,15,0,1500,Pass,3,210,,12.006
tx_pwr_DPSKPWR,4,M,8-DH5,15,0,1500,Pass,3,210,,11.757
tx_pwr_DPSKPWR,4,H,8-DH5,15,0,1500,Pass,3,210,,11.538
tx_pwr_DPSKPWR,5,L,8-DH5,15,0,1500,Pass,3,210,,11.556
tx_pwr_DPSKPWR,5,M,8-DH5,15,0,1500,Pass,3,210,,11.44
tx_pwr_DPSKPWR,5,H,8-DH5,15,0,1500,Pass,3,210,,11.35
tx_pwr_DPSKPWR,6,L,8-DH5,15,0,1500,Pass,3,210,,11.294
tx_pwr_DPSKPWR,6,M,8-DH5,15,0,1500,Pass,3,210,,11.125
tx_pwr_DPSKPWR,6,H,8-DH5,15,0,1500,Pass,3,210,,10.948
tx_pwr_DPSKPWR,7,L,8-DH5,15,0,1500,Pass,3,210,,11.035
tx_pwr_DPSKPWR,7,M,8-DH5,15,0,1500,Pass,3,210,,10.82
tx_pwr_DPSKPWR,7,H,8-DH5,15,0,1500,Pass,3,210,,10.598
tx_pwr_DPSKPWR,0,L,8-HDRP,15,0,1500,Pass,3,210,,14.292
tx_pwr_DPSKPWR,0,M,8-HDRP,15,0,1500,Pass,3,210,,14.128
tx_pwr_DPSKPWR,0,H,8-HDRP,15,0,1500,Pass,3,210,,13.905
tx_pwr_DPSKPWR,1,L,8-HDRP,15,1,1500,Pass,3,210,,12.21
tx_pwr_DPSKPWR,1,M,8-HDRP,15,1,1500,Pass,3,210,,12.134
tx_pwr_DPSKPWR,1,H,8-HDRP,15,1,1500,Pass,3,210,,12.178
tx_pwr_DPSKPWR,2,L,8-HDRP,15,0,1500,Pass,3,210,,12.18
tx_pwr_DPSKPWR,2,M,8-HDRP,15,0,1500,Pass,3,210,,11.952
tx_pwr_DPSKPWR,2,H,8-HDRP,15,0,1500,Pass,3,210,,11.872
tx_pwr_DPSKPWR,4,L,8-HDRP,15,0,1500,Pass,3,210,,11.658
tx_pwr_DPSKPWR,4,M,8-HDRP,15,0,1500,Pass,3,210,,11.404
tx_pwr_DPSKPWR,4,H,8-HDRP,15,0,1500,Pass,3,210,,11.189
tx_pwr_DPSKPWR,5,L,8-HDRP,15,0,1500,Pass,3,210,,11.199
tx_pwr_DPSKPWR,5,M,8-HDRP,15,0,1500,Pass,3,210,,11.096
tx_pwr_DPSKPWR,5,H,8-HDRP,15,0,1500,Pass,3,210,,10.983
tx_pwr_DPSKPWR,6,L,8-HDRP,15,0,1500,Pass,3,210,,10.936
tx_pwr_DPSKPWR,6,M,8-HDRP,15,0,1500,Pass,3,210,,10.761
tx_pwr_DPSKPWR,6,H,8-HDRP,15,0,1500,Pass,3,210,,10.586
tx_pwr_DPSKPWR,7,L,8-HDRP,15,0,1500,Pass,3,210,,10.699
tx_pwr_DPSKPWR,7,M,8-HDRP,15,0,1500,Pass,3,210,,10.467
tx_pwr_DPSKPWR,7,H,8-HDRP,15,0,1500,Pass,3,210,,10.222
tx_pwr_avg,0,L,DH5,15,0,1500,Pass,3,240,,16.811
tx_pwr_avg,0,M,DH5,15,0,1500,Pass,3,240,,16.764
tx_pwr_avg,0,H,DH5,15,0,1500,Pass,3,240,,16.771
tx_pwr_avg,1,L,DH5,15,1,1500,Pass,3,240,,16.84
tx_pwr_avg,1,M,DH5,15,1,1500,Pass,3,240,,16.608
tx_pwr_avg,1,H,DH5,15,1,1500,Pass,3,240,,16.445
tx_pwr_avg,2,L,DH5,15,0,1500,Pass,3,240,,16.067
tx_pwr_avg,2,M,DH5,15,0,1500,Pass,3,240,,15.912
tx_pwr_avg,2,H,DH5,15,0,1500,Pass,3,240,,15.89
tx_pwr_avg,4,L,DH5,15,0,1500,Pass,3,240,,15.763
tx_pwr_avg,4,M,DH5,15,0,1500,Pass,3,240,,15.621
tx_pwr_avg,4,H,DH5,15,0,1500,Pass,3,240,,15.405
tx_pwr_avg,5,L,DH5,15,0,1500,Pass,3,240,,15.448
tx_pwr_avg,5,M,DH5,15,0,1500,Pass,3,240,,15.231
tx_pwr_avg,5,H,DH5,15,0,1500,Pass,3,240,,15.131
tx_pwr_avg,6,L,DH5,15,0,1500,Pass,3,240,,15.055
tx_pwr_avg,6,M,DH5,15,0,1500,Pass,3,240,,14.96
tx_pwr_avg,6,H,DH5,15,0,1500,Pass,3,240,,14.762
tx_pwr_avg,7,L,DH5,15,0,1500,Pass,3,240,,14.852
tx_pwr_avg,7,M,DH5,15,0,1500,Pass,3,240,,14.853
tx_pwr_avg,7,H,DH5,15,0,1500,Pass,3,240,,14.844
tx_pwr_DPSKPWR,0,L,8-DH5,15,0,1500,Pass,3,240,,14.026
tx_pwr_DPSKPWR,0,M,8-DH5,15,0,1500,Pass,3,240,,14.037
tx_pwr_DPSKPWR,0,H,8-DH5,15,0,1500,Pass,3,240,,13.988
tx_pwr_DPSKPWR,1,L,8-DH5,15,1,1500,Pass,3,240,,14.048
tx_pwr_DPSKPWR,1,M,8-DH5,15,1,1500,Pass,3,240,,13.838
tx_pwr_DPSKPWR,1,H,8-DH5,15,1,1500,Pass,3,240,,13.673
tx_pwr_DPSKPWR,2,L,8-DH5,15,0,1500,Pass,3,240,,13.331
tx_pwr_DPSKPWR,2,M,8-DH5,15,0,1500,Pass,3,240,,13.169
tx_pwr_DPSKPWR,2,H,8-DH5,15,0,1500,Pass,3,240,,13.138
tx_pwr_DPSKPWR,4,L,8-DH5,15,0,1500,Pass,3,240,,13.013
tx_pwr_DPSKPWR,4,M,8-DH5,15,0,1500,Pass,3,240,,12.822
tx_pwr_DPSKPWR,4,H,8-DH5,15,0,1500,Pass,3,240,,12.596
tx_pwr_DPSKPWR,5,L,8-DH5,15,0,1500,Pass,3,240,,12.651
tx_pwr_DPSKPWR,5,M,8-DH5,15,0,1500,Pass,3,240,,12.37
tx_pwr_DPSKPWR,5,H,8-DH5,15,0,1500,Pass,3,240,,12.255
tx_pwr_DPSKPWR,6,L,8-DH5,15,0,1500,Pass,3,240,,12.187
tx_pwr_DPSKPWR,6,M,8-DH5,15,0,1500,Pass,3,240,,12.052
tx_pwr_DPSKPWR,6,H,8-DH5,15,0,1500,Pass,3,240,,11.861
tx_pwr_DPSKPWR,7,L,8-DH5,15,0,1500,Pass,3,240,,11.979
tx_pwr_DPSKPWR,7,M,8-DH5,15,0,1500,Pass,3,240,,11.903
tx_pwr_DPSKPWR,7,H,8-DH5,15,0,1500,Pass,3,240,,11.956
tx_pwr_DPSKPWR,0,L,8-HDRP,15,0,1500,Pass,3,240,,13.706
tx_pwr_DPSKPWR,0,M,8-HDRP,15,0,1500,Pass,3,240,,13.723
tx_pwr_DPSKPWR,0,H,8-HDRP,15,0,1500,Pass,3,240,,13.64
tx_pwr_DPSKPWR,1,L,8-HDRP,15,1,1500,Pass,3,240,,13.708
tx_pwr_DPSKPWR,1,M,8-HDRP,15,1,1500,Pass,3,240,,13.526
tx_pwr_DPSKPWR,1,H,8-HDRP,15,1,1500,Pass,3,240,,13.35
tx_pwr_DPSKPWR,2,L,8-HDRP,15,0,1500,Pass,3,240,,13.004
tx_pwr_DPSKPWR,2,M,8-HDRP,15,0,1500,Pass,3,240,,12.861
tx_pwr_DPSKPWR,2,H,8-HDRP,15,0,1500,Pass,3,240,,12.823
tx_pwr_DPSKPWR,4,L,8-HDRP,15,0,1500,Pass,3,240,,12.688
tx_pwr_DPSKPWR,4,M,8-HDRP,15,0,1500,Pass,3,240,,12.489
tx_pwr_DPSKPWR,4,H,8-HDRP,15,0,1500,Pass,3,240,,12.272
tx_pwr_DPSKPWR,5,L,8-HDRP,15,0,1500,Pass,3,240,,12.304
tx_pwr_DPSKPWR,5,M,8-HDRP,15,0,1500,Pass,3,240,,12.035
tx_pwr_DPSKPWR,5,H,8-HDRP,15,0,1500,Pass,3,240,,11.923
tx_pwr_DPSKPWR,6,L,8-HDRP,15,0,1500,Pass,3,240,,11.852
tx_pwr_DPSKPWR,6,M,8-HDRP,15,0,1500,Pass,3,240,,11.711
tx_pwr_DPSKPWR,6,H,8-HDRP,15,0,1500,Pass,3,240,,11.527
tx_pwr_DPSKPWR,7,L,8-HDRP,15,0,1500,Pass,3,240,,11.654
tx_pwr_DPSKPWR,7,M,8-HDRP,15,0,1500,Pass,3,240,,11.573
tx_pwr_DPSKPWR,7,H,8-HDRP,15,0,1500,Pass,3,240,,11.605
tx_pwr_avg,0,L,DH5,15,0,1500,Pass,3,270,,16.157
tx_pwr_avg,0,M,DH5,15,0,1500,Pass,3,270,,16.202
tx_pwr_avg,0,H,DH5,15,0,1500,Pass,3,270,,16.298
tx_pwr_avg,1,L,DH5,15,1,1500,Pass,3,270,,15.986
tx_pwr_avg,1,M,DH5,15,1,1500,Pass,3,270,,15.823
tx_pwr_avg,1,H,DH5,15,1,1500,Pass,3,270,,15.738
tx_pwr_avg,2,L,DH5,15,0,1500,Pass,3,270,,16.199
tx_pwr_avg,2,M,DH5,15,0,1500,Pass,3,270,,16.168
tx_pwr_avg,2,H,DH5,15,0,1500,Pass,3,270,,16.219
tx_pwr_avg,4,L,DH5,15,0,1500,Pass,3,270,,16.13
tx_pwr_avg,4,M,DH5,15,0,1500,Pass,3,270,,16.024
tx_pwr_avg,4,H,DH5,15,0,1500,Pass,3,270,,15.884
tx_pwr_avg,5,L,DH5,15,0,1500,Pass,3,270,,15.96
tx_pwr_avg,5,M,DH5,15,0,1500,Pass,3,270,,15.804
tx_pwr_avg,5,H,DH5,15,0,1500,Pass,3,270,,15.766
tx_pwr_avg,6,L,DH5,15,0,1500,Pass,3,270,,15.72
tx_pwr_avg,6,M,DH5,15,0,1500,Pass,3,270,,15.694
tx_pwr_avg,6,H,DH5,15,0,1500,Pass,3,270,,15.538
tx_pwr_avg,7,L,DH5,15,0,1500,Pass,3,270,,15.663
tx_pwr_avg,7,M,DH5,15,0,1500,Pass,3,270,,15.594
tx_pwr_avg,7,H,DH5,15,0,1500,Pass,3,270,,15.654
tx_pwr_DPSKPWR,0,L,8-DH5,15,0,1500,Pass,3,270,,13.218
tx_pwr_DPSKPWR,0,M,8-DH5,15,0,1500,Pass,3,270,,13.294
tx_pwr_DPSKPWR,0,H,8-DH5,15,0,1500,Pass,3,270,,13.381
tx_pwr_DPSKPWR,1,L,8-DH5,15,1,1500,Pass,3,270,,13.163
tx_pwr_DPSKPWR,1,M,8-DH5,15,1,1500,Pass,3,270,,12.988
tx_pwr_DPSKPWR,1,H,8-DH5,15,1,1500,Pass,3,270,,12.907
tx_pwr_DPSKPWR,2,L,8-DH5,15,0,1500,Pass,3,270,,13.474
tx_pwr_DPSKPWR,2,M,8-DH5,15,0,1500,Pass,3,270,,13.429
tx_pwr_DPSKPWR,2,H,8-DH5,15,0,1500,Pass,3,270,,13.446
tx_pwr_DPSKPWR,4,L,8-DH5,15,0,1500,Pass,3,270,,13.382
tx_pwr_DPSKPWR,4,M,8-DH5,15,0,1500,Pass,3,270,,13.232
tx_pwr_DPSKPWR,4,H,8-DH5,15,0,1500,Pass,3,270,,13.117
tx_pwr_DPSKPWR,5,L,8-DH5,15,0,1500,Pass,3,270,,13.153
tx_pwr_DPSKPWR,5,M,8-DH5,15,0,1500,Pass,3,270,,12.993
tx_pwr_DPSKPWR,5,H,8-DH5,15,0,1500,Pass,3,270,,12.946
tx_pwr_DPSKPWR,6,L,8-DH5,15,0,1500,Pass,3,270,,12.91
tx_pwr_DPSKPWR,6,M,8-DH5,15,0,1500,Pass,3,270,,12.826
tx_pwr_DPSKPWR,6,H,8-DH5,15,0,1500,Pass,3,270,,12.666
tx_pwr_DPSKPWR,7,L,8-DH5,15,0,1500,Pass,3,270,,12.783
tx_pwr_DPSKPWR,7,M,8-DH5,15,0,1500,Pass,3,270,,12.731
tx_pwr_DPSKPWR,7,H,8-DH5,15,0,1500,Pass,3,270,,12.708
tx_pwr_DPSKPWR,0,L,8-HDRP,15,0,1500,Pass,3,270,,12.981
tx_pwr_DPSKPWR,0,M,8-HDRP,15,0,1500,Pass,3,270,,12.976
tx_pwr_DPSKPWR,0,H,8-HDRP,15,0,1500,Pass,3,270,,13.007
tx_pwr_DPSKPWR,1,L,8-HDRP,15,1,1500,Pass,3,270,,12.794
tx_pwr_DPSKPWR,1,M,8-HDRP,15,1,1500,Pass,3,270,,12.647
tx_pwr_DPSKPWR,1,H,8-HDRP,15,1,1500,Pass,3,270,,12.564
tx_pwr_DPSKPWR,2,L,8-HDRP,15,0,1500,Pass,3,270,,13.138
tx_pwr_DPSKPWR,2,M,8-HDRP,15,0,1500,Pass,3,270,,13.102
tx_pwr_DPSKPWR,2,H,8-HDRP,15,0,1500,Pass,3,270,,13.13
tx_pwr_DPSKPWR,4,L,8-HDRP,15,0,1500,Pass,3,270,,13.069
tx_pwr_DPSKPWR,4,M,8-HDRP,15,0,1500,Pass,3,270,,12.957
tx_pwr_DPSKPWR,4,H,8-HDRP,15,0,1500,Pass,3,270,,12.8
tx_pwr_DPSKPWR,5,L,8-HDRP,15,0,1500,Pass,3,270,,12.83
tx_pwr_DPSKPWR,5,M,8-HDRP,15,0,1500,Pass,3,270,,12.677
tx_pwr_DPSKPWR,5,H,8-HDRP,15,0,1500,Pass,3,270,,12.595
tx_pwr_DPSKPWR,6,L,8-HDRP,15,0,1500,Pass,3,270,,12.576
tx_pwr_DPSKPWR,6,M,8-HDRP,15,0,1500,Pass,3,270,,12.471
tx_pwr_DPSKPWR,6,H,8-HDRP,15,0,1500,Pass,3,270,,12.332
tx_pwr_DPSKPWR,7,L,8-HDRP,15,0,1500,Pass,3,270,,12.472
tx_pwr_DPSKPWR,7,M,8-HDRP,15,0,1500,Pass,3,270,,12.351
tx_pwr_DPSKPWR,7,H,8-HDRP,15,0,1500,Pass,3,270,,12.364
tx_pwr_avg,0,L,DH5,15,0,1500,Pass,3,300,,15.548
tx_pwr_avg,0,M,DH5,15,0,1500,Pass,3,300,,15.633
tx_pwr_avg,0,H,DH5,15,0,1500,Pass,3,300,,15.73
tx_pwr_avg,1,L,DH5,15,1,1500,Pass,3,300,,15.219
tx_pwr_avg,1,M,DH5,15,1,1500,Pass,3,300,,15.134
tx_pwr_avg,1,H,DH5,15,1,1500,Pass,3,300,,15.201
tx_pwr_avg,2,L,DH5,15,0,1500,Pass,3,300,,15.544
tx_pwr_avg,2,M,DH5,15,0,1500,Pass,3,300,,15.392
tx_pwr_avg,2,H,DH5,15,0,1500,Pass,3,300,,15.356
tx_pwr_avg,4,L,DH5,15,0,1500,Pass,3,300,,15.25
tx_pwr_avg,4,M,DH5,15,0,1500,Pass,3,300,,15.098
tx_pwr_avg,4,H,DH5,15,0,1500,Pass,3,300,,14.956
tx_pwr_avg,5,L,DH5,15,0,1500,Pass,3,300,,14.981
tx_pwr_avg,5,M,DH5,15,0,1500,Pass,3,300,,14.857
tx_pwr_avg,5,H,DH5,15,0,1500,Pass,3,300,,14.769
tx_pwr_avg,6,L,DH5,15,0,1500,Pass,3,300,,14.704
tx_pwr_avg,6,M,DH5,15,0,1500,Pass,3,300,,14.604
tx_pwr_avg,6,H,DH5,15,0,1500,Pass,3,300,,14.453
tx_pwr_avg,7,L,DH5,15,0,1500,Pass,3,300,,14.486
tx_pwr_avg,7,M,DH5,15,0,1500,Pass,3,300,,14.364
tx_pwr_avg,7,H,DH5,15,0,1500,Pass,3,300,,14.213
tx_pwr_DPSKPWR,0,L,8-DH5,15,0,1500,Pass,3,300,,12.556
tx_pwr_DPSKPWR,0,M,8-DH5,15,0,1500,Pass,3,300,,12.714
tx_pwr_DPSKPWR,0,H,8-DH5,15,0,1500,Pass,3,300,,12.79
tx_pwr_DPSKPWR,1,L,8-DH5,15,1,1500,Pass,3,300,,12.33
tx_pwr_DPSKPWR,1,M,8-DH5,15,1,1500,Pass,3,300,,12.248
tx_pwr_DPSKPWR,1,H,8-DH5,15,1,1500,Pass,3,300,,12.313
tx_pwr_DPSKPWR,2,L,8-DH5,15,0,1500,Pass,3,300,,12.713
tx_pwr_DPSKPWR,2,M,8-DH5,15,0,1500,Pass,3,300,,12.547
tx_pwr_DPSKPWR,2,H,8-DH5,15,0,1500,Pass,3,300,,12.521
tx_pwr_DPSKPWR,4,L,8-DH5,15,0,1500,Pass,3,300,,12.393
tx_pwr_DPSKPWR,4,M,8-DH5,15,0,1500,Pass,3,300,,12.242
tx_pwr_DPSKPWR,4,H,8-DH5,15,0,1500,Pass,3,300,,12.064
tx_pwr_DPSKPWR,5,L,8-DH5,15,0,1500,Pass,3,300,,12.093
tx_pwr_DPSKPWR,5,M,8-DH5,15,0,1500,Pass,3,300,,11.958
tx_pwr_DPSKPWR,5,H,8-DH5,15,0,1500,Pass,3,300,,11.867
tx_pwr_DPSKPWR,6,L,8-DH5,15,0,1500,Pass,3,300,,11.844
tx_pwr_DPSKPWR,6,M,8-DH5,15,0,1500,Pass,3,300,,11.689
tx_pwr_DPSKPWR,6,H,8-DH5,15,0,1500,Pass,3,300,,11.556
tx_pwr_DPSKPWR,7,L,8-DH5,15,0,1500,Pass,3,300,,11.656
tx_pwr_DPSKPWR,7,M,8-DH5,15,0,1500,Pass,3,300,,11.511
tx_pwr_DPSKPWR,7,H,8-DH5,15,0,1500,Pass,3,300,,11.335
tx_pwr_DPSKPWR,0,L,8-HDRP,15,0,1500,Pass,3,300,,12.239
tx_pwr_DPSKPWR,0,M,8-HDRP,15,0,1500,Pass,3,300,,12.251
tx_pwr_DPSKPWR,0,H,8-HDRP,15,0,1500,Pass,3,300,,12.376
tx_pwr_DPSKPWR,1,L,8-HDRP,15,1,1500,Pass,3,300,,12.059
tx_pwr_DPSKPWR,1,M,8-HDRP,15,1,1500,Pass,3,300,,11.994
tx_pwr_DPSKPWR,1,H,8-HDRP,15,1,1500,Pass,3,300,,12.044
tx_pwr_DPSKPWR,2,L,8-HDRP,15,0,1500,Pass,3,300,,12.465
tx_pwr_DPSKPWR,2,M,8-HDRP,15,0,1500,Pass,3,300,,12.292
tx_pwr_DPSKPWR,2,H,8-HDRP,15,0,1500,Pass,3,300,,12.235
tx_pwr_DPSKPWR,4,L,8-HDRP,15,0,1500,Pass,3,300,,12.109
tx_pwr_DPSKPWR,4,M,8-HDRP,15,0,1500,Pass,3,300,,11.928
tx_pwr_DPSKPWR,4,H,8-HDRP,15,0,1500,Pass,3,300,,11.707
tx_pwr_DPSKPWR,5,L,8-HDRP,15,0,1500,Pass,3,300,,11.741
tx_pwr_DPSKPWR,5,M,8-HDRP,15,0,1500,Pass,3,300,,11.625
tx_pwr_DPSKPWR,5,H,8-HDRP,15,0,1500,Pass,3,300,,11.535
tx_pwr_DPSKPWR,6,L,8-HDRP,15,0,1500,Pass,3,300,,11.489
tx_pwr_DPSKPWR,6,M,8-HDRP,15,0,1500,Pass,3,300,,11.365
tx_pwr_DPSKPWR,6,H,8-HDRP,15,0,1500,Pass,3,300,,11.184
tx_pwr_DPSKPWR,7,L,8-HDRP,15,0,1500,Pass,3,300,,11.285
tx_pwr_DPSKPWR,7,M,8-HDRP,15,0,1500,Pass,3,300,,11.123
tx_pwr_DPSKPWR,7,H,8-HDRP,15,0,1500,Pass,3,300,,10.938
tx_pwr_avg,0,L,DH5,15,0,1500,Pass,3,330,,15.1
tx_pwr_avg,0,M,DH5,15,0,1500,Pass,3,330,,15.164
tx_pwr_avg,0,H,DH5,15,0,1500,Pass,3,330,,15.231
tx_pwr_avg,1,L,DH5,15,1,1500,Pass,3,330,,14.119
tx_pwr_avg,1,M,DH5,15,1,1500,Pass,3,330,,14.117
tx_pwr_avg,1,H,DH5,15,1,1500,Pass,3,330,,14.251
tx_pwr_avg,2,L,DH5,15,0,1500,Pass,3,330,,15.776
tx_pwr_avg,2,M,DH5,15,0,1500,Pass,3,330,,15.76
tx_pwr_avg,2,H,DH5,15,0,1500,Pass,3,330,,15.813
tx_pwr_avg,4,L,DH5,15,0,1500,Pass,3,330,,15.792
tx_pwr_avg,4,M,DH5,15,0,1500,Pass,3,330,,15.709
tx_pwr_avg,4,H,DH5,15,0,1500,Pass,3,330,,15.639
tx_pwr_avg,5,L,DH5,15,0,1500,Pass,3,330,,15.686
tx_pwr_avg,5,M,DH5,15,0,1500,Pass,3,330,,15.628
tx_pwr_avg,5,H,DH5,15,0,1500,Pass,3,330,,15.574
tx_pwr_avg,6,L,DH5,15,0,1500,Pass,3,330,,15.54
tx_pwr_avg,6,M,DH5,15,0,1500,Pass,3,330,,15.45
tx_pwr_avg,6,H,DH5,15,0,1500,Pass,3,330,,15.334
tx_pwr_avg,7,L,DH5,15,0,1500,Pass,3,330,,15.379
tx_pwr_avg,7,M,DH5,15,0,1500,Pass,3,330,,15.228
tx_pwr_avg,7,H,DH5,15,0,1500,Pass,3,330,,15.219
tx_pwr_DPSKPWR,0,L,8-DH5,15,0,1500,Pass,3,330,,12.193
tx_pwr_DPSKPWR,0,M,8-DH5,15,0,1500,Pass,3,330,,12.226
tx_pwr_DPSKPWR,0,H,8-DH5,15,0,1500,Pass,3,330,,12.27
tx_pwr_DPSKPWR,1,L,8-DH5,15,1,1500,Pass,3,330,,11.276
tx_pwr_DPSKPWR,1,M,8-DH5,15,1,1500,Pass,3,330,,11.293
tx_pwr_DPSKPWR,1,H,8-DH5,15,1,1500,Pass,3,330,,11.328
tx_pwr_DPSKPWR,2,L,8-DH5,15,0,1500,Pass,3,330,,12.752
tx_pwr_DPSKPWR,2,M,8-DH5,15,0,1500,Pass,3,330,,12.556
tx_pwr_DPSKPWR,2,H,8-DH5,15,0,1500,Pass,3,330,,12.722
tx_pwr_DPSKPWR,4,L,8-DH5,15,0,1500,Pass,3,330,,12.632
tx_pwr_DPSKPWR,4,M,8-DH5,15,0,1500,Pass,3,330,,12.474
tx_pwr_DPSKPWR,4,H,8-DH5,15,0,1500,Pass,3,330,,12.325
tx_pwr_DPSKPWR,5,L,8-DH5,15,0,1500,Pass,3,330,,12.347
tx_pwr_DPSKPWR,5,M,8-DH5,15,0,1500,Pass,3,330,,12.172
tx_pwr_DPSKPWR,5,H,8-DH5,15,0,1500,Pass,3,330,,12.234
tx_pwr_DPSKPWR,6,L,8-DH5,15,0,1500,Pass,3,330,,12.368
tx_pwr_DPSKPWR,6,M,8-DH5,15,0,1500,Pass,3,330,,12.29
tx_pwr_DPSKPWR,6,H,8-DH5,15,0,1500,Pass,3,330,,12.161
tx_pwr_DPSKPWR,7,L,8-DH5,15,0,1500,Pass,3,330,,12.274
tx_pwr_DPSKPWR,7,M,8-DH5,15,0,1500,Pass,3,330,,12.241
tx_pwr_DPSKPWR,7,H,8-DH5,15,0,1500,Pass,3,330,,12.218
tx_pwr_DPSKPWR,0,L,8-HDRP,15,0,1500,Pass,3,330,,11.873
tx_pwr_DPSKPWR,0,M,8-HDRP,15,0,1500,Pass,3,330,,11.911
tx_pwr_DPSKPWR,0,H,8-HDRP,15,0,1500,Pass,3,330,,11.953
tx_pwr_DPSKPWR,1,L,8-HDRP,15,1,1500,Pass,3,330,,11.007
tx_pwr_DPSKPWR,1,M,8-HDRP,15,1,1500,Pass,3,330,,11.014
tx_pwr_DPSKPWR,1,H,8-HDRP,15,1,1500,Pass,3,330,,11.141
tx_pwr_DPSKPWR,2,L,8-HDRP,15,0,1500,Pass,3,330,,12.346
tx_pwr_DPSKPWR,2,M,8-HDRP,15,0,1500,Pass,3,330,,12.164
tx_pwr_DPSKPWR,2,H,8-HDRP,15,0,1500,Pass,3,330,,12.338
tx_pwr_DPSKPWR,4,L,8-HDRP,15,0,1500,Pass,3,330,,12.226
tx_pwr_DPSKPWR,4,M,8-HDRP,15,0,1500,Pass,3,330,,12.179
tx_pwr_DPSKPWR,4,H,8-HDRP,15,0,1500,Pass,3,330,,12.061
tx_pwr_DPSKPWR,5,L,8-HDRP,15,0,1500,Pass,3,330,,12.122
tx_pwr_DPSKPWR,5,M,8-HDRP,15,0,1500,Pass,3,330,,11.933
tx_pwr_DPSKPWR,5,H,8-HDRP,15,0,1500,Pass,3,330,,11.887
tx_pwr_DPSKPWR,6,L,8-HDRP,15,0,1500,Pass,3,330,,11.828
tx_pwr_DPSKPWR,6,M,8-HDRP,15,0,1500,Pass,3,330,,11.941
tx_pwr_DPSKPWR,6,H,8-HDRP,15,0,1500,Pass,3,330,,11.841
tx_pwr_DPSKPWR,7,L,8-HDRP,15,0,1500,Pass,3,330,,11.908
tx_pwr_DPSKPWR,7,M,8-HDRP,15,0,1500,Pass,3,330,,11.832
tx_pwr_DPSKPWR,7,H,8-HDRP,15,0,1500,Pass,3,330,,11.841
tx_pwr_avg,0,M,DH5,15,0,1200,Pass,1,0,,14.063
tx_pwr_avg,1,M,DH5,15,1,1200,Pass,1,0,,13.27
tx_pwr_avg,2,M,DH5,15,0,1200,Pass,1,0,,13.054
tx_pwr_avg,4,M,DH5,15,0,1200,Pass,1,0,,12.645
tx_pwr_avg,5,M,DH5,15,0,1200,Pass,1,0,,12.289
tx_pwr_avg,6,M,DH5,15,0,1200,Pass,1,0,,11.978
tx_pwr_avg,7,M,DH5,15,0,1200,Pass,1,0,,11.655
tx_pwr_DPSKPWR,0,M,8-DH5,15,0,1200,Pass,1,0,,11.108
tx_pwr_DPSKPWR,1,M,8-DH5,15,1,1200,Pass,1,0,,10.346
tx_pwr_DPSKPWR,2,M,8-DH5,15,0,1200,Pass,1,0,,10.149
tx_pwr_DPSKPWR,4,M,8-DH5,15,0,1200,Pass,1,0,,9.765
tx_pwr_DPSKPWR,5,M,8-DH5,15,0,1200,Pass,1,0,,9.386
tx_pwr_DPSKPWR,6,M,8-DH5,15,0,1200,Pass,1,0,,9.042
tx_pwr_DPSKPWR,7,M,8-DH5,15,0,1200,Pass,1,0,,8.721
tx_pwr_DPSKPWR,0,M,8-HDRP,15,0,1200,Pass,1,0,,10.765
tx_pwr_DPSKPWR,1,M,8-HDRP,15,1,1200,Pass,1,0,,10.053
tx_pwr_DPSKPWR,2,M,8-HDRP,15,0,1200,Pass,1,0,,9.878
tx_pwr_DPSKPWR,4,M,8-HDRP,15,0,1200,Pass,1,0,,9.488
tx_pwr_DPSKPWR,5,M,8-HDRP,15,0,1200,Pass,1,0,,9.117
tx_pwr_DPSKPWR,6,M,8-HDRP,15,0,1200,Pass,1,0,,8.771
tx_pwr_DPSKPWR,7,M,8-HDRP,15,0,1200,Pass,1,0,,8.445
tx_pwr_avg,0,M,DH5,15,0,1200,Pass,2,0,,13.229
tx_pwr_avg,1,M,DH5,15,1,1200,Pass,2,0,,12.295
tx_pwr_avg,2,M,DH5,15,0,1200,Pass,2,0,,13.139
tx_pwr_avg,4,M,DH5,15,0,1200,Pass,2,0,,12.938
tx_pwr_avg,5,M,DH5,15,0,1200,Pass,2,0,,12.72
tx_pwr_avg,6,M,DH5,15,0,1200,Pass,2,0,,12.441
tx_pwr_avg,7,M,DH5,15,0,1200,Pass,2,0,,12.188
tx_pwr_DPSKPWR,0,M,8-DH5,15,0,1200,Pass,2,0,,10.387
tx_pwr_DPSKPWR,1,M,8-DH5,15,1,1200,Pass,2,0,,9.391
tx_pwr_DPSKPWR,2,M,8-DH5,15,0,1200,Pass,2,0,,10.213
tx_pwr_DPSKPWR,4,M,8-DH5,15,0,1200,Pass,2,0,,9.981
tx_pwr_DPSKPWR,5,M,8-DH5,15,0,1200,Pass,2,0,,9.776
tx_pwr_DPSKPWR,6,M,8-DH5,15,0,1200,Pass,2,0,,9.515
tx_pwr_DPSKPWR,7,M,8-DH5,15,0,1200,Pass,2,0,,9.276
tx_pwr_DPSKPWR,0,M,8-HDRP,15,0,1200,Pass,2,0,,10.055
tx_pwr_DPSKPWR,1,M,8-HDRP,15,1,1200,Pass,2,0,,9.044
tx_pwr_DPSKPWR,2,M,8-HDRP,15,0,1200,Pass,2,0,,9.892
tx_pwr_DPSKPWR,4,M,8-HDRP,15,0,1200,Pass,2,0,,9.701
tx_pwr_DPSKPWR,5,M,8-HDRP,15,0,1200,Pass,2,0,,9.481
tx_pwr_DPSKPWR,6,M,8-HDRP,15,0,1200,Pass,2,0,,9.214
tx_pwr_DPSKPWR,7,M,8-HDRP,15,0,1200,Pass,2,0,,8.943
tx_pwr_avg,0,M,DH5,15,0,1200,Pass,2,30,,13.251
tx_pwr_avg,1,M,DH5,15,1,1200,Pass,2,30,,12.314
tx_pwr_avg,2,M,DH5,15,0,1200,Pass,2,30,,12.925
tx_pwr_avg,4,M,DH5,15,0,1200,Pass,2,30,,12.653
tx_pwr_avg,5,M,DH5,15,0,1200,Pass,2,30,,12.36
tx_pwr_avg,6,M,DH5,15,0,1200,Pass,2,30,,12.064
tx_pwr_avg,7,M,DH5,15,0,1200,Pass,2,30,,11.672
tx_pwr_DPSKPWR,0,M,8-DH5,15,0,1200,Pass,2,30,,10.3
tx_pwr_DPSKPWR,1,M,8-DH5,15,1,1200,Pass,2,30,,9.355
tx_pwr_DPSKPWR,2,M,8-DH5,15,0,1200,Pass,2,30,,9.971
tx_pwr_DPSKPWR,4,M,8-DH5,15,0,1200,Pass,2,30,,9.686
tx_pwr_DPSKPWR,5,M,8-DH5,15,0,1200,Pass,2,30,,9.393
tx_pwr_DPSKPWR,6,M,8-DH5,15,0,1200,Pass,2,30,,9.116
tx_pwr_DPSKPWR,7,M,8-DH5,15,0,1200,Pass,2,30,,8.741
tx_pwr_DPSKPWR,0,M,8-HDRP,15,0,1200,Pass,2,30,,10.045
tx_pwr_DPSKPWR,1,M,8-HDRP,15,1,1200,Pass,2,30,,9.013
tx_pwr_DPSKPWR,2,M,8-HDRP,15,0,1200,Pass,2,30,,9.647
tx_pwr_DPSKPWR,4,M,8-HDRP,15,0,1200,Pass,2,30,,9.392
tx_pwr_DPSKPWR,5,M,8-HDRP,15,0,1200,Pass,2,30,,9.088
tx_pwr_DPSKPWR,6,M,8-HDRP,15,0,1200,Pass,2,30,,8.746
tx_pwr_DPSKPWR,7,M,8-HDRP,15,0,1200,Pass,2,30,,8.373
tx_pwr_avg,0,M,DH5,15,0,1200,Pass,2,60,,13.512
tx_pwr_avg,1,M,DH5,15,1,1200,Pass,2,60,,12.501
tx_pwr_avg,2,M,DH5,15,0,1200,Pass,2,60,,12.647
tx_pwr_avg,4,M,DH5,15,0,1200,Pass,2,60,,12.318
tx_pwr_avg,5,M,DH5,15,0,1200,Pass,2,60,,11.943
tx_pwr_avg,6,M,DH5,15,0,1200,Pass,2,60,,11.544
tx_pwr_avg,7,M,DH5,15,0,1200,Pass,2,60,,11.14
tx_pwr_DPSKPWR,0,M,8-DH5,15,0,1200,Pass,2,60,,10.548
tx_pwr_DPSKPWR,1,M,8-DH5,15,1,1200,Pass,2,60,,9.523
tx_pwr_DPSKPWR,2,M,8-DH5,15,0,1200,Pass,2,60,,9.667
tx_pwr_DPSKPWR,4,M,8-DH5,15,0,1200,Pass,2,60,,9.353
tx_pwr_DPSKPWR,5,M,8-DH5,15,0,1200,Pass,2,60,,8.978
tx_pwr_DPSKPWR,6,M,8-DH5,15,0,1200,Pass,2,60,,8.584
tx_pwr_DPSKPWR,7,M,8-DH5,15,0,1200,Pass,2,60,,8.207
tx_pwr_DPSKPWR,0,M,8-HDRP,15,0,1200,Pass,2,60,,10.239
tx_pwr_DPSKPWR,1,M,8-HDRP,15,1,1200,Pass,2,60,,9.187
tx_pwr_DPSKPWR,2,M,8-HDRP,15,0,1200,Pass,2,60,,9.351
tx_pwr_DPSKPWR,4,M,8-HDRP,15,0,1200,Pass,2,60,,9.006
tx_pwr_DPSKPWR,5,M,8-HDRP,15,0,1200,Pass,2,60,,8.677
tx_pwr_DPSKPWR,6,M,8-HDRP,15,0,1200,Pass,2,60,,8.261
tx_pwr_DPSKPWR,7,M,8-HDRP,15,0,1200,Pass,2,60,,7.881
tx_pwr_avg,0,M,DH5,15,0,1200,Pass,2,90,,13.892
tx_pwr_avg,1,M,DH5,15,1,1200,Pass,2,90,,12.846
tx_pwr_avg,2,M,DH5,15,0,1200,Pass,2,90,,12.514
tx_pwr_avg,4,M,DH5,15,0,1200,Pass,2,90,,12.028
tx_pwr_avg,5,M,DH5,15,0,1200,Pass,2,90,,11.609
tx_pwr_avg,6,M,DH5,15,0,1200,Pass,2,90,,11.184
tx_pwr_avg,7,M,DH5,15,0,1200,Pass,2,90,,10.708
tx_pwr_DPSKPWR,0,M,8-DH5,15,0,1200,Pass,2,90,,10.945
tx_pwr_DPSKPWR,1,M,8-DH5,15,1,1200,Pass,2,90,,9.936
tx_pwr_DPSKPWR,2,M,8-DH5,15,0,1200,Pass,2,90,,9.546
tx_pwr_DPSKPWR,4,M,8-DH5,15,0,1200,Pass,2,90,,9.078
tx_pwr_DPSKPWR,5,M,8-DH5,15,0,1200,Pass,2,90,,8.671
tx_pwr_DPSKPWR,6,M,8-DH5,15,0,1200,Pass,2,90,,8.255
tx_pwr_DPSKPWR,7,M,8-DH5,15,0,1200,Pass,2,90,,7.781
tx_pwr_DPSKPWR,0,M,8-HDRP,15,0,1200,Pass,2,90,,10.604
tx_pwr_DPSKPWR,1,M,8-HDRP,15,1,1200,Pass,2,90,,9.6
tx_pwr_DPSKPWR,2,M,8-HDRP,15,0,1200,Pass,2,90,,9.197
tx_pwr_DPSKPWR,4,M,8-HDRP,15,0,1200,Pass,2,90,,8.73
tx_pwr_DPSKPWR,5,M,8-HDRP,15,0,1200,Pass,2,90,,8.322
tx_pwr_DPSKPWR,6,M,8-HDRP,15,0,1200,Pass,2,90,,7.912
tx_pwr_DPSKPWR,7,M,8-HDRP,15,0,1200,Pass,2,90,,7.43
tx_pwr_avg,0,M,DH5,15,0,1200,Pass,2,120,,14.269
tx_pwr_avg,1,M,DH5,15,1,1200,Pass,2,120,,13.461
tx_pwr_avg,2,M,DH5,15,0,1200,Pass,2,120,,12.609
tx_pwr_avg,4,M,DH5,15,0,1200,Pass,2,120,,12.072
tx_pwr_avg,5,M,DH5,15,0,1200,Pass,2,120,,11.623
tx_pwr_avg,6,M,DH5,15,0,1200,Pass,2,120,,11.167
tx_pwr_avg,7,M,DH5,15,0,1200,Pass,2,120,,10.673
tx_pwr_DPSKPWR,0,M,8-DH5,15,0,1200,Pass,2,120,,11.354
tx_pwr_DPSKPWR,1,M,8-DH5,15,1,1200,Pass,2,120,,10.529
tx_pwr_DPSKPWR,2,M,8-DH5,15,0,1200,Pass,2,120,,9.685
tx_pwr_DPSKPWR,4,M,8-DH5,15,0,1200,Pass,2,120,,9.14
tx_pwr_DPSKPWR,5,M,8-DH5,15,0,1200,Pass,2,120,,8.682
tx_pwr_DPSKPWR,6,M,8-DH5,15,0,1200,Pass,2,120,,8.226
tx_pwr_DPSKPWR,7,M,8-DH5,15,0,1200,Pass,2,120,,7.732
tx_pwr_DPSKPWR,0,M,8-HDRP,15,0,1200,Pass,2,120,,11.015
tx_pwr_DPSKPWR,1,M,8-HDRP,15,1,1200,Pass,2,120,,10.202
tx_pwr_DPSKPWR,2,M,8-HDRP,15,0,1200,Pass,2,120,,9.383
tx_pwr_DPSKPWR,4,M,8-HDRP,15,0,1200,Pass,2,120,,8.833
tx_pwr_DPSKPWR,5,M,8-HDRP,15,0,1200,Pass,2,120,,8.351
tx_pwr_DPSKPWR,6,M,8-HDRP,15,0,1200,Pass,2,120,,7.89
tx_pwr_DPSKPWR,7,M,8-HDRP,15,0,1200,Pass,2,120,,7.401
tx_pwr_avg,0,M,DH5,15,0,1200,Pass,2,150,,14.324
tx_pwr_avg,1,M,DH5,15,1,1200,Pass,2,150,,14.019
tx_pwr_avg,2,M,DH5,15,0,1200,Pass,2,150,,12.816
tx_pwr_avg,4,M,DH5,15,0,1200,Pass,2,150,,12.29
tx_pwr_avg,5,M,DH5,15,0,1200,Pass,2,150,,11.795
tx_pwr_avg,6,M,DH5,15,0,1200,Pass,2,150,,11.312
tx_pwr_avg,7,M,DH5,15,0,1200,Pass,2,150,,10.841
tx_pwr_DPSKPWR,0,M,8-DH5,15,0,1200,Pass,2,150,,11.398
tx_pwr_DPSKPWR,1,M,8-DH5,15,1,1200,Pass,2,150,,11.131
tx_pwr_DPSKPWR,2,M,8-DH5,15,0,1200,Pass,2,150,,9.897
tx_pwr_DPSKPWR,4,M,8-DH5,15,0,1200,Pass,2,150,,9.353
tx_pwr_DPSKPWR,5,M,8-DH5,15,0,1200,Pass,2,150,,8.87
tx_pwr_DPSKPWR,6,M,8-DH5,15,0,1200,Pass,2,150,,8.383
tx_pwr_DPSKPWR,7,M,8-DH5,15,0,1200,Pass,2,150,,7.909
tx_pwr_DPSKPWR,0,M,8-HDRP,15,0,1200,Pass,2,150,,11.036
tx_pwr_DPSKPWR,1,M,8-HDRP,15,1,1200,Pass,2,150,,10.81
tx_pwr_DPSKPWR,2,M,8-HDRP,15,0,1200,Pass,2,150,,9.556
tx_pwr_DPSKPWR,4,M,8-HDRP,15,0,1200,Pass,2,150,,9.024
tx_pwr_DPSKPWR,5,M,8-HDRP,15,0,1200,Pass,2,150,,8.529
tx_pwr_DPSKPWR,6,M,8-HDRP,15,0,1200,Pass,2,150,,8.049
tx_pwr_DPSKPWR,7,M,8-HDRP,15,0,1200,Pass,2,150,,7.574
tx_pwr_avg,0,M,DH5,15,0,1200,Pass,2,180,,14.975
tx_pwr_avg,1,M,DH5,15,1,1200,Pass,2,180,,14.493
tx_pwr_avg,2,M,DH5,15,0,1200,Pass,2,180,,13.195
tx_pwr_avg,4,M,DH5,15,0,1200,Pass,2,180,,12.674
tx_pwr_avg,5,M,DH5,15,0,1200,Pass,2,180,,12.211
tx_pwr_avg,6,M,DH5,15,0,1200,Pass,2,180,,11.718
tx_pwr_avg,7,M,DH5,15,0,1200,Pass,2,180,,11.285
tx_pwr_DPSKPWR,0,M,8-DH5,15,0,1200,Pass,2,180,,12.083
tx_pwr_DPSKPWR,1,M,8-DH5,15,1,1200,Pass,2,180,,11.623
tx_pwr_DPSKPWR,2,M,8-DH5,15,0,1200,Pass,2,180,,10.293
tx_pwr_DPSKPWR,4,M,8-DH5,15,0,1200,Pass,2,180,,9.748
tx_pwr_DPSKPWR,5,M,8-DH5,15,0,1200,Pass,2,180,,9.283
tx_pwr_DPSKPWR,6,M,8-DH5,15,0,1200,Pass,2,180,,8.768
tx_pwr_DPSKPWR,7,M,8-DH5,15,0,1200,Pass,2,180,,8.337
tx_pwr_DPSKPWR,0,M,8-HDRP,15,0,1200,Pass,2,180,,11.779
tx_pwr_DPSKPWR,1,M,8-HDRP,15,1,1200,Pass,2,180,,11.275
tx_pwr_DPSKPWR,2,M,8-HDRP,15,0,1200,Pass,2,180,,9.96
tx_pwr_DPSKPWR,4,M,8-HDRP,15,0,1200,Pass,2,180,,9.403
tx_pwr_DPSKPWR,5,M,8-HDRP,15,0,1200,Pass,2,180,,8.932
tx_pwr_DPSKPWR,6,M,8-HDRP,15,0,1200,Pass,2,180,,8.415
tx_pwr_DPSKPWR,7,M,8-HDRP,15,0,1200,Pass,2,180,,7.983
tx_pwr_avg,0,M,DH5,15,0,1200,Pass,2,210,,14.991
tx_pwr_avg,1,M,DH5,15,1,1200,Pass,2,210,,13.532
tx_pwr_avg,2,M,DH5,15,0,1200,Pass,2,210,,13.219
tx_pwr_avg,4,M,DH5,15,0,1200,Pass,2,210,,12.708
tx_pwr_avg,5,M,DH5,15,0,1200,Pass,2,210,,12.401
tx_pwr_avg,6,M,DH5,15,0,1200,Pass,2,210,,12.098
tx_pwr_avg,7,M,DH5,15,0,1200,Pass,2,210,,11.796
tx_pwr_DPSKPWR,0,M,8-DH5,15,0,1200,Pass,2,210,,12.104
tx_pwr_DPSKPWR,1,M,8-DH5,15,1,1200,Pass,2,210,,10.62
tx_pwr_DPSKPWR,2,M,8-DH5,15,0,1200,Pass,2,210,,10.301
tx_pwr_DPSKPWR,4,M,8-DH5,15,0,1200,Pass,2,210,,9.785
tx_pwr_DPSKPWR,5,M,8-DH5,15,0,1200,Pass,2,210,,9.468
tx_pwr_DPSKPWR,6,M,8-DH5,15,0,1200,Pass,2,210,,9.154
tx_pwr_DPSKPWR,7,M,8-DH5,15,0,1200,Pass,2,210,,8.875
tx_pwr_DPSKPWR,0,M,8-HDRP,15,0,1200,Pass,2,210,,11.782
tx_pwr_DPSKPWR,1,M,8-HDRP,15,1,1200,Pass,2,210,,10.274
tx_pwr_DPSKPWR,2,M,8-HDRP,15,0,1200,Pass,2,210,,9.974
tx_pwr_DPSKPWR,4,M,8-HDRP,15,0,1200,Pass,2,210,,9.45
tx_pwr_DPSKPWR,5,M,8-HDRP,15,0,1200,Pass,2,210,,9.136
tx_pwr_DPSKPWR,6,M,8-HDRP,15,0,1200,Pass,2,210,,8.825
tx_pwr_DPSKPWR,7,M,8-HDRP,15,0,1200,Pass,2,210,,8.531
tx_pwr_avg,0,M,DH5,15,0,1200,Pass,2,240,,14.756
tx_pwr_avg,1,M,DH5,15,1,1200,Pass,2,240,,14.373
tx_pwr_avg,2,M,DH5,15,0,1200,Pass,2,240,,13.884
tx_pwr_avg,4,M,DH5,15,0,1200,Pass,2,240,,13.551
tx_pwr_avg,5,M,DH5,15,0,1200,Pass,2,240,,13.158
tx_pwr_avg,6,M,DH5,15,0,1200,Pass,2,240,,12.846
tx_pwr_avg,7,M,DH5,15,0,1200,Pass,2,240,,12.61
tx_pwr_DPSKPWR,0,M,8-DH5,15,0,1200,Pass,2,240,,11.852
tx_pwr_DPSKPWR,1,M,8-DH5,15,1,1200,Pass,2,240,,11.48
tx_pwr_DPSKPWR,2,M,8-DH5,15,0,1200,Pass,2,240,,11.008
tx_pwr_DPSKPWR,4,M,8-DH5,15,0,1200,Pass,2,240,,10.636
tx_pwr_DPSKPWR,5,M,8-DH5,15,0,1200,Pass,2,240,,10.223
tx_pwr_DPSKPWR,6,M,8-DH5,15,0,1200,Pass,2,240,,9.91
tx_pwr_DPSKPWR,7,M,8-DH5,15,0,1200,Pass,2,240,,9.668
tx_pwr_DPSKPWR,0,M,8-HDRP,15,0,1200,Pass,2,240,,11.505
tx_pwr_DPSKPWR,1,M,8-HDRP,15,1,1200,Pass,2,240,,11.134
tx_pwr_DPSKPWR,2,M,8-HDRP,15,0,1200,Pass,2,240,,10.668
tx_pwr_DPSKPWR,4,M,8-HDRP,15,0,1200,Pass,2,240,,10.302
tx_pwr_DPSKPWR,5,M,8-HDRP,15,0,1200,Pass,2,240,,9.885
tx_pwr_DPSKPWR,6,M,8-HDRP,15,0,1200,Pass,2,240,,9.558
tx_pwr_DPSKPWR,7,M,8-HDRP,15,0,1200,Pass,2,240,,9.328
tx_pwr_avg,0,M,DH5,15,0,1200,Pass,2,270,,14.261
tx_pwr_avg,1,M,DH5,15,1,1200,Pass,2,270,,13.769
tx_pwr_avg,2,M,DH5,15,0,1200,Pass,2,270,,13.948
tx_pwr_avg,4,M,DH5,15,0,1200,Pass,2,270,,13.728
tx_pwr_avg,5,M,DH5,15,0,1200,Pass,2,270,,13.415
tx_pwr_avg,6,M,DH5,15,0,1200,Pass,2,270,,13.185
tx_pwr_avg,7,M,DH5,15,0,1200,Pass,2,270,,13.045
tx_pwr_DPSKPWR,0,M,8-DH5,15,0,1200,Pass,2,270,,11.343
tx_pwr_DPSKPWR,1,M,8-DH5,15,1,1200,Pass,2,270,,10.854
tx_pwr_DPSKPWR,2,M,8-DH5,15,0,1200,Pass,2,270,,11.085
tx_pwr_DPSKPWR,4,M,8-DH5,15,0,1200,Pass,2,270,,10.85
tx_pwr_DPSKPWR,5,M,8-DH5,15,0,1200,Pass,2,270,,10.515
tx_pwr_DPSKPWR,6,M,8-DH5,15,0,1200,Pass,2,270,,10.279
tx_pwr_DPSKPWR,7,M,8-DH5,15,0,1200,Pass,2,270,,10.095
tx_pwr_DPSKPWR,0,M,8-HDRP,15,0,1200,Pass,2,270,,11.012
tx_pwr_DPSKPWR,1,M,8-HDRP,15,1,1200,Pass,2,270,,10.528
tx_pwr_DPSKPWR,2,M,8-HDRP,15,0,1200,Pass,2,270,,10.75
tx_pwr_DPSKPWR,4,M,8-HDRP,15,0,1200,Pass,2,270,,10.494
tx_pwr_DPSKPWR,5,M,8-HDRP,15,0,1200,Pass,2,270,,10.157
tx_pwr_DPSKPWR,6,M,8-HDRP,15,0,1200,Pass,2,270,,9.928
tx_pwr_DPSKPWR,7,M,8-HDRP,15,0,1200,Pass,2,270,,9.758
tx_pwr_avg,0,M,DH5,15,0,1200,Pass,2,300,,13.835
tx_pwr_avg,1,M,DH5,15,1,1200,Pass,2,300,,13.202
tx_pwr_avg,2,M,DH5,15,0,1200,Pass,2,300,,13.986
tx_pwr_avg,4,M,DH5,15,0,1200,Pass,2,300,,13.861
tx_pwr_avg,5,M,DH5,15,0,1200,Pass,2,300,,13.603
tx_pwr_avg,6,M,DH5,15,0,1200,Pass,2,300,,13.423
tx_pwr_avg,7,M,DH5,15,0,1200,Pass,2,300,,13.225
tx_pwr_DPSKPWR,0,M,8-DH5,15,0,1200,Pass,2,300,,10.91
tx_pwr_DPSKPWR,1,M,8-DH5,15,1,1200,Pass,2,300,,10.306
tx_pwr_DPSKPWR,2,M,8-DH5,15,0,1200,Pass,2,300,,11.085
tx_pwr_DPSKPWR,4,M,8-DH5,15,0,1200,Pass,2,300,,10.96
tx_pwr_DPSKPWR,5,M,8-DH5,15,0,1200,Pass,2,300,,10.695
tx_pwr_DPSKPWR,6,M,8-DH5,15,0,1200,Pass,2,300,,10.499
tx_pwr_DPSKPWR,7,M,8-DH5,15,0,1200,Pass,2,300,,10.311
tx_pwr_DPSKPWR,0,M,8-HDRP,15,0,1200,Pass,2,300,,10.563
tx_pwr_DPSKPWR,1,M,8-HDRP,15,1,1200,Pass,2,300,,9.993
tx_pwr_DPSKPWR,2,M,8-HDRP,15,0,1200,Pass,2,300,,10.773
tx_pwr_DPSKPWR,4,M,8-HDRP,15,0,1200,Pass,2,300,,10.642
tx_pwr_DPSKPWR,5,M,8-HDRP,15,0,1200,Pass,2,300,,10.374
tx_pwr_DPSKPWR,6,M,8-HDRP,15,0,1200,Pass,2,300,,10.179
tx_pwr_DPSKPWR,7,M,8-HDRP,15,0,1200,Pass,2,300,,9.952
tx_pwr_avg,0,M,DH5,15,0,1200,Pass,2,330,,13.536
tx_pwr_avg,1,M,DH5,15,1,1200,Pass,2,330,,12.747
tx_pwr_avg,2,M,DH5,15,0,1200,Pass,2,330,,13.708
tx_pwr_avg,4,M,DH5,15,0,1200,Pass,2,330,,13.619
tx_pwr_avg,5,M,DH5,15,0,1200,Pass,2,330,,13.416
tx_pwr_avg,6,M,DH5,15,0,1200,Pass,2,330,,13.2
tx_pwr_avg,7,M,DH5,15,0,1200,Pass,2,330,,12.925
tx_pwr_DPSKPWR,0,M,8-DH5,15,0,1200,Pass,2,330,,10.604
tx_pwr_DPSKPWR,1,M,8-DH5,15,1,1200,Pass,2,330,,9.725
tx_pwr_DPSKPWR,2,M,8-DH5,15,0,1200,Pass,2,330,,10.784
tx_pwr_DPSKPWR,4,M,8-DH5,15,0,1200,Pass,2,330,,10.646
tx_pwr_DPSKPWR,5,M,8-DH5,15,0,1200,Pass,2,330,,10.442
tx_pwr_DPSKPWR,6,M,8-DH5,15,0,1200,Pass,2,330,,10.23
tx_pwr_DPSKPWR,7,M,8-DH5,15,0,1200,Pass,2,330,,9.962
tx_pwr_DPSKPWR,0,M,8-HDRP,15,0,1200,Pass,2,330,,10.262
tx_pwr_DPSKPWR,1,M,8-HDRP,15,1,1200,Pass,2,330,,9.416
tx_pwr_DPSKPWR,2,M,8-HDRP,15,0,1200,Pass,2,330,,10.471
tx_pwr_DPSKPWR,4,M,8-HDRP,15,0,1200,Pass,2,330,,10.325
tx_pwr_DPSKPWR,5,M,8-HDRP,15,0,1200,Pass,2,330,,10.137
tx_pwr_DPSKPWR,6,M,8-HDRP,15,0,1200,Pass,2,330,,9.919
tx_pwr_DPSKPWR,7,M,8-HDRP,15,0,1200,Pass,2,330,,9.656
tx_pwr_avg,0,M,DH5,15,0,1200,Pass,3,0,,13.042
tx_pwr_avg,1,M,DH5,15,1,1200,Pass,3,0,,11.958
tx_pwr_avg,2,M,DH5,15,0,1200,Pass,3,0,,13.305
tx_pwr_avg,4,M,DH5,15,0,1200,Pass,3,0,,13.148
tx_pwr_avg,5,M,DH5,15,0,1200,Pass,3,0,,12.993
tx_pwr_avg,6,M,DH5,15,0,1200,Pass,3,0,,12.762
tx_pwr_avg,7,M,DH5,15,0,1200,Pass,3,0,,12.415
tx_pwr_DPSKPWR,0,M,8-DH5,15,0,1200,Pass,3,0,,10.08
tx_pwr_DPSKPWR,1,M,8-DH5,15,1,1200,Pass,3,0,,9.033
tx_pwr_DPSKPWR,2,M,8-DH5,15,0,1200,Pass,3,0,,10.397
tx_pwr_DPSKPWR,4,M,8-DH5,15,0,1200,Pass,3,0,,10.261
tx_pwr_DPSKPWR,5,M,8-DH5,15,0,1200,Pass,3,0,,10.082
tx_pwr_DPSKPWR,6,M,8-DH5,15,0,1200,Pass,3,0,,9.86
tx_pwr_DPSKPWR,7,M,8-DH5,15,0,1200,Pass,3,0,,9.592
tx_pwr_DPSKPWR,0,M,8-HDRP,15,0,1200,Pass,3,0,,9.737
tx_pwr_DPSKPWR,1,M,8-HDRP,15,1,1200,Pass,3,0,,8.676
tx_pwr_DPSKPWR,2,M,8-HDRP,15,0,1200,Pass,3,0,,10.05
tx_pwr_DPSKPWR,4,M,8-HDRP,15,0,1200,Pass,3,0,,9.898
tx_pwr_DPSKPWR,5,M,8-HDRP,15,0,1200,Pass,3,0,,9.728
tx_pwr_DPSKPWR,6,M,8-HDRP,15,0,1200,Pass,3,0,,9.487
tx_pwr_DPSKPWR,7,M,8-HDRP,15,0,1200,Pass,3,0,,9.185
tx_pwr_avg,0,M,DH5,15,0,1200,Pass,3,30,,13.047
tx_pwr_avg,1,M,DH5,15,1,1200,Pass,3,30,,11.742
tx_pwr_avg,2,M,DH5,15,0,1200,Pass,3,30,,12.675
tx_pwr_avg,4,M,DH5,15,0,1200,Pass,3,30,,12.459
tx_pwr_avg,5,M,DH5,15,0,1200,Pass,3,30,,12.155
tx_pwr_avg,6,M,DH5,15,0,1200,Pass,3,30,,11.826
tx_pwr_avg,7,M,DH5,15,0,1200,Pass,3,30,,11.455
tx_pwr_DPSKPWR,0,M,8-DH5,15,0,1200,Pass,3,30,,10.082
tx_pwr_DPSKPWR,1,M,8-DH5,15,1,1200,Pass,3,30,,8.742
tx_pwr_DPSKPWR,2,M,8-DH5,15,0,1200,Pass,3,30,,9.78
tx_pwr_DPSKPWR,4,M,8-DH5,15,0,1200,Pass,3,30,,9.546
tx_pwr_DPSKPWR,5,M,8-DH5,15,0,1200,Pass,3,30,,9.222
tx_pwr_DPSKPWR,6,M,8-DH5,15,0,1200,Pass,3,30,,8.89
tx_pwr_DPSKPWR,7,M,8-DH5,15,0,1200,Pass,3,30,,8.529
tx_pwr_DPSKPWR,0,M,8-HDRP,15,0,1200,Pass,3,30,,9.728
tx_pwr_DPSKPWR,1,M,8-HDRP,15,1,1200,Pass,3,30,,8.439
tx_pwr_DPSKPWR,2,M,8-HDRP,15,0,1200,Pass,3,30,,9.418
tx_pwr_DPSKPWR,4,M,8-HDRP,15,0,1200,Pass,3,30,,9.209
tx_pwr_DPSKPWR,5,M,8-HDRP,15,0,1200,Pass,3,30,,8.873
tx_pwr_DPSKPWR,6,M,8-HDRP,15,0,1200,Pass,3,30,,8.564
tx_pwr_DPSKPWR,7,M,8-HDRP,15,0,1200,Pass,3,30,,8.179
tx_pwr_avg,0,M,DH5,15,0,1200,Pass,3,60,,13.323
tx_pwr_avg,1,M,DH5,15,1,1200,Pass,3,60,,12.044
tx_pwr_avg,2,M,DH5,15,0,1200,Pass,3,60,,12.324
tx_pwr_avg,4,M,DH5,15,0,1200,Pass,3,60,,11.959
tx_pwr_avg,5,M,DH5,15,0,1200,Pass,3,60,,11.546
tx_pwr_avg,6,M,DH5,15,0,1200,Pass,3,60,,11.17
tx_pwr_avg,7,M,DH5,15,0,1200,Pass,3,60,,10.727
tx_pwr_DPSKPWR,0,M,8-DH5,15,0,1200,Pass,3,60,,10.35
tx_pwr_DPSKPWR,1,M,8-DH5,15,1,1200,Pass,3,60,,9.1
tx_pwr_DPSKPWR,2,M,8-DH5,15,0,1200,Pass,3,60,,9.364
tx_pwr_DPSKPWR,4,M,8-DH5,15,0,1200,Pass,3,60,,8.978
tx_pwr_DPSKPWR,5,M,8-DH5,15,0,1200,Pass,3,60,,8.624
tx_pwr_DPSKPWR,6,M,8-DH5,15,0,1200,Pass,3,60,,8.283
tx_pwr_DPSKPWR,7,M,8-DH5,15,0,1200,Pass,3,60,,7.83
tx_pwr_DPSKPWR,0,M,8-HDRP,15,0,1200,Pass,3,60,,10.023
tx_pwr_DPSKPWR,1,M,8-HDRP,15,1,1200,Pass,3,60,,8.792
tx_pwr_DPSKPWR,2,M,8-HDRP,15,0,1200,Pass,3,60,,9.006
tx_pwr_DPSKPWR,4,M,8-HDRP,15,0,1200,Pass,3,60,,8.665
tx_pwr_DPSKPWR,5,M,8-HDRP,15,0,1200,Pass,3,60,,8.282
tx_pwr_DPSKPWR,6,M,8-HDRP,15,0,1200,Pass,3,60,,7.899
tx_pwr_DPSKPWR,7,M,8-HDRP,15,0,1200,Pass,3,60,,7.479
tx_pwr_avg,0,M,DH5,15,0,1200,Pass,3,90,,13.752
tx_pwr_avg,1,M,DH5,15,1,1200,Pass,3,90,,12.546
tx_pwr_avg,2,M,DH5,15,0,1200,Pass,3,90,,12.151
tx_pwr_avg,4,M,DH5,15,0,1200,Pass,3,90,,11.636
tx_pwr_avg,5,M,DH5,15,0,1200,Pass,3,90,,11.191
tx_pwr_avg,6,M,DH5,15,0,1200,Pass,3,90,,10.737
tx_pwr_avg,7,M,DH5,15,0,1200,Pass,3,90,,10.228
tx_pwr_DPSKPWR,0,M,8-DH5,15,0,1200,Pass,3,90,,10.799
tx_pwr_DPSKPWR,1,M,8-DH5,15,1,1200,Pass,3,90,,9.558
tx_pwr_DPSKPWR,2,M,8-DH5,15,0,1200,Pass,3,90,,9.17
tx_pwr_DPSKPWR,4,M,8-DH5,15,0,1200,Pass,3,90,,8.677
tx_pwr_DPSKPWR,5,M,8-DH5,15,0,1200,Pass,3,90,,8.214
tx_pwr_DPSKPWR,6,M,8-DH5,15,0,1200,Pass,3,90,,7.755
tx_pwr_DPSKPWR,7,M,8-DH5,15,0,1200,Pass,3,90,,7.276
tx_pwr_DPSKPWR,0,M,8-HDRP,15,0,1200,Pass,3,90,,10.464
tx_pwr_DPSKPWR,1,M,8-HDRP,15,1,1200,Pass,3,90,,9.227
tx_pwr_DPSKPWR,2,M,8-HDRP,15,0,1200,Pass,3,90,,8.838
tx_pwr_DPSKPWR,4,M,8-HDRP,15,0,1200,Pass,3,90,,8.354
tx_pwr_DPSKPWR,5,M,8-HDRP,15,0,1200,Pass,3,90,,7.914
tx_pwr_DPSKPWR,6,M,8-HDRP,15,0,1200,Pass,3,90,,7.448
tx_pwr_DPSKPWR,7,M,8-HDRP,15,0,1200,Pass,3,90,,6.93
tx_pwr_avg,0,M,DH5,15,0,1200,Pass,3,120,,14.305
tx_pwr_avg,1,M,DH5,15,1,1200,Pass,3,120,,13.343
tx_pwr_avg,2,M,DH5,15,0,1200,Pass,3,120,,12.26
tx_pwr_avg,4,M,DH5,15,0,1200,Pass,3,120,,11.679
tx_pwr_avg,5,M,DH5,15,0,1200,Pass,3,120,,11.184
tx_pwr_avg,6,M,DH5,15,0,1200,Pass,3,120,,10.652
tx_pwr_avg,7,M,DH5,15,0,1200,Pass,3,120,,10.102
tx_pwr_DPSKPWR,0,M,8-DH5,15,0,1200,Pass,3,120,,11.368
tx_pwr_DPSKPWR,1,M,8-DH5,15,1,1200,Pass,3,120,,10.399
tx_pwr_DPSKPWR,2,M,8-DH5,15,0,1200,Pass,3,120,,9.355
tx_pwr_DPSKPWR,4,M,8-DH5,15,0,1200,Pass,3,120,,8.737
tx_pwr_DPSKPWR,5,M,8-DH5,15,0,1200,Pass,3,120,,8.226
tx_pwr_DPSKPWR,6,M,8-DH5,15,0,1200,Pass,3,120,,7.693
tx_pwr_DPSKPWR,7,M,8-DH5,15,0,1200,Pass,3,120,,7.134
tx_pwr_DPSKPWR,0,M,8-HDRP,15,0,1200,Pass,3,120,,11.04
tx_pwr_DPSKPWR,1,M,8-HDRP,15,1,1200,Pass,3,120,,10.07
tx_pwr_DPSKPWR,2,M,8-HDRP,15,0,1200,Pass,3,120,,8.964
tx_pwr_DPSKPWR,4,M,8-HDRP,15,0,1200,Pass,3,120,,8.374
tx_pwr_DPSKPWR,5,M,8-HDRP,15,0,1200,Pass,3,120,,7.884
tx_pwr_DPSKPWR,6,M,8-HDRP,15,0,1200,Pass,3,120,,7.38
tx_pwr_DPSKPWR,7,M,8-HDRP,15,0,1200,Pass,3,120,,6.813
tx_pwr_avg,0,M,DH5,15,0,1200,Pass,3,150,,14.881
tx_pwr_avg,1,M,DH5,15,1,1200,Pass,3,150,,14.267
tx_pwr_avg,2,M,DH5,15,0,1200,Pass,3,150,,12.66
tx_pwr_avg,4,M,DH5,15,0,1200,Pass,3,150,,11.967
tx_pwr_avg,5,M,DH5,15,0,1200,Pass,3,150,,11.427
tx_pwr_avg,6,M,DH5,15,0,1200,Pass,3,150,,10.841
tx_pwr_avg,7,M,DH5,15,0,1200,Pass,3,150,,10.319
tx_pwr_DPSKPWR,0,M,8-DH5,15,0,1200,Pass,3,150,,11.959
tx_pwr_DPSKPWR,1,M,8-DH5,15,1,1200,Pass,3,150,,11.354
tx_pwr_DPSKPWR,2,M,8-DH5,15,0,1200,Pass,3,150,,9.618
tx_pwr_DPSKPWR,4,M,8-DH5,15,0,1200,Pass,3,150,,9.009
tx_pwr_DPSKPWR,5,M,8-DH5,15,0,1200,Pass,3,150,,8.467
tx_pwr_DPSKPWR,6,M,8-DH5,15,0,1200,Pass,3,150,,7.883
tx_pwr_DPSKPWR,7,M,8-DH5,15,0,1200,Pass,3,150,,7.361
tx_pwr_DPSKPWR,0,M,8-HDRP,15,0,1200,Pass,3,150,,11.662
tx_pwr_DPSKPWR,1,M,8-HDRP,15,1,1200,Pass,3,150,,11.019
tx_pwr_DPSKPWR,2,M,8-HDRP,15,0,1200,Pass,3,150,,9.396
tx_pwr_DPSKPWR,4,M,8-HDRP,15,0,1200,Pass,3,150,,8.689
tx_pwr_DPSKPWR,5,M,8-HDRP,15,0,1200,Pass,3,150,,8.137
tx_pwr_DPSKPWR,6,M,8-HDRP,15,0,1200,Pass,3,150,,7.548
tx_pwr_DPSKPWR,7,M,8-HDRP,15,0,1200,Pass,3,150,,7.026
tx_pwr_avg,0,M,DH5,15,0,1200,Pass,3,180,,15.314
tx_pwr_avg,1,M,DH5,15,1,1200,Pass,3,180,,15.014
tx_pwr_avg,2,M,DH5,15,0,1200,Pass,3,180,,13.159
tx_pwr_avg,4,M,DH5,15,0,1200,Pass,3,180,,12.478
tx_pwr_avg,5,M,DH5,15,0,1200,Pass,3,180,,11.974
tx_pwr_avg,6,M,DH5,15,0,1200,Pass,3,180,,11.378
tx_pwr_avg,7,M,DH5,15,0,1200,Pass,3,180,,10.92
tx_pwr_DPSKPWR,0,M,8-DH5,15,0,1200,Pass,3,180,,12.451
tx_pwr_DPSKPWR,1,M,8-DH5,15,1,1200,Pass,3,180,,12.131
tx_pwr_DPSKPWR,2,M,8-DH5,15,0,1200,Pass,3,180,,10.224
tx_pwr_DPSKPWR,4,M,8-DH5,15,0,1200,Pass,3,180,,9.531
tx_pwr_DPSKPWR,5,M,8-DH5,15,0,1200,Pass,3,180,,8.985
tx_pwr_DPSKPWR,6,M,8-DH5,15,0,1200,Pass,3,180,,8.4
tx_pwr_DPSKPWR,7,M,8-DH5,15,0,1200,Pass,3,180,,7.935
tx_pwr_DPSKPWR,0,M,8-HDRP,15,0,1200,Pass,3,180,,12.154
tx_pwr_DPSKPWR,1,M,8-HDRP,15,1,1200,Pass,3,180,,11.793
tx_pwr_DPSKPWR,2,M,8-HDRP,15,0,1200,Pass,3,180,,9.864
tx_pwr_DPSKPWR,4,M,8-HDRP,15,0,1200,Pass,3,180,,9.176
tx_pwr_DPSKPWR,5,M,8-HDRP,15,0,1200,Pass,3,180,,8.653
tx_pwr_DPSKPWR,6,M,8-HDRP,15,0,1200,Pass,3,180,,8.056
tx_pwr_DPSKPWR,7,M,8-HDRP,15,0,1200,Pass,3,180,,7.602
tx_pwr_avg,0,M,DH5,15,0,1200,Pass,3,210,,15.383
tx_pwr_avg,1,M,DH5,15,1,1200,Pass,3,210,,13.479
tx_pwr_avg,2,M,DH5,15,0,1200,Pass,3,210,,13.234
tx_pwr_avg,4,M,DH5,15,0,1200,Pass,3,210,,12.702
tx_pwr_avg,5,M,DH5,15,0,1200,Pass,3,210,,12.376
tx_pwr_avg,6,M,DH5,15,0,1200,Pass,3,210,,12.073
tx_pwr_avg,7,M,DH5,15,0,1200,Pass,3,210,,11.789
tx_pwr_DPSKPWR,0,M,8-DH5,15,0,1200,Pass,3,210,,12.523
tx_pwr_DPSKPWR,1,M,8-DH5,15,1,1200,Pass,3,210,,10.528
tx_pwr_DPSKPWR,2,M,8-DH5,15,0,1200,Pass,3,210,,10.289
tx_pwr_DPSKPWR,4,M,8-DH5,15,0,1200,Pass,3,210,,9.773
tx_pwr_DPSKPWR,5,M,8-DH5,15,0,1200,Pass,3,210,,9.433
tx_pwr_DPSKPWR,6,M,8-DH5,15,0,1200,Pass,3,210,,9.12
tx_pwr_DPSKPWR,7,M,8-DH5,15,0,1200,Pass,3,210,,8.809
tx_pwr_DPSKPWR,0,M,8-HDRP,15,0,1200,Pass,3,210,,12.193
tx_pwr_DPSKPWR,1,M,8-HDRP,15,1,1200,Pass,3,210,,10.189
tx_pwr_DPSKPWR,2,M,8-HDRP,15,0,1200,Pass,3,210,,9.955
tx_pwr_DPSKPWR,4,M,8-HDRP,15,0,1200,Pass,3,210,,9.435
tx_pwr_DPSKPWR,5,M,8-HDRP,15,0,1200,Pass,3,210,,9.12
tx_pwr_DPSKPWR,6,M,8-HDRP,15,0,1200,Pass,3,210,,8.806
tx_pwr_DPSKPWR,7,M,8-HDRP,15,0,1200,Pass,3,210,,8.51
tx_pwr_avg,0,M,DH5,15,0,1200,Pass,3,240,,14.939
tx_pwr_avg,1,M,DH5,15,1,1200,Pass,3,240,,14.817
tx_pwr_avg,2,M,DH5,15,0,1200,Pass,3,240,,14.137
tx_pwr_avg,4,M,DH5,15,0,1200,Pass,3,240,,13.774
tx_pwr_avg,5,M,DH5,15,0,1200,Pass,3,240,,13.389
tx_pwr_avg,6,M,DH5,15,0,1200,Pass,3,240,,13.058
tx_pwr_avg,7,M,DH5,15,0,1200,Pass,3,240,,12.924
tx_pwr_DPSKPWR,0,M,8-DH5,15,0,1200,Pass,3,240,,12.096
tx_pwr_DPSKPWR,1,M,8-DH5,15,1,1200,Pass,3,240,,12.026
tx_pwr_DPSKPWR,2,M,8-DH5,15,0,1200,Pass,3,240,,11.323
tx_pwr_DPSKPWR,4,M,8-DH5,15,0,1200,Pass,3,240,,10.919
tx_pwr_DPSKPWR,5,M,8-DH5,15,0,1200,Pass,3,240,,10.491
tx_pwr_DPSKPWR,6,M,8-DH5,15,0,1200,Pass,3,240,,10.119
tx_pwr_DPSKPWR,7,M,8-DH5,15,0,1200,Pass,3,240,,9.969
tx_pwr_DPSKPWR,0,M,8-HDRP,15,0,1200,Pass,3,240,,11.721
tx_pwr_DPSKPWR,1,M,8-HDRP,15,1,1200,Pass,3,240,,11.696
tx_pwr_DPSKPWR,2,M,8-HDRP,15,0,1200,Pass,3,240,,10.997
tx_pwr_DPSKPWR,4,M,8-HDRP,15,0,1200,Pass,3,240,,10.607
tx_pwr_DPSKPWR,5,M,8-HDRP,15,0,1200,Pass,3,240,,10.16
tx_pwr_DPSKPWR,6,M,8-HDRP,15,0,1200,Pass,3,240,,9.772
tx_pwr_DPSKPWR,7,M,8-HDRP,15,0,1200,Pass,3,240,,9.612
tx_pwr_avg,0,M,DH5,15,0,1200,Pass,3,270,,14.31
tx_pwr_avg,1,M,DH5,15,1,1200,Pass,3,270,,13.965
tx_pwr_avg,2,M,DH5,15,0,1200,Pass,3,270,,14.383
tx_pwr_avg,4,M,DH5,15,0,1200,Pass,3,270,,14.207
tx_pwr_avg,5,M,DH5,15,0,1200,Pass,3,270,,13.959
tx_pwr_avg,6,M,DH5,15,0,1200,Pass,3,270,,13.741
tx_pwr_avg,7,M,DH5,15,0,1200,Pass,3,270,,13.698
tx_pwr_DPSKPWR,0,M,8-DH5,15,0,1200,Pass,3,270,,11.38
tx_pwr_DPSKPWR,1,M,8-DH5,15,1,1200,Pass,3,270,,11.027
tx_pwr_DPSKPWR,2,M,8-DH5,15,0,1200,Pass,3,270,,11.507
tx_pwr_DPSKPWR,4,M,8-DH5,15,0,1200,Pass,3,270,,11.305
tx_pwr_DPSKPWR,5,M,8-DH5,15,0,1200,Pass,3,270,,11.026
tx_pwr_DPSKPWR,6,M,8-DH5,15,0,1200,Pass,3,270,,10.833
tx_pwr_DPSKPWR,7,M,8-DH5,15,0,1200,Pass,3,270,,10.77
tx_pwr_DPSKPWR,0,M,8-HDRP,15,0,1200,Pass,3,270,,11.034
tx_pwr_DPSKPWR,1,M,8-HDRP,15,1,1200,Pass,3,270,,10.675
tx_pwr_DPSKPWR,2,M,8-HDRP,15,0,1200,Pass,3,270,,11.177
tx_pwr_DPSKPWR,4,M,8-HDRP,15,0,1200,Pass,3,270,,10.999
tx_pwr_DPSKPWR,5,M,8-HDRP,15,0,1200,Pass,3,270,,10.745
tx_pwr_DPSKPWR,6,M,8-HDRP,15,0,1200,Pass,3,270,,10.515
tx_pwr_DPSKPWR,7,M,8-HDRP,15,0,1200,Pass,3,270,,10.468
tx_pwr_avg,0,M,DH5,15,0,1200,Pass,3,300,,13.624
tx_pwr_avg,1,M,DH5,15,1,1200,Pass,3,300,,13.309
tx_pwr_avg,2,M,DH5,15,0,1200,Pass,3,300,,13.518
tx_pwr_avg,4,M,DH5,15,0,1200,Pass,3,300,,13.159
tx_pwr_avg,5,M,DH5,15,0,1200,Pass,3,300,,12.9
tx_pwr_avg,6,M,DH5,15,0,1200,Pass,3,300,,12.617
tx_pwr_avg,7,M,DH5,15,0,1200,Pass,3,300,,12.387
tx_pwr_DPSKPWR,0,M,8-DH5,15,0,1200,Pass,3,300,,10.642
tx_pwr_DPSKPWR,1,M,8-DH5,15,1,1200,Pass,3,300,,10.402
tx_pwr_DPSKPWR,2,M,8-DH5,15,0,1200,Pass,3,300,,10.605
tx_pwr_DPSKPWR,4,M,8-DH5,15,0,1200,Pass,3,300,,10.255
tx_pwr_DPSKPWR,5,M,8-DH5,15,0,1200,Pass,3,300,,9.956
tx_pwr_DPSKPWR,6,M,8-DH5,15,0,1200,Pass,3,300,,9.679
tx_pwr_DPSKPWR,7,M,8-DH5,15,0,1200,Pass,3,300,,9.438
tx_pwr_DPSKPWR,0,M,8-HDRP,15,0,1200,Pass,3,300,,10.292
tx_pwr_DPSKPWR,1,M,8-HDRP,15,1,1200,Pass,3,300,,10.084
tx_pwr_DPSKPWR,2,M,8-HDRP,15,0,1200,Pass,3,300,,10.249
tx_pwr_DPSKPWR,4,M,8-HDRP,15,0,1200,Pass,3,300,,9.86
tx_pwr_DPSKPWR,5,M,8-HDRP,15,0,1200,Pass,3,300,,9.572
tx_pwr_DPSKPWR,6,M,8-HDRP,15,0,1200,Pass,3,300,,9.315
tx_pwr_DPSKPWR,7,M,8-HDRP,15,0,1200,Pass,3,300,,9.033
tx_pwr_avg,0,M,DH5,15,0,1200,Pass,3,330,,13.197
tx_pwr_avg,1,M,DH5,15,1,1200,Pass,3,330,,12.392
tx_pwr_avg,2,M,DH5,15,0,1200,Pass,3,330,,13.64
tx_pwr_avg,4,M,DH5,15,0,1200,Pass,3,330,,13.393
tx_pwr_avg,5,M,DH5,15,0,1200,Pass,3,330,,13.204
tx_pwr_avg,6,M,DH5,15,0,1200,Pass,3,330,,13.182
tx_pwr_avg,7,M,DH5,15,0,1200,Pass,3,330,,13.077
tx_pwr_DPSKPWR,0,M,8-DH5,15,0,1200,Pass,3,330,,10.271
tx_pwr_DPSKPWR,1,M,8-DH5,15,1,1200,Pass,3,330,,9.532
tx_pwr_DPSKPWR,2,M,8-DH5,15,0,1200,Pass,3,330,,10.803
tx_pwr_DPSKPWR,4,M,8-DH5,15,0,1200,Pass,3,330,,10.588
tx_pwr_DPSKPWR,5,M,8-DH5,15,0,1200,Pass,3,330,,10.436
tx_pwr_DPSKPWR,6,M,8-DH5,15,0,1200,Pass,3,330,,10.318
tx_pwr_DPSKPWR,7,M,8-DH5,15,0,1200,Pass,3,330,,10.249
tx_pwr_DPSKPWR,0,M,8-HDRP,15,0,1200,Pass,3,330,,9.927
tx_pwr_DPSKPWR,1,M,8-HDRP,15,1,1200,Pass,3,330,,9.187
tx_pwr_DPSKPWR,2,M,8-HDRP,15,0,1200,Pass,3,330,,10.451
tx_pwr_DPSKPWR,4,M,8-HDRP,15,0,1200,Pass,3,330,,10.263
tx_pwr_DPSKPWR,5,M,8-HDRP,15,0,1200,Pass,3,330,,10.102
tx_pwr_DPSKPWR,6,M,8-HDRP,15,0,1200,Pass,3,330,,9.983
tx_pwr_DPSKPWR,7,M,8-HDRP,15,0,1200,Pass,3,330,,9.898
tx_pwr_avg,0,M,DH5,15,0,730,Pass,1,0,,9.215
tx_pwr_avg,1,M,DH5,15,1,730,Pass,1,0,,8.55
tx_pwr_avg,2,M,DH5,15,0,730,Pass,1,0,,8.403
tx_pwr_avg,4,M,DH5,15,0,730,Pass,1,0,,8.029
tx_pwr_avg,5,M,DH5,15,0,730,Pass,1,0,,7.642
tx_pwr_avg,6,M,DH5,15,0,730,Pass,1,0,,7.314
tx_pwr_avg,7,M,DH5,15,0,730,Pass,1,0,,6.981
tx_pwr_DPSKPWR,0,M,8-DH5,15,0,730,Pass,1,0,,6.173
tx_pwr_DPSKPWR,1,M,8-DH5,15,1,730,Pass,1,0,,5.744
tx_pwr_DPSKPWR,2,M,8-DH5,15,0,730,Pass,1,0,,5.571
tx_pwr_DPSKPWR,4,M,8-DH5,15,0,730,Pass,1,0,,5.188
tx_pwr_DPSKPWR,5,M,8-DH5,15,0,730,Pass,1,0,,4.795
tx_pwr_DPSKPWR,6,M,8-DH5,15,0,730,Pass,1,0,,4.454
tx_pwr_DPSKPWR,7,M,8-DH5,15,0,730,Pass,1,0,,4.107
tx_pwr_DPSKPWR,0,M,8-HDRP,15,0,730,Pass,1,0,,5.856
tx_pwr_DPSKPWR,1,M,8-HDRP,15,1,730,Pass,1,0,,5.388
tx_pwr_DPSKPWR,2,M,8-HDRP,15,0,730,Pass,1,0,,5.24
tx_pwr_DPSKPWR,4,M,8-HDRP,15,0,730,Pass,1,0,,4.873
tx_pwr_DPSKPWR,5,M,8-HDRP,15,0,730,Pass,1,0,,4.469
tx_pwr_DPSKPWR,6,M,8-HDRP,15,0,730,Pass,1,0,,4.124
tx_pwr_DPSKPWR,7,M,8-HDRP,15,0,730,Pass,1,0,,3.757
tx_pwr_avg,0,M,DH5,15,0,730,Pass,2,0,,8.525
tx_pwr_avg,1,M,DH5,15,1,730,Pass,2,0,,7.527
tx_pwr_avg,2,M,DH5,15,0,730,Pass,2,0,,8.468
tx_pwr_avg,4,M,DH5,15,0,730,Pass,2,0,,8.257
tx_pwr_avg,5,M,DH5,15,0,730,Pass,2,0,,8.036
tx_pwr_avg,6,M,DH5,15,0,730,Pass,2,0,,7.779
tx_pwr_avg,7,M,DH5,15,0,730,Pass,2,0,,7.496
tx_pwr_DPSKPWR,0,M,8-DH5,15,0,730,Pass,2,0,,5.453
tx_pwr_DPSKPWR,1,M,8-DH5,15,1,730,Pass,2,0,,4.622
tx_pwr_DPSKPWR,2,M,8-DH5,15,0,730,Pass,2,0,,5.584
tx_pwr_DPSKPWR,4,M,8-DH5,15,0,730,Pass,2,0,,5.375
tx_pwr_DPSKPWR,5,M,8-DH5,15,0,730,Pass,2,0,,5.15
tx_pwr_DPSKPWR,6,M,8-DH5,15,0,730,Pass,2,0,,4.865
tx_pwr_DPSKPWR,7,M,8-DH5,15,0,730,Pass,2,0,,4.599
tx_pwr_DPSKPWR,0,M,8-HDRP,15,0,730,Pass,2,0,,5.085
tx_pwr_DPSKPWR,1,M,8-HDRP,15,1,730,Pass,2,0,,4.328
tx_pwr_DPSKPWR,2,M,8-HDRP,15,0,730,Pass,2,0,,5.263
tx_pwr_DPSKPWR,4,M,8-HDRP,15,0,730,Pass,2,0,,5.055
tx_pwr_DPSKPWR,5,M,8-HDRP,15,0,730,Pass,2,0,,4.841
tx_pwr_DPSKPWR,6,M,8-HDRP,15,0,730,Pass,2,0,,4.549
tx_pwr_DPSKPWR,7,M,8-HDRP,15,0,730,Pass,2,0,,4.316
tx_pwr_avg,0,M,DH5,15,0,730,Pass,2,30,,8.531
tx_pwr_avg,1,M,DH5,15,1,730,Pass,2,30,,7.513
tx_pwr_avg,2,M,DH5,15,0,730,Pass,2,30,,8.121
tx_pwr_avg,4,M,DH5,15,0,730,Pass,2,30,,7.877
tx_pwr_avg,5,M,DH5,15,0,730,Pass,2,30,,7.567
tx_pwr_avg,6,M,DH5,15,0,730,Pass,2,30,,7.26
tx_pwr_avg,7,M,DH5,15,0,730,Pass,2,30,,6.892
tx_pwr_DPSKPWR,0,M,8-DH5,15,0,730,Pass,2,30,,5.506
tx_pwr_DPSKPWR,1,M,8-DH5,15,1,730,Pass,2,30,,4.626
tx_pwr_DPSKPWR,2,M,8-DH5,15,0,730,Pass,2,30,,5.217
tx_pwr_DPSKPWR,4,M,8-DH5,15,0,730,Pass,2,30,,4.966
tx_pwr_DPSKPWR,5,M,8-DH5,15,0,730,Pass,2,30,,4.656
tx_pwr_DPSKPWR,6,M,8-DH5,15,0,730,Pass,2,30,,4.348
tx_pwr_DPSKPWR,7,M,8-DH5,15,0,730,Pass,2,30,,3.964
tx_pwr_DPSKPWR,0,M,8-HDRP,15,0,730,Pass,2,30,,5.202
tx_pwr_DPSKPWR,1,M,8-HDRP,15,1,730,Pass,2,30,,4.3
tx_pwr_DPSKPWR,2,M,8-HDRP,15,0,730,Pass,2,30,,4.906
tx_pwr_DPSKPWR,4,M,8-HDRP,15,0,730,Pass,2,30,,4.639
tx_pwr_DPSKPWR,5,M,8-HDRP,15,0,730,Pass,2,30,,4.322
tx_pwr_DPSKPWR,6,M,8-HDRP,15,0,730,Pass,2,30,,4.041
tx_pwr_DPSKPWR,7,M,8-HDRP,15,0,730,Pass,2,30,,3.66
tx_pwr_avg,0,M,DH5,15,0,730,Pass,2,60,,8.715
tx_pwr_avg,1,M,DH5,15,1,730,Pass,2,60,,7.705
tx_pwr_avg,2,M,DH5,15,0,730,Pass,2,60,,7.894
tx_pwr_avg,4,M,DH5,15,0,730,Pass,2,60,,7.543
tx_pwr_avg,5,M,DH5,15,0,730,Pass,2,60,,7.178
tx_pwr_avg,6,M,DH5,15,0,730,Pass,2,60,,6.789
tx_pwr_avg,7,M,DH5,15,0,730,Pass,2,60,,6.395
tx_pwr_DPSKPWR,0,M,8-DH5,15,0,730,Pass,2,60,,5.707
tx_pwr_DPSKPWR,1,M,8-DH5,15,1,730,Pass,2,60,,4.829
tx_pwr_DPSKPWR,2,M,8-DH5,15,0,730,Pass,2,60,,5.006
tx_pwr_DPSKPWR,4,M,8-DH5,15,0,730,Pass,2,60,,4.614
tx_pwr_DPSKPWR,5,M,8-DH5,15,0,730,Pass,2,60,,4.237
tx_pwr_DPSKPWR,6,M,8-DH5,15,0,730,Pass,2,60,,3.85
tx_pwr_DPSKPWR,7,M,8-DH5,15,0,730,Pass,2,60,,3.444
tx_pwr_DPSKPWR,0,M,8-HDRP,15,0,730,Pass,2,60,,5.415
tx_pwr_DPSKPWR,1,M,8-HDRP,15,1,730,Pass,2,60,,4.458
tx_pwr_DPSKPWR,2,M,8-HDRP,15,0,730,Pass,2,60,,4.655
tx_pwr_DPSKPWR,4,M,8-HDRP,15,0,730,Pass,2,60,,4.254
tx_pwr_DPSKPWR,5,M,8-HDRP,15,0,730,Pass,2,60,,3.886
tx_pwr_DPSKPWR,6,M,8-HDRP,15,0,730,Pass,2,60,,3.482
tx_pwr_DPSKPWR,7,M,8-HDRP,15,0,730,Pass,2,60,,3.07
tx_pwr_avg,0,M,DH5,15,0,730,Pass,2,90,,9.032
tx_pwr_avg,1,M,DH5,15,1,730,Pass,2,90,,8.11
tx_pwr_avg,2,M,DH5,15,0,730,Pass,2,90,,7.715
tx_pwr_avg,4,M,DH5,15,0,730,Pass,2,90,,7.254
tx_pwr_avg,5,M,DH5,15,0,730,Pass,2,90,,6.847
tx_pwr_avg,6,M,DH5,15,0,730,Pass,2,90,,6.435
tx_pwr_avg,7,M,DH5,15,0,730,Pass,2,90,,5.959
tx_pwr_DPSKPWR,0,M,8-DH5,15,0,730,Pass,2,90,,6.067
tx_pwr_DPSKPWR,1,M,8-DH5,15,1,730,Pass,2,90,,5.23
tx_pwr_DPSKPWR,2,M,8-DH5,15,0,730,Pass,2,90,,4.792
tx_pwr_DPSKPWR,4,M,8-DH5,15,0,730,Pass,2,90,,4.336
tx_pwr_DPSKPWR,5,M,8-DH5,15,0,730,Pass,2,90,,3.902
tx_pwr_DPSKPWR,6,M,8-DH5,15,0,730,Pass,2,90,,3.48
tx_pwr_DPSKPWR,7,M,8-DH5,15,0,730,Pass,2,90,,3.01
tx_pwr_DPSKPWR,0,M,8-HDRP,15,0,730,Pass,2,90,,5.735
tx_pwr_DPSKPWR,1,M,8-HDRP,15,1,730,Pass,2,90,,4.872
tx_pwr_DPSKPWR,2,M,8-HDRP,15,0,730,Pass,2,90,,4.456
tx_pwr_DPSKPWR,4,M,8-HDRP,15,0,730,Pass,2,90,,4.024
tx_pwr_DPSKPWR,5,M,8-HDRP,15,0,730,Pass,2,90,,3.598
tx_pwr_DPSKPWR,6,M,8-HDRP,15,0,730,Pass,2,90,,3.174
tx_pwr_DPSKPWR,7,M,8-HDRP,15,0,730,Pass,2,90,,2.753
tx_pwr_avg,0,M,DH5,15,0,730,Pass,2,120,,9.426
tx_pwr_avg,1,M,DH5,15,1,730,Pass,2,120,,8.71
tx_pwr_avg,2,M,DH5,15,0,730,Pass,2,120,,7.855
tx_pwr_avg,4,M,DH5,15,0,730,Pass,2,120,,7.353
tx_pwr_avg,5,M,DH5,15,0,730,Pass,2,120,,6.911
tx_pwr_avg,6,M,DH5,15,0,730,Pass,2,120,,6.434
tx_pwr_avg,7,M,DH5,15,0,730,Pass,2,120,,5.947
tx_pwr_DPSKPWR,0,M,8-DH5,15,0,730,Pass,2,120,,6.442
tx_pwr_DPSKPWR,1,M,8-DH5,15,1,730,Pass,2,120,,5.855
tx_pwr_DPSKPWR,2,M,8-DH5,15,0,730,Pass,2,120,,4.973
tx_pwr_DPSKPWR,4,M,8-DH5,15,0,730,Pass,2,120,,4.448
tx_pwr_DPSKPWR,5,M,8-DH5,15,0,730,Pass,2,120,,3.985
tx_pwr_DPSKPWR,6,M,8-DH5,15,0,730,Pass,2,120,,3.511
tx_pwr_DPSKPWR,7,M,8-DH5,15,0,730,Pass,2,120,,3.013
tx_pwr_DPSKPWR,0,M,8-HDRP,15,0,730,Pass,2,120,,6.1
tx_pwr_DPSKPWR,1,M,8-HDRP,15,1,730,Pass,2,120,,5.529
tx_pwr_DPSKPWR,2,M,8-HDRP,15,0,730,Pass,2,120,,4.665
tx_pwr_DPSKPWR,4,M,8-HDRP,15,0,730,Pass,2,120,,4.153
tx_pwr_DPSKPWR,5,M,8-HDRP,15,0,730,Pass,2,120,,3.678
tx_pwr_DPSKPWR,6,M,8-HDRP,15,0,730,Pass,2,120,,3.164
tx_pwr_DPSKPWR,7,M,8-HDRP,15,0,730,Pass,2,120,,2.661
tx_pwr_avg,0,M,DH5,15,0,730,Pass,2,150,,9.461
tx_pwr_avg,1,M,DH5,15,1,730,Pass,2,150,,9.306
tx_pwr_avg,2,M,DH5,15,0,730,Pass,2,150,,8.081
tx_pwr_avg,4,M,DH5,15,0,730,Pass,2,150,,7.574
tx_pwr_avg,5,M,DH5,15,0,730,Pass,2,150,,7.082
tx_pwr_avg,6,M,DH5,15,0,730,Pass,2,150,,6.599
tx_pwr_avg,7,M,DH5,15,0,730,Pass,2,150,,6.123
tx_pwr_DPSKPWR,0,M,8-DH5,15,0,730,Pass,2,150,,6.47
tx_pwr_DPSKPWR,1,M,8-DH5,15,1,730,Pass,2,150,,6.435
tx_pwr_DPSKPWR,2,M,8-DH5,15,0,730,Pass,2,150,,5.195
tx_pwr_DPSKPWR,4,M,8-DH5,15,0,730,Pass,2,150,,4.661
tx_pwr_DPSKPWR,5,M,8-DH5,15,0,730,Pass,2,150,,4.165
tx_pwr_DPSKPWR,6,M,8-DH5,15,0,730,Pass,2,150,,3.667
tx_pwr_DPSKPWR,7,M,8-DH5,15,0,730,Pass,2,150,,3.173
tx_pwr_DPSKPWR,0,M,8-HDRP,15,0,730,Pass,2,150,,6.143
tx_pwr_DPSKPWR,1,M,8-HDRP,15,1,730,Pass,2,150,,6.112
tx_pwr_DPSKPWR,2,M,8-HDRP,15,0,730,Pass,2,150,,4.881
tx_pwr_DPSKPWR,4,M,8-HDRP,15,0,730,Pass,2,150,,4.34
tx_pwr_DPSKPWR,5,M,8-HDRP,15,0,730,Pass,2,150,,3.837
tx_pwr_DPSKPWR,6,M,8-HDRP,15,0,730,Pass,2,150,,3.334
tx_pwr_DPSKPWR,7,M,8-HDRP,15,0,730,Pass,2,150,,2.836
tx_pwr_avg,0,M,DH5,15,0,730,Pass,2,180,,10.069
tx_pwr_avg,1,M,DH5,15,1,730,Pass,2,180,,9.747
tx_pwr_avg,2,M,DH5,15,0,730,Pass,2,180,,8.461
tx_pwr_avg,4,M,DH5,15,0,730,Pass,2,180,,7.929
tx_pwr_avg,5,M,DH5,15,0,730,Pass,2,180,,7.469
tx_pwr_avg,6,M,DH5,15,0,730,Pass,2,180,,6.956
tx_pwr_avg,7,M,DH5,15,0,730,Pass,2,180,,6.523
tx_pwr_DPSKPWR,0,M,8-DH5,15,0,730,Pass,2,180,,7.053
tx_pwr_DPSKPWR,1,M,8-DH5,15,1,730,Pass,2,180,,6.888
tx_pwr_DPSKPWR,2,M,8-DH5,15,0,730,Pass,2,180,,5.601
tx_pwr_DPSKPWR,4,M,8-DH5,15,0,730,Pass,2,180,,5.046
tx_pwr_DPSKPWR,5,M,8-DH5,15,0,730,Pass,2,180,,4.577
tx_pwr_DPSKPWR,6,M,8-DH5,15,0,730,Pass,2,180,,4.052
tx_pwr_DPSKPWR,7,M,8-DH5,15,0,730,Pass,2,180,,3.606
tx_pwr_DPSKPWR,0,M,8-HDRP,15,0,730,Pass,2,180,,6.719
tx_pwr_DPSKPWR,1,M,8-HDRP,15,1,730,Pass,2,180,,6.553
tx_pwr_DPSKPWR,2,M,8-HDRP,15,0,730,Pass,2,180,,5.254
tx_pwr_DPSKPWR,4,M,8-HDRP,15,0,730,Pass,2,180,,4.715
tx_pwr_DPSKPWR,5,M,8-HDRP,15,0,730,Pass,2,180,,4.242
tx_pwr_DPSKPWR,6,M,8-HDRP,15,0,730,Pass,2,180,,3.714
tx_pwr_DPSKPWR,7,M,8-HDRP,15,0,730,Pass,2,180,,3.243
tx_pwr_avg,0,M,DH5,15,0,730,Pass,2,210,,10.133
tx_pwr_avg,1,M,DH5,15,1,730,Pass,2,210,,8.774
tx_pwr_avg,2,M,DH5,15,0,730,Pass,2,210,,8.537
tx_pwr_avg,4,M,DH5,15,0,730,Pass,2,210,,7.996
tx_pwr_avg,5,M,DH5,15,0,730,Pass,2,210,,7.682
tx_pwr_avg,6,M,DH5,15,0,730,Pass,2,210,,7.374
tx_pwr_avg,7,M,DH5,15,0,730,Pass,2,210,,7.08
tx_pwr_DPSKPWR,0,M,8-DH5,15,0,730,Pass,2,210,,7.1
tx_pwr_DPSKPWR,1,M,8-DH5,15,1,730,Pass,2,210,,5.883
tx_pwr_DPSKPWR,2,M,8-DH5,15,0,730,Pass,2,210,,5.592
tx_pwr_DPSKPWR,4,M,8-DH5,15,0,730,Pass,2,210,,5.062
tx_pwr_DPSKPWR,5,M,8-DH5,15,0,730,Pass,2,210,,4.734
tx_pwr_DPSKPWR,6,M,8-DH5,15,0,730,Pass,2,210,,4.413
tx_pwr_DPSKPWR,7,M,8-DH5,15,0,730,Pass,2,210,,4.102
tx_pwr_DPSKPWR,0,M,8-HDRP,15,0,730,Pass,2,210,,6.769
tx_pwr_DPSKPWR,1,M,8-HDRP,15,1,730,Pass,2,210,,5.546
tx_pwr_DPSKPWR,2,M,8-HDRP,15,0,730,Pass,2,210,,5.24
tx_pwr_DPSKPWR,4,M,8-HDRP,15,0,730,Pass,2,210,,4.737
tx_pwr_DPSKPWR,5,M,8-HDRP,15,0,730,Pass,2,210,,4.399
tx_pwr_DPSKPWR,6,M,8-HDRP,15,0,730,Pass,2,210,,4.069
tx_pwr_DPSKPWR,7,M,8-HDRP,15,0,730,Pass,2,210,,3.756
tx_pwr_avg,0,M,DH5,15,0,730,Pass,2,240,,9.873
tx_pwr_avg,1,M,DH5,15,1,730,Pass,2,240,,9.614
tx_pwr_avg,2,M,DH5,15,0,730,Pass,2,240,,9.154
tx_pwr_avg,4,M,DH5,15,0,730,Pass,2,240,,8.805
tx_pwr_avg,5,M,DH5,15,0,730,Pass,2,240,,8.407
tx_pwr_avg,6,M,DH5,15,0,730,Pass,2,240,,8.082
tx_pwr_avg,7,M,DH5,15,0,730,Pass,2,240,,7.859
tx_pwr_DPSKPWR,0,M,8-DH5,15,0,730,Pass,2,240,,6.786
tx_pwr_DPSKPWR,1,M,8-DH5,15,1,730,Pass,2,240,,6.68
tx_pwr_DPSKPWR,2,M,8-DH5,15,0,730,Pass,2,240,,6.334
tx_pwr_DPSKPWR,4,M,8-DH5,15,0,730,Pass,2,240,,5.964
tx_pwr_DPSKPWR,5,M,8-DH5,15,0,730,Pass,2,240,,5.527
tx_pwr_DPSKPWR,6,M,8-DH5,15,0,730,Pass,2,240,,5.217
tx_pwr_DPSKPWR,7,M,8-DH5,15,0,730,Pass,2,240,,4.989
tx_pwr_DPSKPWR,0,M,8-HDRP,15,0,730,Pass,2,240,,6.474
tx_pwr_DPSKPWR,1,M,8-HDRP,15,1,730,Pass,2,240,,6.419
tx_pwr_DPSKPWR,2,M,8-HDRP,15,0,730,Pass,2,240,,5.992
tx_pwr_DPSKPWR,4,M,8-HDRP,15,0,730,Pass,2,240,,5.628
tx_pwr_DPSKPWR,5,M,8-HDRP,15,0,730,Pass,2,240,,5.197
tx_pwr_DPSKPWR,6,M,8-HDRP,15,0,730,Pass,2,240,,4.879
tx_pwr_DPSKPWR,7,M,8-HDRP,15,0,730,Pass,2,240,,4.652
tx_pwr_avg,0,M,DH5,15,0,730,Pass,2,270,,9.413
tx_pwr_avg,1,M,DH5,15,1,730,Pass,2,270,,9.023
tx_pwr_avg,2,M,DH5,15,0,730,Pass,2,270,,9.252
tx_pwr_avg,4,M,DH5,15,0,730,Pass,2,270,,9.02
tx_pwr_avg,5,M,DH5,15,0,730,Pass,2,270,,8.688
tx_pwr_avg,6,M,DH5,15,0,730,Pass,2,270,,8.428
tx_pwr_avg,7,M,DH5,15,0,730,Pass,2,270,,8.253
tx_pwr_DPSKPWR,0,M,8-DH5,15,0,730,Pass,2,270,,6.404
tx_pwr_DPSKPWR,1,M,8-DH5,15,1,730,Pass,2,270,,6.104
tx_pwr_DPSKPWR,2,M,8-DH5,15,0,730,Pass,2,270,,6.35
tx_pwr_DPSKPWR,4,M,8-DH5,15,0,730,Pass,2,270,,6.117
tx_pwr_DPSKPWR,5,M,8-DH5,15,0,730,Pass,2,270,,5.772
tx_pwr_DPSKPWR,6,M,8-DH5,15,0,730,Pass,2,270,,5.549
tx_pwr_DPSKPWR,7,M,8-DH5,15,0,730,Pass,2,270,,5.361
tx_pwr_DPSKPWR,0,M,8-HDRP,15,0,730,Pass,2,270,,6.049
tx_pwr_DPSKPWR,1,M,8-HDRP,15,1,730,Pass,2,270,,5.75
tx_pwr_DPSKPWR,2,M,8-HDRP,15,0,730,Pass,2,270,,6.054
tx_pwr_DPSKPWR,4,M,8-HDRP,15,0,730,Pass,2,270,,5.802
tx_pwr_DPSKPWR,5,M,8-HDRP,15,0,730,Pass,2,270,,5.47
tx_pwr_DPSKPWR,6,M,8-HDRP,15,0,730,Pass,2,270,,5.196
tx_pwr_DPSKPWR,7,M,8-HDRP,15,0,730,Pass,2,270,,5.049
tx_pwr_avg,0,M,DH5,15,0,730,Pass,2,300,,8.985
tx_pwr_avg,1,M,DH5,15,1,730,Pass,2,300,,8.46
tx_pwr_avg,2,M,DH5,15,0,730,Pass,2,300,,9.246
tx_pwr_avg,4,M,DH5,15,0,730,Pass,2,300,,9.122
tx_pwr_avg,5,M,DH5,15,0,730,Pass,2,300,,8.849
tx_pwr_avg,6,M,DH5,15,0,730,Pass,2,300,,8.671
tx_pwr_avg,7,M,DH5,15,0,730,Pass,2,300,,8.445
tx_pwr_DPSKPWR,0,M,8-DH5,15,0,730,Pass,2,300,,5.977
tx_pwr_DPSKPWR,1,M,8-DH5,15,1,730,Pass,2,300,,5.537
tx_pwr_DPSKPWR,2,M,8-DH5,15,0,730,Pass,2,300,,6.366
tx_pwr_DPSKPWR,4,M,8-DH5,15,0,730,Pass,2,300,,6.237
tx_pwr_DPSKPWR,5,M,8-DH5,15,0,730,Pass,2,300,,5.973
tx_pwr_DPSKPWR,6,M,8-DH5,15,0,730,Pass,2,300,,5.799
tx_pwr_DPSKPWR,7,M,8-DH5,15,0,730,Pass,2,300,,5.551
tx_pwr_DPSKPWR,0,M,8-HDRP,15,0,730,Pass,2,300,,5.639
tx_pwr_DPSKPWR,1,M,8-HDRP,15,1,730,Pass,2,300,,5.168
tx_pwr_DPSKPWR,2,M,8-HDRP,15,0,730,Pass,2,300,,6.01
tx_pwr_DPSKPWR,4,M,8-HDRP,15,0,730,Pass,2,300,,5.882
tx_pwr_DPSKPWR,5,M,8-HDRP,15,0,730,Pass,2,300,,5.62
tx_pwr_DPSKPWR,6,M,8-HDRP,15,0,730,Pass,2,300,,5.453
tx_pwr_DPSKPWR,7,M,8-HDRP,15,0,730,Pass,2,300,,5.216
tx_pwr_avg,0,M,DH5,15,0,730,Pass,2,330,,8.711
tx_pwr_avg,1,M,DH5,15,1,730,Pass,2,330,,7.944
tx_pwr_avg,2,M,DH5,15,0,730,Pass,2,330,,8.962
tx_pwr_avg,4,M,DH5,15,0,730,Pass,2,330,,8.816
tx_pwr_avg,5,M,DH5,15,0,730,Pass,2,330,,8.64
tx_pwr_avg,6,M,DH5,15,0,730,Pass,2,330,,8.4
tx_pwr_avg,7,M,DH5,15,0,730,Pass,2,330,,8.132
tx_pwr_DPSKPWR,0,M,8-DH5,15,0,730,Pass,2,330,,5.696
tx_pwr_DPSKPWR,1,M,8-DH5,15,1,730,Pass,2,330,,5.034
tx_pwr_DPSKPWR,2,M,8-DH5,15,0,730,Pass,2,330,,6.047
tx_pwr_DPSKPWR,4,M,8-DH5,15,0,730,Pass,2,330,,5.902
tx_pwr_DPSKPWR,5,M,8-DH5,15,0,730,Pass,2,330,,5.698
tx_pwr_DPSKPWR,6,M,8-DH5,15,0,730,Pass,2,330,,5.494
tx_pwr_DPSKPWR,7,M,8-DH5,15,0,730,Pass,2,330,,5.218
tx_pwr_DPSKPWR,0,M,8-HDRP,15,0,730,Pass,2,330,,5.387
tx_pwr_DPSKPWR,1,M,8-HDRP,15,1,730,Pass,2,330,,4.762
tx_pwr_DPSKPWR,2,M,8-HDRP,15,0,730,Pass,2,330,,5.721
tx_pwr_DPSKPWR,4,M,8-HDRP,15,0,730,Pass,2,330,,5.584
tx_pwr_DPSKPWR,5,M,8-HDRP,15,0,730,Pass,2,330,,5.381
tx_pwr_DPSKPWR,6,M,8-HDRP,15,0,730,Pass,2,330,,5.175
tx_pwr_DPSKPWR,7,M,8-HDRP,15,0,730,Pass,2,330,,4.906
tx_pwr_avg,0,M,DH5,15,0,730,Pass,3,0,,8.217
tx_pwr_avg,1,M,DH5,15,1,730,Pass,3,0,,7.181
tx_pwr_avg,2,M,DH5,15,0,730,Pass,3,0,,8.556
tx_pwr_avg,4,M,DH5,15,0,730,Pass,3,0,,8.417
tx_pwr_avg,5,M,DH5,15,0,730,Pass,3,0,,8.29
tx_pwr_avg,6,M,DH5,15,0,730,Pass,3,0,,8.062
tx_pwr_avg,7,M,DH5,15,0,730,Pass,3,0,,7.783
tx_pwr_DPSKPWR,0,M,8-DH5,15,0,730,Pass,3,0,,5.222
tx_pwr_DPSKPWR,1,M,8-DH5,15,1,730,Pass,3,0,,4.259
tx_pwr_DPSKPWR,2,M,8-DH5,15,0,730,Pass,3,0,,5.624
tx_pwr_DPSKPWR,4,M,8-DH5,15,0,730,Pass,3,0,,5.489
tx_pwr_DPSKPWR,5,M,8-DH5,15,0,730,Pass,3,0,,5.321
tx_pwr_DPSKPWR,6,M,8-DH5,15,0,730,Pass,3,0,,5.078
tx_pwr_DPSKPWR,7,M,8-DH5,15,0,730,Pass,3,0,,4.766
tx_pwr_DPSKPWR,0,M,8-HDRP,15,0,730,Pass,3,0,,4.881
tx_pwr_DPSKPWR,1,M,8-HDRP,15,1,730,Pass,3,0,,3.884
tx_pwr_DPSKPWR,2,M,8-HDRP,15,0,730,Pass,3,0,,5.271
tx_pwr_DPSKPWR,4,M,8-HDRP,15,0,730,Pass,3,0,,5.127
tx_pwr_DPSKPWR,5,M,8-HDRP,15,0,730,Pass,3,0,,5.001
tx_pwr_DPSKPWR,6,M,8-HDRP,15,0,730,Pass,3,0,,4.756
tx_pwr_DPSKPWR,7,M,8-HDRP,15,0,730,Pass,3,0,,4.453
tx_pwr_avg,0,M,DH5,15,0,730,Pass,3,30,,8.202
tx_pwr_avg,1,M,DH5,15,1,730,Pass,3,30,,6.911
tx_pwr_avg,2,M,DH5,15,0,730,Pass,3,30,,7.945
tx_pwr_avg,4,M,DH5,15,0,730,Pass,3,30,,7.741
tx_pwr_avg,5,M,DH5,15,0,730,Pass,3,30,,7.397
tx_pwr_avg,6,M,DH5,15,0,730,Pass,3,30,,7.089
tx_pwr_avg,7,M,DH5,15,0,730,Pass,3,30,,6.712
tx_pwr_DPSKPWR,0,M,8-DH5,15,0,730,Pass,3,30,,5.233
tx_pwr_DPSKPWR,1,M,8-DH5,15,1,730,Pass,3,30,,4.106
tx_pwr_DPSKPWR,2,M,8-DH5,15,0,730,Pass,3,30,,5.032
tx_pwr_DPSKPWR,4,M,8-DH5,15,0,730,Pass,3,30,,4.825
tx_pwr_DPSKPWR,5,M,8-DH5,15,0,730,Pass,3,30,,4.502
tx_pwr_DPSKPWR,6,M,8-DH5,15,0,730,Pass,3,30,,4.185
tx_pwr_DPSKPWR,7,M,8-DH5,15,0,730,Pass,3,30,,3.792
tx_pwr_DPSKPWR,0,M,8-HDRP,15,0,730,Pass,3,30,,4.899
tx_pwr_DPSKPWR,1,M,8-HDRP,15,1,730,Pass,3,30,,3.729
tx_pwr_DPSKPWR,2,M,8-HDRP,15,0,730,Pass,3,30,,4.734
tx_pwr_DPSKPWR,4,M,8-HDRP,15,0,730,Pass,3,30,,4.509
tx_pwr_DPSKPWR,5,M,8-HDRP,15,0,730,Pass,3,30,,4.174
tx_pwr_DPSKPWR,6,M,8-HDRP,15,0,730,Pass,3,30,,3.868
tx_pwr_DPSKPWR,7,M,8-HDRP,15,0,730,Pass,3,30,,3.428
tx_pwr_avg,0,M,DH5,15,0,730,Pass,3,60,,8.485
tx_pwr_avg,1,M,DH5,15,1,730,Pass,3,60,,7.336
tx_pwr_avg,2,M,DH5,15,0,730,Pass,3,60,,7.55
tx_pwr_avg,4,M,DH5,15,0,730,Pass,3,60,,7.23
tx_pwr_avg,5,M,DH5,15,0,730,Pass,3,60,,6.848
tx_pwr_avg,6,M,DH5,15,0,730,Pass,3,60,,6.46
tx_pwr_avg,7,M,DH5,15,0,730,Pass,3,60,,5.978
tx_pwr_DPSKPWR,0,M,8-DH5,15,0,730,Pass,3,60,,5.515
tx_pwr_DPSKPWR,1,M,8-DH5,15,1,730,Pass,3,60,,4.348
tx_pwr_DPSKPWR,2,M,8-DH5,15,0,730,Pass,3,60,,4.625
tx_pwr_DPSKPWR,4,M,8-DH5,15,0,730,Pass,3,60,,4.226
tx_pwr_DPSKPWR,5,M,8-DH5,15,0,730,Pass,3,60,,3.875
tx_pwr_DPSKPWR,6,M,8-DH5,15,0,730,Pass,3,60,,3.498
tx_pwr_DPSKPWR,7,M,8-DH5,15,0,730,Pass,3,60,,3.024
tx_pwr_DPSKPWR,0,M,8-HDRP,15,0,730,Pass,3,60,,5.197
tx_pwr_DPSKPWR,1,M,8-HDRP,15,1,730,Pass,3,60,,4.075
tx_pwr_DPSKPWR,2,M,8-HDRP,15,0,730,Pass,3,60,,4.278
tx_pwr_DPSKPWR,4,M,8-HDRP,15,0,730,Pass,3,60,,3.902
tx_pwr_DPSKPWR,5,M,8-HDRP,15,0,730,Pass,3,60,,3.509
tx_pwr_DPSKPWR,6,M,8-HDRP,15,0,730,Pass,3,60,,3.141
tx_pwr_DPSKPWR,7,M,8-HDRP,15,0,730,Pass,3,60,,2.658
tx_pwr_avg,0,M,DH5,15,0,730,Pass,3,90,,8.897
tx_pwr_avg,1,M,DH5,15,1,730,Pass,3,90,,7.775
tx_pwr_avg,2,M,DH5,15,0,730,Pass,3,90,,7.387
tx_pwr_avg,4,M,DH5,15,0,730,Pass,3,90,,6.878
tx_pwr_avg,5,M,DH5,15,0,730,Pass,3,90,,6.465
tx_pwr_avg,6,M,DH5,15,0,730,Pass,3,90,,5.988
tx_pwr_avg,7,M,DH5,15,0,730,Pass,3,90,,5.481
tx_pwr_DPSKPWR,0,M,8-DH5,15,0,730,Pass,3,90,,5.938
tx_pwr_DPSKPWR,1,M,8-DH5,15,1,730,Pass,3,90,,4.926
tx_pwr_DPSKPWR,2,M,8-DH5,15,0,730,Pass,3,90,,4.479
tx_pwr_DPSKPWR,4,M,8-DH5,15,0,730,Pass,3,90,,3.98
tx_pwr_DPSKPWR,5,M,8-DH5,15,0,730,Pass,3,90,,3.545
tx_pwr_DPSKPWR,6,M,8-DH5,15,0,730,Pass,3,90,,3.075
tx_pwr_DPSKPWR,7,M,8-DH5,15,0,730,Pass,3,90,,2.548
tx_pwr_DPSKPWR,0,M,8-HDRP,15,0,730,Pass,3,90,,5.613
tx_pwr_DPSKPWR,1,M,8-HDRP,15,1,730,Pass,3,90,,4.64
tx_pwr_DPSKPWR,2,M,8-HDRP,15,0,730,Pass,3,90,,4.165
tx_pwr_DPSKPWR,4,M,8-HDRP,15,0,730,Pass,3,90,,3.676
tx_pwr_DPSKPWR,5,M,8-HDRP,15,0,730,Pass,3,90,,3.205
tx_pwr_DPSKPWR,6,M,8-HDRP,15,0,730,Pass,3,90,,2.743
tx_pwr_DPSKPWR,7,M,8-HDRP,15,0,730,Pass,3,90,,2.222
tx_pwr_avg,0,M,DH5,15,0,730,Pass,3,120,,9.435
tx_pwr_avg,1,M,DH5,15,1,730,Pass,3,120,,8.595
tx_pwr_avg,2,M,DH5,15,0,730,Pass,3,120,,7.532
tx_pwr_avg,4,M,DH5,15,0,730,Pass,3,120,,6.92
tx_pwr_avg,5,M,DH5,15,0,730,Pass,3,120,,6.439
tx_pwr_avg,6,M,DH5,15,0,730,Pass,3,120,,5.918
tx_pwr_avg,7,M,DH5,15,0,730,Pass,3,120,,5.347
tx_pwr_DPSKPWR,0,M,8-DH5,15,0,730,Pass,3,120,,6.452
tx_pwr_DPSKPWR,1,M,8-DH5,15,1,730,Pass,3,120,,5.77
tx_pwr_DPSKPWR,2,M,8-DH5,15,0,730,Pass,3,120,,4.627
tx_pwr_DPSKPWR,4,M,8-DH5,15,0,730,Pass,3,120,,4.071
tx_pwr_DPSKPWR,5,M,8-DH5,15,0,730,Pass,3,120,,3.532
tx_pwr_DPSKPWR,6,M,8-DH5,15,0,730,Pass,3,120,,2.997
tx_pwr_DPSKPWR,7,M,8-DH5,15,0,730,Pass,3,120,,2.426
tx_pwr_DPSKPWR,0,M,8-HDRP,15,0,730,Pass,3,120,,6.136
tx_pwr_DPSKPWR,1,M,8-HDRP,15,1,730,Pass,3,120,,5.437
tx_pwr_DPSKPWR,2,M,8-HDRP,15,0,730,Pass,3,120,,4.308
tx_pwr_DPSKPWR,4,M,8-HDRP,15,0,730,Pass,3,120,,3.714
tx_pwr_DPSKPWR,5,M,8-HDRP,15,0,730,Pass,3,120,,3.197
tx_pwr_DPSKPWR,6,M,8-HDRP,15,0,730,Pass,3,120,,2.645
tx_pwr_DPSKPWR,7,M,8-HDRP,15,0,730,Pass,3,120,,2.083
tx_pwr_avg,0,M,DH5,15,0,730,Pass,3,150,,10.033
tx_pwr_avg,1,M,DH5,15,1,730,Pass,3,150,,9.535
tx_pwr_avg,2,M,DH5,15,0,730,Pass,3,150,,7.958
tx_pwr_avg,4,M,DH5,15,0,730,Pass,3,150,,7.243
tx_pwr_avg,5,M,DH5,15,0,730,Pass,3,150,,6.713
tx_pwr_avg,6,M,DH5,15,0,730,Pass,3,150,,6.119
tx_pwr_avg,7,M,DH5,15,0,730,Pass,3,150,,5.594
tx_pwr_DPSKPWR,0,M,8-DH5,15,0,730,Fail,3,150,,6.976
tx_pwr_DPSKPWR,1,M,8-DH5,15,1,730,Pass,3,150,,6.697
tx_pwr_DPSKPWR,2,M,8-DH5,15,0,730,Pass,3,150,,5.078
tx_pwr_DPSKPWR,4,M,8-DH5,15,0,730,Pass,3,150,,4.366
tx_pwr_DPSKPWR,5,M,8-DH5,15,0,730,Pass,3,150,,3.795
tx_pwr_DPSKPWR,6,M,8-DH5,15,0,730,Pass,3,150,,3.172
tx_pwr_DPSKPWR,7,M,8-DH5,15,0,730,Pass,3,150,,2.636
tx_pwr_DPSKPWR,0,M,8-HDRP,15,0,730,Pass,3,150,,6.703
tx_pwr_DPSKPWR,1,M,8-HDRP,15,1,730,Pass,3,150,,6.366
tx_pwr_DPSKPWR,2,M,8-HDRP,15,0,730,Pass,3,150,,4.715
tx_pwr_DPSKPWR,4,M,8-HDRP,15,0,730,Pass,3,150,,4.017
tx_pwr_DPSKPWR,5,M,8-HDRP,15,0,730,Pass,3,150,,3.452
tx_pwr_DPSKPWR,6,M,8-HDRP,15,0,730,Pass,3,150,,2.854
tx_pwr_DPSKPWR,7,M,8-HDRP,15,0,730,Pass,3,150,,2.303
tx_pwr_avg,0,M,DH5,15,0,730,Pass,3,180,,10.47
tx_pwr_avg,1,M,DH5,15,1,730,Pass,3,180,,10.275
tx_pwr_avg,2,M,DH5,15,0,730,Pass,3,180,,8.388
tx_pwr_avg,4,M,DH5,15,0,730,Pass,3,180,,7.74
tx_pwr_avg,5,M,DH5,15,0,730,Pass,3,180,,7.208
tx_pwr_avg,6,M,DH5,15,0,730,Pass,3,180,,6.614
tx_pwr_avg,7,M,DH5,15,0,730,Pass,3,180,,6.159
tx_pwr_DPSKPWR,0,M,8-DH5,15,0,730,Fail,3,180,,7.397
tx_pwr_DPSKPWR,1,M,8-DH5,15,1,730,Pass,3,180,,7.448
tx_pwr_DPSKPWR,2,M,8-DH5,15,0,730,Pass,3,180,,5.571
tx_pwr_DPSKPWR,4,M,8-DH5,15,0,730,Pass,3,180,,4.884
tx_pwr_DPSKPWR,5,M,8-DH5,15,0,730,Pass,3,180,,4.346
tx_pwr_DPSKPWR,6,M,8-DH5,15,0,730,Pass,3,180,,3.729
tx_pwr_DPSKPWR,7,M,8-DH5,15,0,730,Pass,3,180,,3.257
tx_pwr_DPSKPWR,0,M,8-HDRP,15,0,730,Pass,3,180,,7.108
tx_pwr_DPSKPWR,1,M,8-HDRP,15,1,730,Pass,3,180,,7.146
tx_pwr_DPSKPWR,2,M,8-HDRP,15,0,730,Pass,3,180,,5.302
tx_pwr_DPSKPWR,4,M,8-HDRP,15,0,730,Pass,3,180,,4.558
tx_pwr_DPSKPWR,5,M,8-HDRP,15,0,730,Pass,3,180,,4.011
tx_pwr_DPSKPWR,6,M,8-HDRP,15,0,730,Pass,3,180,,3.386
tx_pwr_DPSKPWR,7,M,8-HDRP,15,0,730,Pass,3,180,,2.911
tx_pwr_avg,0,M,DH5,15,0,730,Pass,3,210,,10.496
tx_pwr_avg,1,M,DH5,15,1,730,Pass,3,210,,8.73
tx_pwr_avg,2,M,DH5,15,0,730,Pass,3,210,,8.489
tx_pwr_avg,4,M,DH5,15,0,730,Pass,3,210,,7.969
tx_pwr_avg,5,M,DH5,15,0,730,Pass,3,210,,7.646
tx_pwr_avg,6,M,DH5,15,0,730,Pass,3,210,,7.335
tx_pwr_avg,7,M,DH5,15,0,730,Pass,3,210,,7.036
tx_pwr_DPSKPWR,0,M,8-DH5,15,0,730,Pass,3,210,,7.442
tx_pwr_DPSKPWR,1,M,8-DH5,15,1,730,Pass,3,210,,5.854
tx_pwr_DPSKPWR,2,M,8-DH5,15,0,730,Pass,3,210,,5.615
tx_pwr_DPSKPWR,4,M,8-DH5,15,0,730,Pass,3,210,,5.083
tx_pwr_DPSKPWR,5,M,8-DH5,15,0,730,Pass,3,210,,4.759
tx_pwr_DPSKPWR,6,M,8-DH5,15,0,730,Pass,3,210,,4.437
tx_pwr_DPSKPWR,7,M,8-DH5,15,0,730,Pass,3,210,,4.123
tx_pwr_DPSKPWR,0,M,8-HDRP,15,0,730,Pass,3,210,,7.14
tx_pwr_DPSKPWR,1,M,8-HDRP,15,1,730,Pass,3,210,,5.515
tx_pwr_DPSKPWR,2,M,8-HDRP,15,0,730,Pass,3,210,,5.304
tx_pwr_DPSKPWR,4,M,8-HDRP,15,0,730,Pass,3,210,,4.77
tx_pwr_DPSKPWR,5,M,8-HDRP,15,0,730,Pass,3,210,,4.43
tx_pwr_DPSKPWR,6,M,8-HDRP,15,0,730,Pass,3,210,,4.119
tx_pwr_DPSKPWR,7,M,8-HDRP,15,0,730,Pass,3,210,,3.811
tx_pwr_avg,0,M,DH5,15,0,730,Pass,3,240,,10.151
tx_pwr_avg,1,M,DH5,15,1,730,Pass,3,240,,10.133
tx_pwr_avg,2,M,DH5,15,0,730,Pass,3,240,,9.474
tx_pwr_avg,4,M,DH5,15,0,730,Pass,3,240,,9.099
tx_pwr_avg,5,M,DH5,15,0,730,Pass,3,240,,8.664
tx_pwr_avg,6,M,DH5,15,0,730,Pass,3,240,,8.306
tx_pwr_avg,7,M,DH5,15,0,730,Pass,3,240,,8.158
tx_pwr_DPSKPWR,0,M,8-DH5,15,0,730,Pass,3,240,,6.995
tx_pwr_DPSKPWR,1,M,8-DH5,15,1,730,Pass,3,240,,7.249
tx_pwr_DPSKPWR,2,M,8-DH5,15,0,730,Pass,3,240,,6.63
tx_pwr_DPSKPWR,4,M,8-DH5,15,0,730,Pass,3,240,,6.26
tx_pwr_DPSKPWR,5,M,8-DH5,15,0,730,Pass,3,240,,5.803
tx_pwr_DPSKPWR,6,M,8-DH5,15,0,730,Pass,3,240,,5.447
tx_pwr_DPSKPWR,7,M,8-DH5,15,0,730,Pass,3,240,,5.284
tx_pwr_DPSKPWR,0,M,8-HDRP,15,0,730,Pass,3,240,,6.712
tx_pwr_DPSKPWR,1,M,8-HDRP,15,1,730,Pass,3,240,,6.91
tx_pwr_DPSKPWR,2,M,8-HDRP,15,0,730,Pass,3,240,,6.316
tx_pwr_DPSKPWR,4,M,8-HDRP,15,0,730,Pass,3,240,,5.944
tx_pwr_DPSKPWR,5,M,8-HDRP,15,0,730,Pass,3,240,,5.5
tx_pwr_DPSKPWR,6,M,8-HDRP,15,0,730,Pass,3,240,,5.132
tx_pwr_DPSKPWR,7,M,8-HDRP,15,0,730,Pass,3,240,,4.995
tx_pwr_avg,0,M,DH5,15,0,730,Pass,3,270,,9.445
tx_pwr_avg,1,M,DH5,15,1,730,Pass,3,270,,9.174
tx_pwr_avg,2,M,DH5,15,0,730,Pass,3,270,,9.717
tx_pwr_avg,4,M,DH5,15,0,730,Pass,3,270,,9.544
tx_pwr_avg,5,M,DH5,15,0,730,Pass,3,270,,9.288
tx_pwr_avg,6,M,DH5,15,0,730,Pass,3,270,,9.082
tx_pwr_avg,7,M,DH5,15,0,730,Pass,3,270,,9.019
tx_pwr_DPSKPWR,0,M,8-DH5,15,0,730,Pass,3,270,,6.347
tx_pwr_DPSKPWR,1,M,8-DH5,15,1,730,Pass,3,270,,6.293
tx_pwr_DPSKPWR,2,M,8-DH5,15,0,730,Pass,3,270,,6.838
tx_pwr_DPSKPWR,4,M,8-DH5,15,0,730,Pass,3,270,,6.667
tx_pwr_DPSKPWR,5,M,8-DH5,15,0,730,Pass,3,270,,6.384
tx_pwr_DPSKPWR,6,M,8-DH5,15,0,730,Pass,3,270,,6.209
tx_pwr_DPSKPWR,7,M,8-DH5,15,0,730,Pass,3,270,,6.144
tx_pwr_DPSKPWR,0,M,8-HDRP,15,0,730,Pass,3,270,,6.054
tx_pwr_DPSKPWR,1,M,8-HDRP,15,1,730,Pass,3,270,,5.955
tx_pwr_DPSKPWR,2,M,8-HDRP,15,0,730,Pass,3,270,,6.555
tx_pwr_DPSKPWR,4,M,8-HDRP,15,0,730,Pass,3,270,,6.376
tx_pwr_DPSKPWR,5,M,8-HDRP,15,0,730,Pass,3,270,,6.097
tx_pwr_DPSKPWR,6,M,8-HDRP,15,0,730,Pass,3,270,,5.887
tx_pwr_DPSKPWR,7,M,8-HDRP,15,0,730,Pass,3,270,,5.808
tx_pwr_avg,0,M,DH5,15,0,730,Pass,3,300,,8.741
tx_pwr_avg,1,M,DH5,15,1,730,Pass,3,300,,8.552
tx_pwr_avg,2,M,DH5,15,0,730,Pass,3,300,,8.742
tx_pwr_avg,4,M,DH5,15,0,730,Pass,3,300,,8.369
tx_pwr_avg,5,M,DH5,15,0,730,Pass,3,300,,8.096
tx_pwr_avg,6,M,DH5,15,0,730,Pass,3,300,,7.81
tx_pwr_avg,7,M,DH5,15,0,730,Pass,3,300,,7.538
tx_pwr_DPSKPWR,0,M,8-DH5,15,0,730,Pass,3,300,,5.754
tx_pwr_DPSKPWR,1,M,8-DH5,15,1,730,Pass,3,300,,5.636
tx_pwr_DPSKPWR,2,M,8-DH5,15,0,730,Pass,3,300,,5.805
tx_pwr_DPSKPWR,4,M,8-DH5,15,0,730,Pass,3,300,,5.413
tx_pwr_DPSKPWR,5,M,8-DH5,15,0,730,Pass,3,300,,5.126
tx_pwr_DPSKPWR,6,M,8-DH5,15,0,730,Pass,3,300,,4.841
tx_pwr_DPSKPWR,7,M,8-DH5,15,0,730,Pass,3,300,,4.561
tx_pwr_DPSKPWR,0,M,8-HDRP,15,0,730,Pass,3,300,,5.434
tx_pwr_DPSKPWR,1,M,8-HDRP,15,1,730,Pass,3,300,,5.31
tx_pwr_DPSKPWR,2,M,8-HDRP,15,0,730,Pass,3,300,,5.496
tx_pwr_DPSKPWR,4,M,8-HDRP,15,0,730,Pass,3,300,,5.101
tx_pwr_DPSKPWR,5,M,8-HDRP,15,0,730,Pass,3,300,,4.794
tx_pwr_DPSKPWR,6,M,8-HDRP,15,0,730,Pass,3,300,,4.509
tx_pwr_DPSKPWR,7,M,8-HDRP,15,0,730,Pass,3,300,,4.225
tx_pwr_avg,0,M,DH5,15,0,730,Pass,3,330,,8.383
tx_pwr_avg,1,M,DH5,15,1,730,Pass,3,330,,7.68
tx_pwr_avg,2,M,DH5,15,0,730,Pass,3,330,,8.946
tx_pwr_avg,4,M,DH5,15,0,730,Pass,3,330,,8.753
tx_pwr_avg,5,M,DH5,15,0,730,Pass,3,330,,8.616
tx_pwr_avg,6,M,DH5,15,0,730,Pass,3,330,,8.488
tx_pwr_avg,7,M,DH5,15,0,730,Pass,3,330,,8.386
tx_pwr_DPSKPWR,0,M,8-DH5,15,0,730,Pass,3,330,,5.372
tx_pwr_DPSKPWR,1,M,8-DH5,15,1,730,Pass,3,330,,4.702
tx_pwr_DPSKPWR,2,M,8-DH5,15,0,730,Pass,3,330,,5.764
tx_pwr_DPSKPWR,4,M,8-DH5,15,0,730,Pass,3,330,,5.773
tx_pwr_DPSKPWR,5,M,8-DH5,15,0,730,Pass,3,330,,5.511
tx_pwr_DPSKPWR,6,M,8-DH5,15,0,730,Pass,3,330,,5.572
tx_pwr_DPSKPWR,7,M,8-DH5,15,0,730,Pass,3,330,,5.465
tx_pwr_DPSKPWR,0,M,8-HDRP,15,0,730,Pass,3,330,,5.011
tx_pwr_DPSKPWR,1,M,8-HDRP,15,1,730,Pass,3,330,,4.317
tx_pwr_DPSKPWR,2,M,8-HDRP,15,0,730,Pass,3,330,,5.576
tx_pwr_DPSKPWR,4,M,8-HDRP,15,0,730,Pass,3,330,,5.378
tx_pwr_DPSKPWR,5,M,8-HDRP,15,0,730,Pass,3,330,,5.192
tx_pwr_DPSKPWR,6,M,8-HDRP,15,0,730,Pass,3,330,,5.236
tx_pwr_DPSKPWR,7,M,8-HDRP,15,0,730,Pass,3,330,,5.169
